customer_id,signup_date,last_order_date,age,gender,country,membership_tier,total_orders,total_spend,churned
666434013,2024-07-05,23.08.2026,,unspecified,USA,Platinum,33,3510.52,FALSE
419539679,03-Jun-2026,,49,Female,IN,Bronze,0,0.0,Y
340237466,09/24/2025,2025-09-24,27,Female,usa,,2,69.52,1
916703017,2025-10-07,09/04/2026,20,f,Australia,bronze,6,494.05,No
906041147,2024-04-17,"June 28, 2026",48,F,U.K.,Gold,20,2256.8,No
872719933,2022-04-24,2026-07-12,71,MALE,United States,SILVER,8,901.71,No
923171281,2025-01-16,,26,Female,United States,Bronze,1,16.00 USD,yes
328233136,09/13/2023,,20,,Canada,Bronze,0,0.0,Y
939247598,01-Feb-2025,2025-10-11,28,Male,US,Bronze,1,48.73,Yes
603751740,2023-04-29,2026-08-29,34,F,United States,Silver,8,744.72,0
171169881,05/20/2024,2026/08/09,40,male,United States,Silver,18,$524.14,N
968241233,"January 23, 2022",2025-01-06,32,Male,US,Bronze,20,473.62,YES
322300677,2026-01-25,2026-01-25,44,,USA,Bronze,1,,Y
712493801,2022-08-24,2026-07-20,37,Female,United Kingdom,Bronze,3,85.85,no
364813456,2023-08-03,2026-08-01,33, Female,Mexico,Bronze,8,210.35,No
757958530,2020-04-09,2026/08/15,44,F,Australia,Silver,28,1318.39,No
456036641,"June 30, 2021",2026-08-22,48,Male ,usa,GLD,55,2837.79,0
938964666,2024-06-23,2026-03-01,35,Female,U.S.A.,silver,13,945.35,Y
583399211,27-Apr-2025,2026-08-21,49,female,U.S.A.,Bronze,8,471.64,No
987755944,17.06.2024,2026-08-20,65,MALE,United Kingdom,Bronze,5,252.46,no
337566226,02.03.2022,2026-07-04,36,female,United Kingdom,Bronze,6,221.71,N
264901422,09-Aug-2025,06.04.2026,72,femail,United States,Bronze,5,299.03,No
251952553,2024-11-11,2026-08-28,23,Female,Germany,Silver,15,720.12,No
266094593,19-Feb-2023,08/03/2026,32,female,India,Bronze,18,130.01,No
555955158,2025-08-15,,31,MALE,Canada,bronze,0,0.0,1
884905023,2023-05-06,2026-09-03,43,FEMALE,united states,Bronze,5,150.14,0
748748445,08/22/2024,2026-09-05,44,f,US,Silver,12,1024.01,No
625848734,11/25/2023,2025-05-19,49,N/A,Canada,brz,1,71.39,Y
834263192,29-Nov-2024,08/20/2026,35,F,United Kingdom,brz,8,332.67,No
367661352,2025-09-01,16-May-2026,49,female,germany,Bronze,7,130.87,no
523710770,04/19/2021,2026-05-07,52,male,Canada,Silver,11,1297.23,No
312903411,05/02/2021,07/23/2026,44,Female,U.S.A.,Silver,45,-1727.91,No
832879801,2023-04-05,2026-08-09,29,Female,Canada,Bronze,3,89.37,No
877396336,06-Feb-2022,2026/08/06,79,Female,US,Bronze,11,664.61,No
290955895,2026-08-09,09-Aug-2026,39,Male,UK,Bronze,3,254.91,Yes
624985865,06.02.2023,2026-08-23,32,Male,U.K.,gold,65,3685.33,No
800068674,2023-02-21,02-May-2026,62,Male,USA,Silver,10,964.49,No
331067546,01/11/2025,2026-08-31,55,Female,India,Silver,6,497.2,0
419103192,01/09/2026,2026-07-13,24,Male ,USA,BRONZE,1,66.2,No
146060177,"June 26, 2023",16.08.2026,23,Female,United Kingdom,Bronze,10,434.41,no
465370507,2023-04-21,2026-07-03,48,male,USA,BRONZE,13,478.49,No
119683472,01/15/2023,2026-08-18,62,female,India,SILVER,19,1055.87,N
886266480,2026-06-12,,40,Male,Canada,Bronze,0,0.0,Yes
985338742,"March 10, 2024",23.07.2026,30,Female,CA,Bronze,3,207.92,N
571590490,2021/11/10,2025-09-15,21,male,Canada,Bronze,7,219.63,yes
444951411,04/04/2024,2026-08-21,35,Male ,Australia,Gold,45,3863.83,No
915319687,2025-05-01,10/28/2025,54,Female,United States of America,brz,3,55.65,Yes
548238045,2023-04-08,09/04/2026,22,M,Canada,Bronze,2,,N
486236572,2024-02-01,2026-08-04,34,Other,USA,Bronze,16,491.89,N
697234254,05/02/2024,26-Aug-2026,47,Unspecified,United States,gold,32,1976.46,NO
554492333,2024/08/17,2026-09-01,64,Female,United States of America,silver,13,624.88,No
405780313,2024-03-05,2026/07/11,47,Female,USA,Bronze,9,290.37,No
102664652,2025-07-03,2025-07-03,29,Male,Australia,brz,1,16.84,Yes
857796344,2021-06-12,"August 21, 2026",?,male,united states,Platinum,59,4738.68,no
505248137,"May 21, 2023",2026-08-05,48,Female,India,silver,21,773.45,FALSE
717674738,2023-06-29,2026-08-14,65,Male,--,Silver,16,766.31,No
991235364,05/12/2023,08/09/2026,33,,CANADA,silver,30,625.09 USD,0
107643547,28.04.2025,,35,Female,United Kingdom,Bronze,0,0.0,Yes
591890918,2024-07-01,2025-08-14,53,MALE,USA,slv,7,594.17,Yes
513206740,2024-05-30,31-Jul-2026,25,F,US,Silver,14,873.38,No
842071018,04/25/2026,,40,Male,Brasil,Bronze,0,0.0,Yes
497315762,14-Sep-2021,2026-08-07,30,Male,United States,Silver,12,"$1,199.11",0
921505719,08-Jun-2023,2026/08/18,34,male,United States,brz,1,$39.72,No
704076962,05/15/2023,2026-07-26,,,USA,brz,2,142.69,No
179062841,2022-07-31,2026-08-16,37,m,USA,Silver,10,867.46,No
533329886,2024-10-20,2026-08-11,71,FEMALE,United States,Silver,5,592.11,N
587562857,"July 31, 2025",04.09.2025,49,Male,US,Bronze,2,101.47,Yes
425937422,28-May-2025,07/07/2026,22,Female,united states,Silver,27,1746.0,No
426922208,2024-08-30,2026-08-29,68,f,usa,  bronze ,1,35.4,0
161473670,2023-08-23,2026-06-23,38,female,CA,brz,6,147.02,no
991712063,2026/01/06,23.08.2026,77,Female,NULL,Silver,-19,,no
334340900,2021-03-27,"June 20, 2026",65,Female,United States of America,Silver,30,1037.67,No
725863073,2020-09-20,2026-06-09,41,male,United States,silver,43,1580.55,no
753189900,2026-03-05,05-Mar-2026,42,prefer not to say,United States,Bronze,2,,Yes
643358157,2023-04-06,2026-03-01,32,Male,U.K.,silver,12,565.1,Yes
148306771,2025-02-01,2026-03-01,62,Male,USA,brz,1,51.93,Yes
964269433,2023-03-15,2024-10-11,31,F,Germany,Bronze,2,341.75,Yes
795448648,08/13/2023,11-Aug-2026,51,Male,US,Silver,13,984.25,No
681673771,02/01/2024,2025-12-29,37,MALE,United States,Bronze,5,271.36,Yes
377106442,2025-07-09,2026-05-02,48,femail,Brazil,Silver,24,1145.77,No
964495955,"September 01, 2025",,65,Male,--,bronze,0,0.0,Yes
665306078,04/18/2024,2026/07/11,36,Female,United Kingdom,Gold,17,"$2,018.03",No
380289102,2023-11-29,08/09/2026,N/A, Female,U.S.A.,bronze,17,340.04,No
932649644,2026/04/14,,29,Female,United States,brz,1,35.41,Yes
613468580,2026-04-24,2026-04-24,43,O,Canada,bronze,1,48.27,Yes
936319178,12/07/2023,2026-08-02,50,Female,Brazil,Silver,30,1257.89,0
409878283,2022-05-14,2026/07/25,34,F,United States of America,Silver,9,714.11,0
647889389,2025-10-28,2026-08-16,34,male,IN,Bronze,2,-137.97,No
620784245,02-Oct-2025,2026/07/23,65,M,U.S.A.,Bronze,1,62.28,no
196447176,2020-05-14,"June 04, 2026",44,Male,U.K.,Plat,41,4267.46,No
701491342,2020-10-17,2026-02-11,62,Male,United States,silver,10,699.89,yes
172699275,07.05.2021,2026-08-22,58,U,Mexico,Gold,40,2605.72,No
233104977,16-Aug-2022,2026-05-23,48,M,usa,Silver,25,1453.67,No
938668224,"March 13, 2021",2026-03-11,27,Other,US,Bronze,5,466.97,N
383764427,2022-12-23,2026/08/09,46,female,United States,bronze,5,219.13,N
766988532,11/05/2024,2026-08-25,31,Female,Canada,Bronze,3,316.06,No
235757411,08-Mar-2022,2026-09-02,25,Male,India,Gold,37,3165.36,N
175387141,2022-10-06,08/03/2026,23,Female,U.S.A.,gold,71,3187.33,no
613468580,2026-04-24,2026-04-24,43,O,Canada,bronze,1,48.27,Yes
928269258,2025-03-08,08/09/2025,43,male,United States,BRONZE,8,341.04,Yes
830974200,2021-05-05,,74,F,US,bronze,0,0.0,
290083084,07/04/2021,2026-07-15,34,MALE,usa,GLD,18,"$2,226.62",No
466597443,"January 08, 2026",2026-07-08,32,M,CANADA,Silver,31,749.22,FALSE
932843079,2023-01-09,2026-07-31,29,Female,United States,Gold,31,1679.89,no
318285746,2023/06/08,07/20/2025,54,M,Canada,silver,4,810.97,Yes
710772917,2022-01-07,"August 22, 2026",58,Female,United States of America,Silver,11,,NO
414434630,2025-08-10,"August 01, 2026",38,Male,USA,Silver,11,685.26,no
960072432,06/08/2023,2026-07-22,57,Unspecified,usa,Bronze,6,299.4,No
425869614,2025-01-07,30.07.2026,38,f,United States,Silver,4,611.89,No
757726223,2025-07-24,2025-07-24,35,Male,Germany,Bronze,3,67.05,yes
188608285,21.08.2025,2026-02-20,59,Female,US,Bronze,2,292.55,Y
379750301,2023-06-11,"August 14, 2026",56,femail,United States,Silver,10,1013.56,0
880995263,2025-02-19,,27,MALE,Canada,Bronze,0,0.0,Yes
787169596,2024-09-15,,42,Male,mexico,Bronze,0,0.0,1
100986235,2024-08-28,08/14/2026,48,Male,United States,Bronze,6,242.37,No
829759299,13.08.2021,20-Jul-2026,38,FEMALE,USA,Silver,29,1320.49,0
794359412,2022-07-10,08/14/2026,40,female,United States,Silver,11,835.83,No
315961026,2024-12-25,2026-03-01,57,Male,United States,Bronze,1,35.49,Yes
973886939,2023-05-27,2026-08-20,46,Male,United States,Silver,38,1690.32,No
261741776,21-Aug-2025,"June 24, 2026",54,male,uk,gold,13,"$1,635.68",No
309125854,2025-06-04,06/23/2026,32,Female,Mexico,Bronze,2,306.09,no
200979571,2023-09-11,,58,Female,United States,BRONZE,0,0.0,Yes
395502993,2022-02-06,05/15/2026,23,MALE,US,GLD,43,2348.65,No
862268098,2021-02-13,04/05/2026,55,F,india,Gold,32,2052.62,N
941834095,2021-01-01,2025-03-19,72,Female,usa,  silver ,7,1263.56,Yes
752802269,2023-10-01,2026-03-01,31,male,MX,Bronze,3,$191.77,Yes
332051195,03/19/2023,08/17/2026,35,M,United States,Gold,20,1958.84,No
936464056,2024-05-23,05-Sep-2026,21,Female,U.S.A.,Silver,24,654.11,No
222842331,2023-02-25,02.05.2026,62,MALE,Canada,Bronze,17,478.78,no
753301897,26.03.2026,26-Mar-2026,23,Female,Mexico,Bronze,3,198.1,yes
179222137,2025-10-28,08-Jan-2026,37,Male,India,bronze,5,394.8,Yes
147905055,2025-07-09,,64,f,United States,Bronze,2,84.27,Yes
311844096,05/24/2024,06/29/2026,40, Female,India,Bronze,5,165.21,No
787566113,2020-10-13,14-May-2026,25,Other,US,Platinum,98,12629.60 USD,No
625626370,2026-04-09,,49,Male ,--,Bronze,0,0.0,Yes
589373120,2024/02/03,2026-06-12,55,M,US,Gold,12,1806.58,N
850909216,2022-12-23,03/01/2026,78,Male,US,bronze,2,100.83,Yes
268238334,26.09.2024,10-Jul-2026,57,male,India,Bronze,18,401.09 USD,N
384256489,2021-04-03,2026-07-17,53,female,--,Silver,32,1476.35,No
539473043,06/01/2024,2026/07/27,42,Other,UK,Silver,7,833.53,No
600462731,2024-07-21,2026/07/07,44,Female,United States,bronze,17,517.42,NO
274291525,15-Mar-2025,12.07.2026,35, Female,Great Britain,Bronze,3,275.69,no
543649413,18-Jan-2026,03/01/2026,63,female,india,Bronze,7,405.64,1
247317769,01/25/2026,25.01.2026,25,Female,United Kingdom,Bronze,1,57.97,Y
622735961,10/20/2024,2025-07-01,68,FEMALE,US,Bronze,2,204.81,TRUE
653908580,2023-07-15,2026-07-01,33,non-binary,United Kingdom,Bronze,7,243.02,No
444338515,09/21/2025,,54,Male,Can.,bronze,-999,0.0,1
639282178,2026-05-31,2026-05-31,23,Male ,Deutschland,BRONZE,1,61.11,1
239487003,2026-07-30,2026-07-30,60,unspecified,Mexico,Bronze,1,44.19,Yes
996758544,20-Jun-2025,2026-08-01,64,FEMALE,USA,BRONZE,9,-406.6,No
180456999,10/21/2022,2026-08-31,33,F,Germany,Gold,38,"$2,817.20",0
353498254,"March 02, 2024",2026-07-23,32,F,United States,brz,4,247.03,No
783789520,2023/02/19,2026-07-13,56,F,U.S.A.,Silver,23,691.0,FALSE
945458939,2025-01-15,07/16/2026,86,MALE,United States,Bronze,5,335.42,No
831403626,2023-10-09,11-Mar-2026,38,Female,AU,BRONZE,19,597.43,No
161322084,20-Dec-2023,08/09/2026,30,F,United States of America,SILVER,12,594.21,0
269064367,2024-01-30,2026-07-26,40,f,Canada,Gold,29,2270.84,No
996321065,2023-04-08,2026-08-13,NULL,male,USA,SILVER,26,1099.46,No
485795333,23.05.2024,2026-08-26,55,N/A,india,Silver,17,631.75,No
384131113,23.12.2025,07/10/2026,42,,India,Bronze,3,103.55,FALSE
241041664,2021-12-06,25-Aug-2026,26,MALE,United States,Gold,60,3170.35,No
207097429,,2026-08-07,55,F,United States,Silver,14,965.66,N
956522008,2023-12-12,2026-09-03,37,f,Brazil,Bronze,3,110.48,No
717887529,02/23/2026,2026-06-26,44,M,USA,SILVER,13,missing,No
222831121,2022-11-19,2026-07-09,55,Female,U.S.A.,silver,53,1704.91,No
117119419,11/01/2024,05/03/2026,unknown,Male,US,  gold ,31,2050.71,No
815764746,07/03/2026,07/03/2026,39,Male,United States of America,Bronze,1,95.61,Yes
985309690,2023-11-11,2026-06-08,50,female,Mexico,bronze,5,201.48,No
792938108,2024-06-17,2026-08-13,47,male,Canada,Bronze,6,417.88,No
831354786,2022-08-28,,77,Female,mexico,silver,6,906.71,Yes
428073136,09/18/2022,24-Apr-2026,35,FEMALE,Germany,slv,11,1173.39,N
472355826,2026/07/29,2026-07-29,32,Male,CA,BRONZE,1,$128.73,Yes
758183697,11/11/2025,2025-11-11,36,MALE,India,Bronze,5,-110.07,TRUE
435724266,03-Jun-2026,,56,MALE,United States,Bronze,0,0.0,Yes
363037029,09/27/2023,2026/07/05,47, Female,Mexico,SILVER,17,1466.94 USD,No
956552646,2023-09-10,2026-08-24,44,Female,UK,Bronze,23,551.43,N
293298755,2024-10-23,08/04/2026,63,Male,United States,SILVER,8,674.37 USD,No
743257869,27-Jun-2023,2026-05-25,,Other,Canada,Silver,3,533.54,NO
593478276,2021-07-02,,22,Male,United States,GLD,13,1729.61,No
719608862,2021-04-08,07/26/2026,47,MALE,United States,Bronze,6,157.64,No
759416635,06/03/2024,30.12.2025,46,Male,United States,BRONZE,26,409.49,Yes
951512537,2022-02-27,07/18/2026,30,Male,United States,Silver,16,missing,FALSE
352314569,2022-01-31,23-Jun-2023,39,M,United States of America,BRONZE,4,178.72,yes
194511405,06/16/2025,2026-05-26,54,male,UK,SILVER,10,,No
399937714,2025-07-16,,52,Female,Canada,Gold,12,1397.93,0
944540226,21-Apr-2025,16-Aug-2026,31,Female,USA,brz,10,530.45,No
100962621,2024-04-12,07/18/2026,71,F,US,Silver,18,754.95,0
724900059,"March 01, 2023",2026-08-25,55, Female,U.K.,Silver,13,752.39,No
464986355,2023-12-12,,31,Female,Australia,Silver,16,1590.69,No
488113887,2024-04-06,2026-05-20,52,Male,CA,,-999,251.88,No
214575743,01/03/2025,"March 01, 2026",54,Female,United Kingdom,Bronze,1,18.6,Y
403024352,2021-06-16,2026-08-10,61,FEMALE,united states,Platinum,110,4786.26,No
574980310,"April 03, 2026",,27,F,USA,Bronze,1,79.16,Yes
336501873,06-Jun-2026,2026-06-06,48,Female,DE,bronze,2,44.22,Yes
869824723,2024-01-30,2026-08-06,43,other,United Kingdom,Gold,30,1803.38,NO
691637019,2021-05-08,2026-07-24,29,F,australia,  Platinum ,73,14515.32,No
586218229,2024-06-26,02.12.2024,46,Female,CA,Bronze,16,437.83,Yes
576369727,03/08/2025,05/31/2026,51,Male,USA,none,3,$133.03,N
439223204,"April 23, 2025",03/01/2026,48,Male,united states,Bronze,7,$387.66,TRUE
471767552,2026-02-02,,28,Female,united states,BRONZE,0,0.0,Yes
838376792,2022-04-22,2026-07-25,46,Unspecified,Australia,Platinum,30,3895.11,NO
796499880,2025-06-14,,25,female,USA,Bronze,0,0.0,Yes
669856145,07-Jun-2024,2026/07/11,50,Female,Canada,silver,13,695.51,No
451294471,2023-09-11,05/19/2026,43,M,,BRONZE,3,184.01,N
667057450,2024-03-01,2026-08-04,,N/A,Mexico,Silver,8,481.57,No
794761013,2025-02-19,06/23/2026,31,Female,United States,Bronze,12,$564.90,FALSE
672641088,2024-03-26,2026-06-27,68,Male ,Canada,Bronze,11,345.19,N
705649723,2022-06-06,2026-07-01,35,Female,AU,Silver,25,"$1,830.68",N
365994524,"December 08, 2025",08/11/2026,80,F,United States,Bronze,11,385.94,No
834533417,"June 13, 2019",2026-07-04,34,Female,England,SILVER,25,770.75,No
674334270,2022-07-23,06/13/2026,30,Male,United States,Silver,33,"$2,098.45",N
188118847,2022-11-09,09/04/2026,41,m,United States of America,SILVER,23,1564.21,No
904949745,2019-11-28,26.08.2026,38,femail,Germany,Platinum,81,8176.37,N
955658696,25-Nov-2022,08/14/2026,32,f,United States,Silver,11,804.76,No
959753267,07/20/2025,2026-03-01,47,Male,UK,Bronze,7,108.29,Yes
914125301,17.11.2025,24.06.2026,68,FEMALE,United Kingdom,Bronze,2,290.67,No
234663468,2022-03-08,2026-08-19,55,Male,US,Bronze,10,625.63,0
647539709,2024-04-30,2026-07-23,,female,United States of America,Silver,11,1063.24,No
202958256,"December 04, 2023","November 29, 2025",,Male,United Kingdom,Bronze,14,382.54,Yes
401978129,2022-06-17,,20,M,US,gold,39,2596.14,No
604178915,26-Sep-2025,2025/09/26,58,Male,United States,Bronze,1,63.74,Y
834533417,"June 13, 2019",2026-07-04,34,Female,England,SILVER,25,770.75,No
135007983,2022-02-18,07-May-2026,38,Male,Great Britain,Bronze,6,116.51,No
253396581,08/13/2020,2026-03-27,33,Male,BR,Silver,14,916.43,No
793206735,2024-05-09,26.07.2026,34,male,United States,unassigned,12,334.23,no
138283519,08/09/2024,2026-07-02,36,Male,United States of America,Gold,22,2106.59,No
625120931,2023-01-26,2026-06-08,NULL,F,United States,Bronze,14,568.28 USD,N
324437954,06/08/2024,07/05/2026,31,male,united states,bronze,5,300.63,No
644323522,"June 08, 2021",17-Aug-2026,26,Female,United States of America,Gold,31,"$2,910.57",no
905759096,2023-10-04,"August 16, 2026",43,Female,India,Silver,15,"$1,168.11",N
163927655,2025-10-31,07/20/2026,23,M,United Kingdom,BRONZE,5,379.73,0
437817627,2021-05-04,06/07/2026,52,F,United States,Gold,22,2088.64,No
532850449,"October 02, 2020","August 29, 2026",49,F,N/A,Silver,11,$819.47,No
386714574,2025-11-18,2026-07-20,68,Other,brazil,Bronze,5,273.39,No
421513107,29-Nov-2024,2025/04/13,49,Female,UK,Bronze,3,175.01,Yes
860013301,2021-10-20,0000-00-00,40,F,USA,Bronze,7,147.45,TRUE
813971654,2023/04/25,07/29/2026,43,Male,UK,Silver,9,1205.74,N
822839033,2025-03-14,2026-08-18,65,Female,US,Bronze,2,163.67,N
691841617,2023-10-18,"August 04, 2026",38,female,United States,Silver,16,761.51,N
630779480,2025-10-04,"August 26, 2026",34,,U.S.A.,Bronze,6,123.52,No
285297555,04/20/2022,10/09/2025,84,female,N/A,Bronze,1,66.56,yes
151074104,2023-11-11,06-Aug-2026,24,M,australia,Silver,26,1483.85,No
804726811,05.05.2023,17-Aug-2026,46,female,United States,Silver,14,-846.06,NO
132264455,10/19/2022,2026-08-27,27,Female,india,Silver,17,918.12,No
177458412,06-Sep-2025,2026-08-09,31,Female,USA,BRONZE,5,255.26,0
208926914,2020-09-22,2026-07-20,51,Male,India,Platinum,58,4752.65,No
239686734,2024-12-15,2026-07-25,18,Female,CANADA,Silver,15,992.4,No
332313171,,2026-08-21,56,N/A,United States,Silver,10,975.88,no
830572728,2020-12-16,2026-08-16,59,Unspecified,United States of America,Bronze,9,240.67,No
864869140,26.06.2022,"July 15, 2026",53,male,United States of America,Silver,8,721.49,No
373865278,2025-01-19,2025-01-19,37,femail,Canada,bronze,1,54.4,Yes
930698337,26-Feb-2022,"August 15, 2026",43,Female,India,Bronze,12,311.36,No
587107205,2022-10-17,2026-07-20,25,Male,United States of America,Platinum,78,8301.81,No
331628996,11/12/2025,2025-11-12,41,Female,united states,bronze,5,118.46,Yes
502358373,07.03.2024,2026/06/18,74,Female,United States,SILVER,9,747.54,No
568374144,2022-04-13,2026-07-18,48,M,USA,Silver,33,1467.98,No
210334433,2025-04-11,2026-06-03,41,Female,Canada,brz,19,636.97,
785183437,2021-09-28,2026-08-10,40,Female,India,,52,7775.13,No
269578842,11/21/2022,2026-05-27,27,Male,Australia,GOLD,37,3441.01,N
252335340,2024-02-02,0000-00-00,33,F,United States,Silver,21,1147.85,0
198575610,2025-05-11,06/15/2026,75,Unspecified,UK,Silver,13,762.31,No
793692376,2025-09-30,2025-09-30,44,Female,United States,bronze,12,337.06,1
980459724,06/30/2025,2026-08-03,28,Female,United States,slv,11,834.11,No
387334535,2026/03/14,03/14/2026,30,female,US,Bronze,2,110.55,Y
937043687,07/13/2021,2026-07-19,69,Unspecified,Canada,Silver,25,958.21,No
113819008,11/23/2024,2026-08-05,76,Female,UK,Bronze,1,48.41,No
645313736,2021-12-08,"March 11, 2026",70,Female,United States,Silver,9,526.44,No
596769158,30-Jul-2023,2026-07-13,52,N/A,Canada,slv,28,1795.04,No
408274964,2025-02-05,03/01/2026,44,Female,United States of America,bronze,4,348.42,1
438786106,2024-07-27,07/01/2026,30,Male,United States,Bronze,13,514.39,No
976437528,2023/09/10,"May 17, 2026",41,Female,Mexico,Silver,11,929.1,No
123467294,"October 03, 2020",07/05/2026,59,N/A,Brazil,silver,12,$679.94,No
534137533,2024-05-28,2025-11-30,63,F,USA,,3,224.88,1
867103518,01/13/2023,2026-08-24,64,Male,U.S.A.,Silver,15,725.11,no
539287684,2023/05/25,2026/03/01,47,Male,Australia,BRONZE,1,15.5,Yes
378207823,2024-10-10,2026-05-09,38,femail,India,Bronze,9,432.49,NO
813114333,02/14/2026,,42,Male,UK,Bronze,0,0.0,Yes
736476843,2024-07-06,2025-06-28,61,Male,Australia,Bronze,10,$511.34,Yes
426051229,2024-06-02,,34,F,usa,Bronze,0,0.0,Y
850870700,2021-02-10,2026/03/01,51,Female,United States,bronze,6,332.79,Y
277892006,01/18/2023,07/31/2026,55,male,US,Gold,22,1579.41,no
959884576,05/03/2023,2026-08-04,60,FEMALE,United States,silver,,665.6,no
512749247,03/09/2026,2026-03-09,30,Female,NULL,BRONZE,3,163.61,yes
804878959,2021-07-18,23-May-2026,44,M,united states,Platinum,39,5763.95,no
849582260,2023-12-17,2026-07-27,21,F,Canada,brz,1,36.87,No
775345463,07.04.2026,,22,Other,Canada,Bronze,0,0.0,Y
980551977,2025-12-23,2025-12-23,30,f,United States,BRONZE,-999,39.44,Y
214661381,01-Apr-2026,,35,Male,India,Bronze,0,0.0,Yes
433154224,01-May-2025,2026-07-13,51,Female,United Kingdom,Bronze,5,323.09,No
435185158,2025-03-19,,26,female,United States,Bronze,0,0.0,Yes
439996945,2021/08/12,06/16/2025,N/A,MALE,India,brz,1,110.12,1
414974757,2023-07-25,,27,F,United States,gold,22,2542.18,No
820378154,09/13/2024,,41,Female,NULL,Bronze,0,0.0,yes
167426102,2025-03-03,09-Aug-2026,28,m,Mexico,Bronze,4,341.87,N
333931262,2025-02-07,2026-07-01,41,,United States,brz,13,285.49,FALSE
115045946,,26.07.2026,35,Female,usa,Bronze,1,52.65,No
388396452,2022-12-31,03/11/2026,41,Male,usa,Platinum,71,8423.67,No
856123280,13-Feb-2020,08/07/2026,26,Male,United States,silver,53,752.63,No
695635790,2024-02-19,08/06/2026,46,male,United States,slv,17,1349.89,No
295241284,2022-08-02,18-Aug-2026,53,male,AU,slv,16,1121.51,N
104728792,2024/01/04,24.07.2026,36,F,USA,silver,44,"$1,372.55",No
817277545,06.06.2023,,39,Female,Canada,Bronze,7,334.91,no
927683115,2024-11-19,2026/08/28,53,Female,CANADA,Bronze,7,344.92,No
586746088,2023-03-14,2026-07-18,55,Female,India,Gold,21,2746.02,N
586293707,2023-05-29,2026-05-23,29,female,United Kingdom,bronze,6,NULL,No
683370440,2019-08-23,07/28/2026,33,FEMALE,United States,Silver,20,$971.02,NO
732639287,2024-03-31,"May 30, 2026",52,Female,U.K.,Gold,22,missing,FALSE
797629734,2025-01-14,13-Jun-2026,71,Male,United States,Bronze,15,359.57,No
177616644,2026-04-22,22-Apr-2026,22,Unspecified,India,bronze,1,29.34,Y
605163084,2023-12-25,06/09/2026,42,Male,AU,Silver,10,513.08,No
332596712,2022/11/17,2025-08-09,73,F,United States of America,Silver,7,648.88,Yes
816890636,2022-09-18,2026-08-24,61,Male ,Brazil,Silver,16,721.15,
685098657,27.05.2024,16-Aug-2026,,female,India,Silver,9,595.13,no
789965784,11-Apr-2022,05/05/2026,72,Female,australia,SILVER,27,1283.16,No
873911161,2024-05-25,2025-10-21,19,Male,United States of America,bronze,16,295.13,Yes
631703913,2025-08-23,2026-08-09,27,Other,Germany,BRONZE,6,368.72,0
146235045,12-Jun-2024,2026-07-08,45,female,Brazil,silver,13,759.99,0
297325482,03/15/2022,2026-07-26,44,Female,United States,Silver,37,"$1,960.91",N
648131649,2022-08-08,08/21/2026,56,male,australia,Silver,11,1100.64,No
876964968,06.08.2024,07/25/2026,52,female,INDIA,Bronze,14,395.4,No
469142286,2024-12-12,2024/12/12,21,M,México,Bronze,3,38.57,Y
588956621,2025-01-26,"March 01, 2026",32,female,united states,brz,1,111.32,Yes
754372610,,,40,M,US,Bronze,0,,Y
888955874,11/22/2021,2026-07-23,71,Male,U.S.A.,Silver,13,463.23,
768155138,"June 30, 2022",2026-09-04,51,,N/A,Platinum,-41,4071.89,No
873737953,2022/08/27,07/14/2026,30,Female,Germany,Silver,14,700.61,no
265493846,12/10/2021,12/11/2025,44,,UK,Bronze,1,41.46,TRUE
256460155,10/31/2020,24.06.2026,22,FEMALE,USA,Platinum,72,5331.49,N
780253741,"February 15, 2025","April 28, 2026",47,Female,Canada,silver,10,1150.35,FALSE
308678226,10/15/2023,2026-08-16,37,Female,canada,Gold,11,2891.4,No
223560228,2024-06-29,24-Jul-2026,29,unspecified,United States of America,Bronze,13,327.91,No
328703998,02-Sep-2023,2026-03-11,30,Female,United States,  Silver ,27,"$1,318.11",No
734292670,2025-06-21,"July 18, 2026",42,F,usa,Gold,14,-2192.52,FALSE
626985238,2024-08-21,08/12/2026,27,F,United States,Silver,22,2066.49,No
869356136,2020-09-10,2026-07-12,27,Male,DE,Platinum,151,11222.01,No
660095768,2026-03-09,,38,Female,United States,Bronze,1,146.95,Y
324843155,2025-02-03,03-Aug-2026,72,Female,United States of America,Bronze,3,,N
367881925,2024-03-06,"September 04, 2026",29,M,USA,silver,21,618.0,N
304445452,2023-12-27,2026-07-18,50,Male,Canada,Gold,55,3457.96,No
202556192,25.11.2021,2026-08-17,35,Female,United States,Silver,27,965.15,No
930374296,2020-11-22,2026-09-03,18,non-binary,Mexico,Gold,25,3384.82,No
640531775,05/23/2023,2026-06-28,60,Male ,CANADA,Bronze,10,-405.4,No
874649307,2022-03-26,07/03/2026,50,MALE,UK,Gold,22,2861.7,N
586925048,"December 16, 2019",07/26/2026,51,U,Australia,Gold,41,2068.73 USD,N
463570137,"January 20, 2024","August 28, 2026",53,Male,Germany,Bronze,13,453.18,
827349727,14-Jan-2020,2026-04-01,24,Male,Germany,Gold,54,,no
739595638,22-Mar-2026,22-Mar-2026,54,Male,United States of America,bronze,3,32.63,1
240637904,2023-10-18,2026-08-18,87, Female,usa,Silver,4,871.79,No
113330976,2023/08/12,2026-07-26,38,Male,USA,Bronze,9,301.84,No
971584600,"September 30, 2025",08/17/2026,57,Female,Canada,Bronze,3,304.43,N
245345764,2025-03-20,26-Jul-2026,50,Male,Germany,Bronze,7,337.16,No
565330773,2024/08/18,2026-03-01,86,Female,US,Bronze,N/A,46.12,TRUE
796040247,12-Dec-2023,2026-07-18,40,femail,United States,Bronze,6,423.75,No
507269721,14-Dec-2023,19.07.2026,43,female,United States,Platinum,45,15213.17,NO
240010396,2022-03-31,2026-06-15,58,Female,United States,Silver,24,1130.4,No
295633821,2023-02-04,09/28/2024,48,Male,United States,Bronze,2,127.75,Yes
108616314,2025-02-13,,34,Female,usa,Bronze,0,0.0,Y
303178776,27.07.2021,2025-10-08,22,Male,United States,brz,1,41.8,yes
774462873,2023/08/28,2026-06-22,29,Female,usa,silver,11,911.79,N
196920696,"October 21, 2023",2026/09/07,45,,USA,silver,31,728.27,No
645764022,12/11/2021,17.08.2026,42,male,USA,SILVER,36,809.42,0
261289851,2025-10-01,,32,Female,india,Bronze,0,0.0,Yes
568297676,2023-01-10,2026-05-03,26,Male,usa,Gold,58,4315.48,No
921411731,2024-06-17,2026/08/01,24,O,Canada,Bronze,5,174.6,No
793601004,2024-02-07,"December 03, 2025",43,M,United Kingdom,,7,312.62,Yes
125290942,2025-09-22,2026-06-19,27,O,United States,bronze,2,24.8,No
137795986,2024-06-24,09-Apr-2025,57,Male,Brazil,Bronze,3,109.45,Yes
507797692,03/13/2024,2026-08-22,22,Unspecified,UK,SILVER,11,458.01,N
994188073,2023-04-08,08/19/2026,40,female,United Kingdom,Platinum,37,6198.67,0
713088227,2026-01-29,N/A,55,Male,USA,brz,5,135.03,No
706893255,04/24/2025,2025-12-04,24,F,United States,brz,6,236.23,Yes
980393539,18-Jul-2025,,43,Female,IN,Bronze,0,0.0,yes
138577396,2022-02-01,2026-06-26,44,Male,united states,Silver,25,"$1,558.21",No
797277268,2022-11-30,,NULL,Male,Australia,Bronze,0,0.0,Yes
841551767,2026-04-10,2026-04-10,55,U,United States,  Bronze ,1,59.41,Yes
119814541,13-Dec-2025,03/01/2026,33,M,United States of America,Bronze,2,89.8,Yes
497594881,12/10/2022,2026-07-20,61,m,United States,Bronze,4,256.6,no
718835807,2024-12-26,25-Apr-2026,47,Male,United States of America,Silver,8,614.47,no
286223959,01/14/2023,08/17/2026,78,,IN,bronze,4,173.67,No
265762923,"June 25, 2025","August 12, 2026",30,Female,United States,Silver,24,1226.02,No
787131738,2026-02-28,,,Male,US,Bronze,0,NULL,Yes
237381721,2024-05-16,2024-05-20,58,Female,United States of America,bronze,3,89.96,Y
490646818,2025-01-17,2026-06-23,27,Male,US,  unassigned ,16,592.94,0
531103710,05/28/2023,2026-08-03,47,male,United States,GLD,54,3252.32,No
644283266,2024-08-11,08/11/2026,45,Female,mexico,silver,11,"$1,307.01",FALSE
557196436,12.12.2024,2026-03-01,25,Male,Brazil,Bronze,4,355.21,YES
393286212,2024-03-23,06-Jul-2026,27,Male ,United Kingdom,Bronze,4,187.35,No
611340840,"February 27, 2021",2026-04-23,59,female,Germany,Gold,76,3152.9,no
737029421,2023-11-23,2026-08-09,33,m,United States,brz,8,352.94,NO
350605362,2024-08-31,2025-11-01,58, Female,CANADA,Bronze,5,372.78,Yes
361819705,2020-02-16,2026-03-01,34,,Germany,Bronze,7,389.27,Yes
673360647,12-Jun-2023,2026/03/01,27,Female,US,bronze,1,$106.20,yes
948379038,2025-10-27,22-Jul-2026,51,U,usa,Bronze,2,118.54,no
608489632,05/10/2021,"September 02, 2026",34,male,USA,PLATINUM,41,"$4,886.96",no
503787852,2020-08-17,08/25/2026,63,prefer not to say,México,SILVER,61,766.88,No
554269768,"January 01, 2022",2026-07-28,62,,Canada,Gold,16,2193.54,N
747229135,2023-06-17,22.08.2026,N/A,Unspecified,USA,Silver,7,935.68,no
875568095,15-Mar-2021,2026-08-12,79,Male,australia,platinum,111,6783.47,no
341285590,06/29/2026,,37,Male,United States,Bronze,0,0.0,Yes
825810396,2024-09-03,2026-09-05,40,Female,India,brz,2,66.59,No
278265249,2023-01-13,2026-07-08,,F,canada,Silver,10,478.24,no
462742120,2023-11-28,04-Aug-2026,29,Male,Germany,Silver,17,681.04,No
181280693,20.02.2021,2026-04-04,48,Male,UK,gold,42,1978.89,0
909487124,"August 01, 2022",2026-03-11,57,Male,United States,GLD,37,2472.0,NO
465267586,20.04.2025,09/05/2026,32,Male,US,  Silver ,17,902.12,no
215289563,2021-10-30,2026-08-05,41,MALE,India,Silver,21,677.05,No
914529224,2023-07-31,2026-06-06,49,male,United States,slv,32,1544.28,No
427296687,2022-09-06,2026-08-18,41,F,USA,Platinum,65,8220.91,N
506439778,07/07/2022,01-Mar-2026,38,Female,Germany,BRONZE,6,285.06,Yes
970639797,2022-06-04,2026-03-01,58,MALE,United States,BRONZE,4,318.2,Yes
401372398,2020-04-23,2026-08-26,65,,Canada,NULL,36,"$1,777.29",No
703755168,10/10/2024,2026-07-02,33,Female,US,Gold,19,2468.43,No
835386493,07/13/2024,2026-07-20,30,M,Deutschland,Bronze,10,384.06,FALSE
996064820,02-Sep-2025,2026-08-01,74,Female,DE,BRONZE,3,175.65,N
476422107,2022-05-25,2026-07-26,59,Male,United States,Bronze,6,266.36,No
292309291,2021-08-16,2026-09-03,27,m,USA,silver,-13,1158.39,no
700247551,06.12.2019,2026-06-24,47,Male,India,Gold,37,3982.24,No
770558160,18.05.2021,2026-08-29,25,MALE,England,Gold,-999,1416.2,No
200359517,10/29/2023,2026-09-01,27,Male,India,Silver,18,855.61,No
453868178,2024-07-06,2026-08-03,39,Male,US,silver,13,699.07,NO
783585819,2023-09-02,2026-08-25,75,Male,united states,Bronze,15,571.59,N
129653249,2024-10-07,,42,MALE,Brazil,Bronze,0,0.0,Y
872194439,2023-07-30,2026-08-23,30,F,Canada,Gold,54,3081.59,No
776752593,2022-07-08,,35,Male,United States of America,bronze,0,0.0,1
402063790,2025-04-27,,31,Female,United States,Bronze,0,0.0,Yes
553498258,16-Jul-2021,2026-08-26,57,M,United States,Gold,19,1680.46,No
767026238,2025-06-06,2026/07/24,34,Female,USA,Silver,15,642.31,NO
643585242,2023-02-16,2026-08-31,37,female,USA,Bronze,7,240.02,N
680595050,2023-07-03,2026-03-26,72,Male ,USA,Silver,20,$662.44,no
451081393,09/10/2024,2026/06/28,NULL,FEMALE,United States,  Gold ,27,2627.03 USD,0
701671398,2020-03-14,25-Aug-2026,53,FEMALE,United States,Platinum,171,19828.94,0
336641447,2024/07/16,2025-08-14,69,Female,United States,Bronze,10,301.46,Yes
557836185,2023-10-24,08/14/2026,29,Male,UK,,20,621.65,No
166237175,2023-11-16,2026-09-02,43,Female,India,Platinum,65,7749.84,No
660199871,01/14/2024,2026-08-17,55,M,India,Gold,17,3359.41,no
700768050,2026-03-28,,36,Female,US,BRONZE,0,0.0,Yes
359003453,2023-10-16,"August 16, 2026",20,M,US,Silver,39,1582.74,FALSE
384062983,2026-01-21,2026-08-04,51,Female,UK,Bronze,1,85.28,NO
785613773,2025-04-11,2026-08-27,43,MALE,US,Silver,9,835.34,No
295907504,02/22/2020,2026-07-04,46,m,UK,Silver,18,813.52,No
259042187,06/19/2024,07/28/2026,37,,Canada,Bronze,8,339.3,0
143848395,2025-07-17,2026-03-01,-,F,IN,Bronze,1,77.23,Yes
536385790,2024-07-25,2026-09-01,67,F,US,slv,13,1148.44,No
942486072,2024-04-17,2026/08/25,37,female,UK,Silver,13,1996.76,N
553416859,2023/01/18,2026-03-01,65,Female,AU,Bronze,2,$44.48,Yes
162807078,08/06/2024,2026-08-29,29,Unspecified,USA,Bronze,4,184.3,0
590180534,03-Oct-2023,2026-08-15,74,Male,United States,Gold,19,1935.39,No
428772944,2022-10-08,2026-07-23,60,Male,Canada,Gold,29,3607.23,no
876676945,2025-01-16,2026-03-01,26,F,CA,  Silver ,14,722.7,Yes
325547952,2023/10/28,2026-05-16,39,Male,BR,Silver,52,1401.15,No
854796492,2022-12-18,2026-06-22,32,F,CANADA,Silver,16,$701.03,No
273151686,2020-06-06,07/17/2026,52,Female,USA,Platinum,53,7606.2,No
220550768,2026-05-02,05/02/2026,49,,India,Bronze,-2,,yes
899853070,06/19/2025,2026/06/24,35,MALE,U.S.A.,bronze,3,528.54,No
703216515,2022-07-19,11.05.2026,46,Female,Canada,silver,41,840.79,No
911032170,10-Jan-2024,2026-08-10,32,MALE,United States,Silver,20,676.45,0
344002791,05/01/2021,2026-07-24,36,unspecified,US,Gold,55,2687.76,no
503063818,2024-01-18,08/19/2026,51,Female,India,Bronze,8,287.45,No
654301370,04/19/2023,06/13/2026,37,F,USA,Silver,55,1251.44,No
580444705,10/09/2025,2025-10-09,49,Unspecified,Germany,Bronze,1,56.25,TRUE
646429039,03/29/2025,2026-08-13,44,Male,U.S.A.,Bronze,3,93.59,No
143452242,2023/01/23,05/27/2026,75,Female,united states,Silver,20,931.05,0
201477331,15-Nov-2025,,37,,UK,Bronze,0,0.0,yes
893066449,2026-05-29,2026-05-29,49,Male,United States,Bronze,2,103.01,Yes
666082513,2025-06-18,,58,,india,Bronze,0,0.0,Y
875800875,2019-10-08,,?,Male,United States,GOLD,30,2346.41,no
624266289,,08/03/2026,32,Male,unknown,Silver,25,1141.03,no
449422767,04/02/2026,2026-04-02,70,other,,Bronze,4,142.08,Yes
390013138,27.02.2024,2026-08-12,42,Male,England,silver,27,926.43,No
356698154,14-Aug-2022,2026-08-25,48,Male,U.K.,Gold,14,2178.43,N
628468750,2024-11-08,2026-08-20,23,Male,United States,Silver,10,983.41,0
503635203,10.07.2024,11/29/2025,25,female,CANADA,Bronze,4,248.45,Yes
615902734,2025-09-05,2026-06-21,37,Male,United States,SILVER,7,632.36,no
672628865,23-May-2021,2026-09-03,35,Male,United States,Silver,40,1756.06,N
270859169,2019-11-16,2023-02-25,40,Female,australia,Bronze,5,129.13,Y
491851677,2022-03-31,2026-03-01,52,M,,Bronze,8,349.55,Yes
113766420,"April 30, 2025",08/30/2026,55,Female,United States,Silver,12,911.57,NO
882445834,,2026-08-06,34,female,United States,Bronze,7,$311.11,No
391032636,2024-09-30,,32,female,Mexico,Bronze,6,616.04,Yes
185265019,2025-04-01,2025-07-05,53,F,CA,Bronze,1,95.37,Yes
761383841,2020/08/17,07/15/2026,72,Female,DE,Bronze,15,383.58,No
447997262,2022-02-15,01-Mar-2026,57,Male,India,Bronze,1,143.76,1
762727824,2023-10-03,07/19/2026,32,N/A,U.S.A.,Bronze,3,246.0,No
252689810,05/08/2025,2025-10-14,56, Female,Canada,Bronze,none,222.75,Y
449426271,19.08.2022,23.08.2026,41,Female,Germany,Bronze,7,367.85,No
410350009,2023-02-12,,33,Male,UK,bronze,7,333.52,No
482277777,2024-04-14,2025-03-25,38,M,Canada,Bronze,3,149.99,Y
876914034,2026-05-07,not available,77,M,Great Britain,Bronze,3,135.35,1
824178849,2024-02-22,08/13/2026,30,Female,Brazil,Silver,31,766.44,No
307292668,2026-07-05,,32,M,Germany,Bronze,0,0.0,yes
502827159,"December 19, 2020",2026-08-07,41,F,United Kingdom,Silver,48,1669.07,No
791921693,2023-12-24,2026/06/07,28,femail,united states,Silver,28,1310.25,No
283317258,2022-04-08,08/01/2026,74,Female,USA,GLD,54,1668.23,No
751406146,2024-02-09,2026-07-16,79,Male ,Brazil,Silver,38,1114.9,0
130836820,2021-10-30,2026-08-12,60,Male,United States of America,Bronze,24,538.21,No
290946765,29-Sep-2020,2026-07-13,37,MALE,USA,Gold,32,3402.26,no
424525465,2022-07-03,12-Aug-2026,30,Female,United States,Bronze,6,304.81,No
469536625,"June 11, 2020",2026-09-03,49,female,Germany,Silver,27,1197.32,0
662855171,"December 05, 2022",09-Jul-2026,65,Male,United Kingdom,Bronze,2,46.41,No
700645772,2025-10-13,,33,femail,United States,Bronze,0,0.0,Y
302095718,2023-11-25,"August 17, 2026",NULL,Female,United Kingdom,SILVER,8,$626.42,NO
324021944,12/26/2020,2026-07-23,36,Male,U.S.A.,Gold,78,2591.68,No
675238693,12.12.2024,,51,female,USA,bronze,0,0.0,TRUE
590660443,2023-01-25,,27,,Canada,bronze,0,0.0,Yes
696859467,2020-03-22,2026-08-17,48,Male,USA,Silver,72,2260.36,No
688119404,23-Nov-2021,"August 18, 2026",38,Female,Germany,gold,19,2438.01,No
669962322,2023-01-07,16-Mar-2025,45,m,United States of America,Bronze,1,26.5,Yes
898198145,2025-04-03,07/14/2026,45,M,CANADA,Bronze,6,,No
204198897,31.05.2026,2026-05-31,34,Female,USA,Bronze,1,38.78,Yes
239218659,06/27/2025,2026/08/09,23,FEMALE,US,BRONZE,13,371.07,No
263498372,29.04.2025,08-Jun-2025,55,Male,USA,bronze,5,146.96 USD,Y
452666803,2022-10-18,2026-06-28,40,Female,United States of America,GLD,21,1816.97,No
225485725,09.12.2023,2026-07-31,72,Male,United States,bronze,6,64.37,No
426924373,02-Dec-2020,2026-06-15,22,MALE,United States,Silver,15,1290.56,N
916344977,2024-03-31,2026-08-23,48,Male,USA,Bronze,9,228.63,No
636171954,12/09/2025,07/10/2026,37,Male,United States,Silver,3,603.38,No
926660807,13-Aug-2025,07/04/2026,39,M,brazil,Silver,8,741.33,No
153771907,01-Mar-2023,"August 17, 2026",39,Female,United States,Bronze,6,424.96,No
553602095,2022/08/30,2026-08-16,36,Male ,Germany,SILVER,4,761.89,0
960049423,21-May-2022,28-Jul-2026,27,m,MX,gold,49,3299.86,no
730299406,2023-11-03,NULL,40,Female,U.S.A.,Silver,7,803.7,N
758097721,2025-03-21,18.04.2026,69,female,United States,Bronze,3,$90.81,No
740255199,2024/04/16,2026/05/26,41,O,NULL,Silver,7,590.3,No
346648547,2025-04-12,07/30/2026,34,male,AU,bronze,4,516.95,No
473904577,28-Feb-2024,2026-05-09,41,Male,N/A,Gold,18,1600.43,No
841128091,2025-10-31,2026-09-04,51,Other,Brazil,unassigned,11,1098.85,N/A
627030336,05/23/2023,2026-08-27,22,male,US,Silver,,1512.86,No
796332511,2020-12-21,2026-08-14,38,Male,MX,  Silver ,20,1622.55 USD,N
209118488,2025-04-01,2026-08-15,32,male,UK,Silver,15,810.96,No
481178403,01/21/2020,29-Aug-2026,38,,CA,Bronze,15,414.27,No
398490386,2025-06-19,2025-06-19,32,Male,Canada,Bronze,5,343.45,yes
834847386,2023-08-05,07/20/2026,69,Male,USA,Silver,16,752.93,no
158927588,2023-01-02,2025-12-31,42,prefer not to say,Canada,SILVER,18,1246.67,Y
339654358,10/10/2023,2026-07-18,52,Unspecified,US,Bronze,26,557.84,0
506713868,2023-05-13,,42,M,USA,Bronze,0,$0.00,Yes
803887391,2024/02/20,"December 01, 2025",23,non-binary,Germany,Bronze,2,,Yes
653394125,2022-02-06,2026-08-15,41,Male,Australia,Silver,24,922.05,FALSE
889175835,10/21/2022,17.07.2026,34,female,Germany,bronze,2,$68.24,No
897975787,02/22/2023,2025-11-25,58,Male,usa,Silver,19,"$1,105.66",Y
955813971,2026-01-02,2026/01/02,34,female,BR,Bronze,4,129.16,Yes
854839997,2021-11-13,2026-06-24,49,Female,Canada,gold,103,3257.07,No
158026839,2024-11-26,,21,F,England,BRONZE,0,0.0,YES
449639035,10/22/2022,07/03/2026,61,m,IN,bronze,13,$468.42,No
658861735,2022/04/01,08/09/2026,67,Male,United States,Silver,19,1236.42,0
834833426,2022-02-22,2026-07-30,N/A,,India,gold,39,2336.49,no
264699415,14-Oct-2024,"July 18, 2026",22,Female,USA,Gold,22,2333.79,N
252669198,07/10/2024,2025-07-05,56,F,United States,Bronze,7,451.43,Yes
735545932,04.03.2026,03/04/2026,,Female,England,Bronze,1,16.74,yes
219094333,2024-08-09,2026-07-30,68,Female,United States,unassigned,21,1584.89,No
612544858,07/01/2023,04/23/2026,84,Male,usa,Bronze,6,387.97 USD,No
247676913,2021-10-24,"August 05, 2026",39,Male,USA,  platinum ,83,5090.55,No
305162787,03/01/2025,02/14/2026,45,Male,United States of America,bronze,1,103.83,yes
378885329,2025-05-14,2026-08-12,22,,U.S.A.,Bronze,9,302.47,NO
555240052,04-Jan-2021,2023-08-26,29,M,Canada,Bronze,14,443.55,Y
591014263,04/19/2022,,,Female,United States,Silver,11,866.56,N
423998998,2026-02-05,05-Feb-2026,,Male,Canada,Bronze,5,124.68,Y
382834286,09/13/2022,2026-05-31,44,Male,India,Silver,18,-,no
733548880,2025-05-11,,61,Male,Canada,brz,0,0.0,Yes
626218238,04.11.2023,2026-08-25,64,unspecified,US,Silver,17,1196.17,No
364229708,2024/02/25,N/A,40,Female,United States,Silver,8,1341.95,No
933465401,2022/03/15,2026-07-24,29,female,India,Gold,61,3153.78,no
177716744,2021-10-02,2026-06-02,66,Male,Canada,silver,19,662.65,NO
835128555,2025-03-24,03/01/2026,45,Male,usa,Silver,10,1049.22,1
547549558,2022-01-02,2026-07-27,51,M,USA,Gold,42,3694.57,No
360550364,2025-11-25,2026-09-01,34,Male,DE,Bronze,5,214.68,No
577810518,2022-12-26,07/20/2026,48,Male,United States,SILVER,7,$863.87,No
316071987,2021-12-08,2026-07-15,60,F,united states,Bronze,3,110.61,No
931116395,2023-01-07,,44,Male,Canada,Silver,12,947.74,1
943895880,2024-10-08,03/30/2025,59,M,IN,Bronze,1,56.02,Yes
765885354,2024-05-09,2026-05-06,22,Female,US,brz,9,399.44,No
171724767,2024-04-05,2026-08-11,58,M,Australia,Silver,,2258.55,No
494035603,2024-01-16,"June 25, 2026",47,Male,US,Bronze,4,$320.25,No
539714153,08/20/2023,2026-08-12,36,Male,United Kingdom,Silver,11,1564.54,No
732250367,2022-01-12,2026/04/19,?,female,United States,silver,11,624.25,No
459642420,08/29/2024,2026-09-01,40,Male,MX,bronze,6,126.27,no
900704668,12/25/2023,2026-08-30,21,Male,Germany,Silver,11,936.61 USD,No
844451980,20-Jun-2024,2026-08-25,31,other,United States,Bronze,29,$506.77,No
349494465,08/27/2022,2026-08-29,48,Male,United States,SILVER,26,985.09,no
186141286,2023-07-17,2026-07-15,30,Unspecified,United States,Bronze,N/A,334.11,N
969936789,2024-08-25,16-Aug-2026,26,U,United States,Silver,9,673.33,No
813519399,2021/02/06,"June 26, 2026",50,Female,US,  Silver ,8,519.97,0
760846840,2024-09-09,23-Jul-2025,30,Male,Canada,Bronze,2,-79.98,Y
640925180,2024/04/02,2026-08-11,38,Female,Canada,Bronze,1,44.29,No
366088058,,2026-08-18,25,Female,United States,Silver,15,1094.17,No
388081348,2025-02-24,2026-03-01,47,M,India,Bronze,3,124.0,Yes
409767346,2022-10-10,2026-08-28,44,U,United Kingdom,silver,47,2164.47,No
599538226,2023-01-29,N/A,46,F,AU,SILVER,35,1771.64,N
487262492,2024-07-25,2026/07/02,36,male,United States,Bronze,5,247.99,FALSE
305350136,03/11/2020,2026-07-07,24, Female,India,gold,28,2580.25,No
282050798,2025-03-22,,68,f,Canada,Bronze,0,0.0,1
525162960,2023-02-19,"August 24, 2026",35,Female,United States of America,Silver,22,1129.6,No
116422269,2023-09-23,2026-07-20,54,female,United Kingdom,Bronze,10,446.16,No
167035078,02/08/2026,2026-02-08,39,Male,United States,Bronze,1,41.79,Yes
236549304,05/15/2025,2026-06-13,28,Female,Brasil,bronze,9,210.27,N
891591228,05/03/2025,2026-03-11,35,Male,India,Bronze,1,47.92,No
288374864,2025-04-02,2026-08-11,34,M,U.S.A.,Silver,17,1286.43,No
973339253,2023-10-06,2024-12-22,27,female,India,silver,,1476.04 USD,TRUE
624252108,10.12.2021,2026-08-11,52,Male,United States,Platinum,77,4735.01,No
187910914,16-Nov-2025,11/16/2025,43,M,Brasil,Bronze,1,155.7,yes
825035612,06/20/2023,2025-08-09,52,MALE,United States,bronze,4,313.05 USD,Yes
301673543,05/22/2023,2026-08-27,52, Female,US,Silver,4,597.35,N
196224383,08.02.2023,2026-07-02,56,Female,CA,Bronze,24,-,N
244350840,2023-03-11,2026-04-12,40,Male,United States,Plat,55,-4918.18,No
306969465,2024/04/30,2026-03-01,43,Male,United States of America,Bronze,8,418.9,1
273371292,2025-08-09,27-Jul-2026,58,Male,United Kingdom,Bronze,5,244.4,no
411584187,2021-08-25,08/17/2026,39,Male,United States,Gold,23,1820.7,FALSE
718605842,19.01.2025,2026-03-01,69,Female,Can.,Bronze,2,71.71,Yes
532576897,2025-02-12,2026-08-15,44,Male,Canada,brz,6,-263.27,No
142873394,2023-03-05,2026-03-01,36,M,Brazil,BRONZE,1,64.89,Yes
692240435,21-Sep-2024,,38,Female,Mexico,Bronze,0,0.0,Y
997967315,01/19/2024,2026-09-02,59,Male,Can.,Silver,18,1021.89,No
510968386,2022-02-22,2026-07-29,61,Female,CA,  Gold ,29,2057.88,0
702248999,2021-02-09,2026-09-03,43,Male,United States,Silver,13,-448.62,0
250432087,2024-08-04,2026/07/16,46,Female,United States,BRONZE,2,$198.91,NO
922583450,06/13/2025,2025-08-03,31,prefer not to say,United States,brz,4,134.88 USD,Yes
296187878,2020-06-30,2026-08-29,35,Female,United States of America,Silver,12,777.61,No
564615640,03/05/2022,,37,Male,United Kingdom,  Bronze ,0,0.0,Yes
278429036,2023-10-06,2026-07-07,46,Male,Canada,Bronze,10,475.17,No
990747454,2021-09-22,2026/07/19,35,female,Brazil,Silver,35,1046.3,no
525689922,24.09.2025,2026-06-25,61,Female,germany,bronze,1,71.92,0
913719639,2022-09-29,2026-03-01,56,female,England,Bronze,8,216.1,YES
178150468,12.12.2021,2026-08-28,38,Male,Mexico,Platinum,50,4459.87,no
199244834,2024-09-20,25-Aug-2026,36,FEMALE,Germany,Bronze,7,191.13,No
704176641,"December 24, 2023",17-Jul-2024,54,F,US,Bronze,2,390.63,TRUE
188594373,05/28/2025,05-Sep-2026,54,Female,CANADA,Bronze,7,128.46,FALSE
416353229,2023-01-29,31-Aug-2026,20,f,Brazil,Bronze,3,185.66,No
629994352,2021-03-10,2026-03-26,61,F,United States,gold,20,3080.57,No
697107298,06/30/2024,2025-03-04,60,Unspecified,United States,BRONZE,10,380.74,Yes
644695943,2021-08-10,11-Mar-2026,61,femail,United States,Bronze,4,103.68,0
929265207,2024-08-19,08/14/2026,26,Female,Mexico,Bronze,4,289.52,No
182583162,2025-01-13,2026-08-07,50,,Mexico,GOLD,29,-2710.45,no
375382411,2025-11-08,2025-11-08,59,MALE,India,brz,4,125.19,Yes
702587698,05/17/2021,2026/07/30,56,Female,USA,Bronze,6,394.16,No
961020636,2023-09-15,08/24/2026,23,Male,Brazil,Silver,13,"$1,518.39",0
659275770,04.11.2021,2026-02-26,41,Female,United States,BRONZE,4,175.73,1
384615093,2026-06-12,,27,Male,United States,BRONZE,0,0.0,Y
247700922,2023-02-07,08/07/2026,21,N/A,United States,Silver,12,1072.43,No
159877178,2025-08-05,2025-08-05,59,femail,United States,Bronze,3,123.08,Yes
128625539,2024-09-30,08/22/2026,40,Male,Germany,bronze,7,440.41,N
352337040,2023/01/07,2026/08/31,44,Female,USA,Gold,32,2211.99,No
874598586,2021-01-28,07/08/2026,47,,United States of America,,1,166.44,N
667259490,08-Mar-2024,17-Dec-2025,26,Other,India,bronze,1,35.39,Y
541288430,07-Jun-2022,06.07.2026,35,MALE,mexico,Silver,11,704.22,no
134048997,"May 18, 2022",17-Jun-2026,30,Other,India,silver,18,756.19,N
967253507,2021-11-14,2026-08-14,36,Unspecified,United Kingdom,Silver,28,1336.9,FALSE
292693329,2021-09-06,07/26/2026,71,,U.S.A.,Gold,48,2572.89,No
357800820,04.10.2019,2026/02/14,46,female,UK,brz,30,273.26,Yes
440099026,2022-04-26,2026-07-23,39,male,Canada,Silver,46,$759.81,0
638554982,2024-09-22,2026-08-16,37,Male ,U.S.A.,Silver,10,691.74,No
255186875,26.03.2025,2026-08-06,43,Male,Canada,Bronze,10,616.71,no
287259207,2024-02-23,2026-05-20,71,Female,India,Bronze,5,75.87,No
405401825,"June 27, 2023",2026-08-01,40,Male,USA,brz,19,$397.11,0
500197652,"October 18, 2021",2026-08-04,31,Female,usa,SILVER,17,1384.32,No
434557387,22.12.2024,08/20/2026,64, Female,MX,SILVER,7,-1063.99,No
193774852,2023-01-06,08/23/2026,68,Female,US,BRONZE,5,144.55,FALSE
306400654,2022-06-20,"May 22, 2025",36,Female,Canada,Bronze,2,-109.73,Yes
263359593,2021-08-28,2026/01/09,41,M,United Kingdom,BRONZE,N/A,-328.1,Yes
898260111,12/22/2021,13.08.2026,42,Male,United States,Gold,32,1510.07,No
580354263,06/17/2023,25-Jan-2025,40,Female,Canada,Bronze,2,20.29,Yes
824008250,2024/04/15,2026-08-11,38,Female,Brazil,Bronze,13,365.8,No
818520762,2025-01-28,"December 19, 2025",77,Male,US,Bronze,3,134.7,Y
121646854,2025-11-02,,53,m,BR,Bronze,0,0.0,Yes
219811934,2023-06-23,07/15/2026,28,male,United States,Bronze,15,354.39,No
750787586,10-Aug-2020,2026-08-14,30,Female,united states,Gold,61,2720.89,No
708722874,19.01.2026,2026-01-19,80,Female,United States,Bronze,3,156.93,Yes
959657695,2024/04/14,29.07.2026,40,female,United States,bronze,39,574.33,No
556209748,11/14/2023,28-Jul-2026,51,Female,INDIA,Silver,21,1388.38,N/A
406636020,2025-01-27,,31,M,US,BRONZE,0,0.0,Yes
875835901,"December 25, 2024",08/18/2026,37,male,USA,Bronze,7,303.1,No
557529533,08.12.2025,2026-07-04,54,Male,DE,slv,7,1421.71,FALSE
716217566,01.12.2019,09/02/2026,26,Male,United Kingdom,platinum,49,4556.32,N
308287177,01/02/2023,2025-01-19,46,non-binary,United States,Silver,7,680.54,TRUE
332892649,08/19/2023,2025-06-23,46,Male,Canada,Bronze,3,303.54,TRUE
402632995,2023-01-08,07/22/2026,33,female,UK,slv,,945.76,0
373015389,2024-12-07,2026-05-17,75,M,uk,brz,8,,0
797296531,2025-07-06,2025-07-06,35,Male,CANADA,Bronze,3,61.59,yes
414678527,04/09/2023,"July 17, 2026",56,MALE,Canada,Silver,16,1863.5,No
861766133,18-Oct-2021,2026-08-10,85,Female,United States,brz,8,467.83,No
758020085,2022-03-07,2026-07-30,30,Male,,Bronze,16,189.11 USD,No
839533536,04/23/2026,23.04.2026,32, Female,USA,  Bronze ,2,83.06,1
660853980,01/20/2026,,45,Male,MX,bronze,0,0.0,yes
380511329,2024-11-14,15.11.2025,55,Female,United Kingdom,Bronze,4,141.5,
322674883,2024-08-16,2026-04-25,26,other,Mexico,gold,23,1705.97,No
730140620,2023-08-31,06/24/2026,19,Female,Great Britain,Silver,N/A,973.0,0
957024106,"June 02, 2022","August 18, 2026",32,male,Germany,Gold,19,1896.41,No
282538913,2024-07-28,2026-08-18,52,OTHER,United States,Silver,15,604.94,No
678454559,11/12/2022,2026-09-04,43,Female,uk,brz,2,124.09,N
256651488,2024-12-07,2026-09-04,35,F,USA,SILVER,16,1487.61,No
274668771,2025-02-13,2025-06-07,65,Female,United Kingdom,Bronze,2,46.37,Yes
665536950,07.03.2026,2026-03-07,18,Male,Germany,Bronze,none,67.37,Yes
942394908,2025-06-11,,36,male,United States,bronze,0,0.0,Yes
951726973,"September 26, 2025","August 17, 2026",36,Male,U.S.A.,bronze,6,$149.13,No
104254365,2025-04-02,06/18/2026,44,N/A,CA,brz,10,405.85,No
491947759,2025-05-21,09-Jul-2026,42,Other,United States,  BRONZE ,7,222.28,FALSE
598901351,09/17/2025,2026-08-29,48,F,Mexico,Silver,15,,No
647806570,"January 28, 2022",08/15/2026,43,prefer not to say,India,Silver,9,787.68,No
807601160,2022-10-28,,,Female,United States,Bronze,0,0.0,Yes
273795803,2024-06-17,2026-08-05,26,Unspecified,United States,Bronze,3,141.29,No
508571515,01-Mar-2025,,54,Male,United States,Bronze,N/A,0.0,1
547012784,2025-12-20,2025/12/20,42,Male,US,Bronze,7,66.30 USD,YES
260350313,19-Oct-2024,,48,Male,usa,Silver,8,$463.57,Yes
930997394,"January 15, 2026",,68,Female,canada,Bronze,0,0.0,Yes
835741252,12-Mar-2026,12.03.2026,25,Male,BR,Bronze,7,379.06,Yes
743649956,2026-03-12,,35,Male,DE,Bronze,0,0.0,1
912155726,22.02.2025,2026-04-13,44,Male,India,Bronze,9,283.33,no
151856468,2019-12-06,2026-08-20,64,M,mexico,Gold,37,2438.77,No
153090935,2025-03-01,,41,Female,England,Bronze,0,0.0,1
434357201,2023-08-13,26.08.2026,46,M,United States,Gold,27,1487.88,No
527769449,10/27/2023,2026-08-18,34,Male,Germany,silver,30,1439.30 USD,no
176588624,08/16/2024,2026/07/28,25,F,United States,Silver,18,808.37,N
210407905,11/07/2021,16-Jun-2026,31,MALE,Canada,Silver,17,786.08,NO
174164088,2022-08-12,2026-07-31,43,F,United States,Silver,23,1046.11,No
523358226,2022-07-24,07/24/2025,49,m,Germany,Bronze,2,209.36,Yes
773673711,2020-06-12,2026/08/15,45,O,United States of America,gold,68,3846.89,No
325864493,2023-08-01,06-Jul-2026,38,,CA,SILVER,19,711.98,No
694889665,12/14/2022,,30,Female,United States,Silver,15,1268.76,0
679677076,"January 15, 2025",01/15/2025,52,Male,Canada,Bronze,4,252.61,Yes
719696006,09/19/2022,2026-06-04,25,F,Canada,Gold,17,"$2,434.85",FALSE
930976233,2024-07-10,2026-07-26,34,female,Germany,Gold,16,2405.97,No
294236301,09/22/2025,"September 22, 2025",42,Male,Australia,Bronze,1,158.64,YES
671413336,2023-07-06,2026-03-01,39,Male,united states,Bronze,2,140.77,Yes
293790587,2023/12/03,07/28/2026,56,Male,US,Silver,15,1093.61,N
429079188,2024-07-01,2024-07-01,54,female,United Kingdom,Bronze,10,368.35,Yes
875930934,2026-02-04,2026-07-13,80,other,India,BRONZE,2,129.17,No
475499668,2026-02-02,,66,female,United States,Bronze,0,0.0,YES
736497172,2022-09-03,01.05.2026,59,Male,usa,silver,37,970.94,No
737854124,2020-06-03,2026-08-26,40,Female,,bronze,3,225.02,NO
303985242,2026-04-10,29-Jul-2026,55,FEMALE,usa,Bronze,6,-,No
840048870,17.03.2026,,64,Male,USA,Bronze,0,0.0,Y
195704943,2022-03-24,2026-09-03,36,Female,India,Bronze,19,497.78,0
841730407,2023-03-20,2026-09-05,53,MALE,US,Silver,12,814.95,No
197163516,2026-06-22,22-Jun-2026,23,Female,United Kingdom,Bronze,2,66.48,Yes
202212983,2021-07-20,08/05/2026,60,Unspecified,MX,Platinum,111,9376.97,NO
458440899,2024-08-10,2026-08-02,35,Male,India,Bronze,1,76.96,No
751834395,2024-07-06,08/16/2026,56,male,United States,Bronze,5,255.94,N
500349655,2024-08-07,2026-08-14,31,MALE,Germany,Bronze,9,604.66,FALSE
409425578,2024-04-17,"December 11, 2025",82,m,Canada,,2,219.45,Yes
517394325,2024-06-03,2026-07-20,20,Female,United Kingdom,Bronze,,454.23,no
648452782,27-Dec-2021,2026/07/25,56,F,United States,bronze,19,400.1,No
254859238,2022-07-23,24.08.2026,48,Female,U.S.A.,Silver,-34,1566.89,No
199751332,2024-04-26,28-Jul-2026,21,m,United States,  Bronze ,5,-124.19,N
411383186,2025-04-21,09/04/2026,36,Female,USA,Bronze,7,193.5,no
746398305,2023-08-16,2026-07-26,21,male,uk,  Bronze ,-999,291.95,No
766391713,2021-06-01,2026-08-21,75,Female,germany,platinum,44,3664.11,0
572781655,2024-06-11,2025-11-03,20,female,United States,silver,3,481.5,TRUE
417258163,2024-01-18,2026-09-04,33,Female,US,,13,$706.40,No
684950413,2021-07-08,09/04/2026,48,Female,United States,Silver,51,1179.22,No
332176727,2025/12/09,17.05.2026,25,Male,united states,SILVER,10,1127.93,No
432432427,2022-06-28,14.08.2026,28,Male,United States,slv,26,1430.72,No
869972850,2026/02/06,07/10/2026,52,Male,United States of America,Bronze,1,30.99,no
809758426,03/29/2026,,29,FEMALE,United States,BRONZE,0,0.0,Yes
589865441,26-Dec-2024,2025/10/25,28,m,USA,Bronze,5,227.26,Y
599501181,08/14/2022,2026-09-02,26,Female,Australia,SILVER,10,828.02,no
967054591,2025-10-04,,63,Female,USA,BRONZE,0,0.0,Y
869713258,2024-05-15,2026-08-03,37,Male,US,N/A,13,1789.94,N
512082217,2022-06-27,2026-04-21,75,Female,USA,Silver,4,556.67,No
540471404,"June 18, 2022",2026-08-26,29,Female,United Kingdom,Platinum,50,6889.79,No
772643143,08/04/2025,2026-09-02,46,Male,DE,SILVER,17,1255.13,No
402496412,2025-06-13,08/02/2026,39,Female,US,Bronze,3,45.47,No
713656198,29.11.2025,2026-05-04,39,F,India,Bronze,10,310.97,no
836008186,2024-03-18,2026-05-23,57,Female,usa,Silver,67,1561.33,No
147955076,09/02/2022,24.06.2026,26,M,united states,  Silver ,25,1830.18,0
466553828,2022-04-21,2026-04-24,45,female,india,GLD,45,3670.7,No
233473497,"December 30, 2023",2026-08-01,25,female,United States of America,SILVER,14,1264.8,No
614839770,2025-08-29,2025-10-31,78,Male,United States of America,Bronze,3,98.42,Yes
279167533,2025-06-28,2026-08-16,52,Male,Germany,Bronze,6,222.8,N
884492982,2025-02-12,2026-07-28,-,M,United Kingdom,Silver,16,1057.29,No
413083517,10/16/2021,07/16/2026,36,m,U.S.A.,Silver,14,912.79,No
686973618,2024-11-07,05/22/2026,46,female,Mexico,Gold,25,2317.71,no
610478375,2024/03/23,05/18/2026,38,Male,Australia,gold,17,missing,No
603591840,2022-10-26,2026-07-21,55,N/A,Mexico,bronze,4,198.95,No
465080725,2026-02-16,23-May-2026,45,Female,US,Bronze,6,411.44,No
462288140,29.09.2020,2026-08-25,70,Female,usa,brz,5,269.95,No
964445548,19-Jan-2024,2026-07-15,60,FEMALE,United States,  Silver ,6,458.22,No
346805276,09/01/2021,2026-08-23,53,Female,australia,Gold,26,"$2,268.86",No
536802784,04-Mar-2024,2026/08/18,53,M,United States of America,Bronze,6,$249.17,No
933640681,2022-11-13,"July 06, 2026",-,MALE,Canada,bronze,5,200.73,NO
935475676,22-Apr-2022,2026/07/22,26,N/A,Canada,Silver,8,736.88,No
528764002,2025-09-08,2026-08-10,33,Male,US,Silver,6,472.77,No
490751839,2021-12-02,2026-07-17,51,MALE,NULL,Silver,26,1510.6,No
868800430,2022-12-28,2026-08-08,31,Male ,BR,Bronze,6,353.53,no
495369739,2022/08/29,2026/03/01,33,Male,U.S.A.,Bronze,1,96.77,Yes
906629913,2020-07-11,2026-08-15,27,Male,United States,Bronze,11,354.97,No
365074873,"June 10, 2024",,28,Male ,USA,Bronze,0,0.0,Yes
983224549,03/02/2025,08/22/2026,,Male,Canada,Bronze,3,111.58,No
713963624,"April 05, 2025",,64,Male,US,Bronze,6,322.69,No
407328710,2025-09-01,,31,Female,United States,Bronze,0,0.0,Yes
670916695,2025-12-29,2026-07-23,36, Female,US,Bronze,9,353.02,N
669547894,2024-06-16,2026-07-25,40,Female,IN,Silver,12,1143.67,NO
414505082,2024-01-16,2026-08-13,32,Male,United Kingdom,Silver,21,1180.27,No
726840557,2025-10-08,2026-08-06,40,Male,united states,silver,25,784.28,No
707653476,2021/11/01,06/24/2026,54,Male,Brazil,bronze,6,340.53,No
463638460,03.03.2024,2026-09-01,35, Female,N/A,Silver,14,463.26,No
325242117,01-Dec-2019,2026-09-02,52,Female,,platinum,100,13463.73,no
530714759,2023-01-22,2026-08-16,31,Female,United States of America,Silver,14,523.69,N
263540392,03/09/2025,2026/07/23,67,FEMALE,UK,Bronze,9,204.07,No
369648642,2026/02/01,2026-03-01,58,F,United States of America,BRONZE,4,276.52,Yes
177520972,08/16/2023,07/21/2026,26,Female,Canada,bronze,11,449.01,FALSE
303273751,12/25/2023,"August 02, 2026",66,Male,United States of America,Silver,14,1148.59,No
179721275,2022-07-28,2026-08-22,47,,Brazil,Silver,16,1023.05,FALSE
589807858,2020-08-11,2026/07/13,47,Female,Brazil,Silver,9,621.34,No
823709688,18-May-2026,2026-05-18,67,Unspecified,,Silver,-999,677.16,Yes
267388603,2022-05-01,2026/09/05,61,Female,US,Gold,31,2692.59,No
860888326,09/20/2025,27.02.2026,51,Female,México,brz,1,54.32,Yes
112089736,"October 03, 2023",2025-12-24,24,female,canada,Bronze,3,-100.98,YES
140294104,10/19/2024,2026-08-31,37,F,United Kingdom,Bronze,4,503.98,No
794151922,2025-02-01,2026-07-07,47,m,USA,Bronze,5,,N
487586454,2024-09-28,2026-07-23,78,Female,United Kingdom,Silver,9,593.56,N
569782382,15-Sep-2023,03/01/2026,31,Female,Canada,Silver,11,1137.38,TRUE
587115094,21-Jan-2025,2026/07/27,43,Female,United States,Bronze,1,35.31,No
172883762,10/19/2022,07/28/2026,,f,United States,Platinum,64,3813.25,No
150815792,08/24/2025,31-Jul-2026,37,F,Canada,Silver,11,523.21,No
867230524,02/19/2023,2026-09-02,41,Female,United States of America,silver,37,1175.07,No
303702456,29-Dec-2024,2025-10-11,30,male,United States of America,Silver,11,570.2,yes
233084088,2023-07-23,2026-07-04,38,Male,United States,silver,none,603.52,No
994564937,2021-06-03,2026-08-27,28,Female,United States of America,Silver,16,633.95,no
936188494,03/21/2022,2026-07-18,39,Male,Brazil,SILVER,45,1244.73,no
711931025,2025-04-30,2026-08-11,71,Female,United States,Bronze,4,111.26,no
598793294,22.06.2025,03/11/2026,43, Female,Canada,Bronze,10,454.81,No
760374823,2022-04-22,2026-08-29,35,Male,US,Platinum,47,7348.56,0
982796059,2021-12-10,,59,male,U.S.A.,BRONZE,-8,415.49,no
342023661,2026-03-29,07/07/2026,34,Male,Germany,Bronze,3,$269.01,No
815028361,05/19/2024,2026-06-12,57,Female,uk,Bronze,8,614.81,0
144906056,2023-10-19,2026-06-27,51,Male,United States,gold,29,2168.11,no
819597100,2022-07-14,,,,CA,Bronze,0,0.0,Yes
762716041,01/08/2025,,27,Female,United States,Bronze,12,295.71,No
429868001,03/25/2025,03/25/2025,56,Male,Brasil,Bronze,2,62.98,Yes
184604473,"October 17, 2022",2026-04-06,30,M,Great Britain,Bronze,6,332.93,No
731561756,12/02/2021,2026-03-01,40,femail,UK,Bronze,1,54.79,Yes
850351424,2022-11-28,2026-08-22,24,Female,CANADA,gold,39,-2492.04,No
537341084,2021-11-02,2026-07-28,61,F,CA,bronze,11,319.17,No
187229638,2022-12-22,"September 17, 2025",46, Female,United States,Silver,8,1031.13,yes
438371675,2023-06-13,"March 01, 2026",28,M,Canada,Bronze,7,360.31,Yes
469699129,25-Mar-2022,07/28/2026,40,Female,Australia,silver,22,717.17,0
328346535,2026-04-06,04/06/2026,52,Female,INDIA,brz,1,55.48,Yes
966634097,2022-05-23,2026-08-22,41,Male,UK,bronze,12,$484.89,No
875185435,09/24/2024,,49,Unspecified,India,Bronze,0,0.0,YES
118296639,2023-09-09,08/11/2026,52,F,usa,Gold,-11,2073.92,No
805534052,2022-05-09,2026-09-01,37,male,India,,65,3598.37,no
264968886,2022-08-25,2026-08-17,41, Female,Australia,Bronze,4,263.86,No
244440250,26.04.2026,26.04.2026,50,Female,United States,Bronze,1,103.91,Yes
981686142,2025-07-02,2026-08-01,73,M,Canada,slv,7,1288.08,0
240991156,"July 08, 2025",2026/08/18,38,Female,India,Bronze,8,456.28,FALSE
749981358,2022-07-25,2026-07-03,25,FEMALE,US,Bronze,6,409.93,NO
110025063,2025-09-15,08/02/2026,44,Female,U.K.,Bronze,3,229.45,no
548272024,02/26/2025,25-Jul-2026,39,Female,Mexico,Gold,12,2438.37,No
561817630,2025-01-10,2026-08-03,20,,US,Silver,5,702.42,no
541796581,08-Mar-2025,2025-06-29,60,Female,United Kingdom,Bronze,2,123.77,yes
703954920,2022/11/01,2026-06-08,34,Unspecified,CA,Bronze,6,48.34,no
109439610,2024-03-20,07/02/2026,41,Male,Brazil,bronze,10,560.77,no
201013917,01/25/2025,2025/05/24,60,Female,CA,bronze,5,256.87,Yes
599075500,25-Feb-2026,25-Feb-2026,50,Female,australia,Bronze,2,,Yes
134675293,2021-12-31,25.11.2025,48,F,United States,Bronze,5,305.86,1
406876756,2026-06-29,2026-06-29,43,Female,Australia,Bronze,3,59.3,FALSE
357523303,02/08/2023,2026-06-05,56,Male,UK,Bronze,3,174.52,N
154423873,11/06/2025,,58,female,India,BRONZE,0,0.0,Y
474099740,"October 23, 2021","August 12, 2026",53,Female,Canada,Gold,35,3166.29,no
687860721,2024-01-17,17.01.2024,39,Male,Brazil,Silver,6,630.25,yes
254365572,2022/02/20,20.08.2026,45,F,US,Silver,12,1614.09 USD,FALSE
128450288,03/13/2026,,45,female,U.S.A.,Bronze,0,$0.00,YES
511320558,2024-11-13,2026-06-21,37,F,United Kingdom,Bronze,19,327.57,No
787475679,05/15/2024,2026-03-01,67,Male,United States,Bronze,2,148.72,Y
349141854,2025-03-20,2026-07-02,64,Male,U.S.A.,Silver,15,,No
541115609,11/01/2024,"July 21, 2026",28,N/A,United States,brz,4,284.74,no
442738213,2026-03-10,03/10/2026,43,Male,Mexico,Bronze,1,51.41,Yes
856942169,2024-06-23,03.08.2026,25,MALE,United States,Gold,26,3708.32,No
775590746,2024-01-21,2026-08-22,40,Unspecified,Canada,Silver,10,712.2,FALSE
267242795,2025/06/12,16-Jan-2026,31,Other,usa,bronze,1,28.1,yes
243418796,09/18/2022,2024-06-04,?,M,Great Britain,bronze,5,$382.20,Y
631450243,05/15/2025,2025-07-18,31,Male,India,BRONZE,2,217.16,Y
773676756,10/21/2022,2026-08-28,28,Male,Canada,Silver,23,1331.57,No
502210037,2022-01-29,07/28/2026,72,F,United States,brz,15,-632.63,No
415776810,09/29/2024,08/17/2026,44,FEMALE,USA,Silver,18,972.42,FALSE
574582158,2025-05-04,2026-08-28,63,Male,US,Bronze,13,321.92,NO
444913492,2023-10-02,2025-01-08,66,Female,N/A,Bronze,5,340.93,Yes
365374103,2025-02-14,27-Jun-2026,51,Male,USA,Silver,9,599.6,no
515509601,"June 08, 2023",2026-08-07,35,female,U.S.A.,Platinum,54,7926.86,N
619005569,10/19/2023,2026-05-21,38,Female,USA,gold,29,"$2,633.44",no
485715818,12/14/2020,2026-08-23,23,Female,US,Gold,53,2595.68,No
764862894,2020-04-11,23-Jun-2026,40,Male,Can.,Silver,15,913.66,0
198889833,27.09.2022,06/07/2026,77,f,India,Gold,44,3030.62,No
697231206,12/08/2020,2026-08-18,58,F,Canada,Silver,43,2009.63,0
233561022,2023-06-22,08/05/2026,35,Male,,BRONZE,5,297.43,No
551899113,2022/05/05,07/13/2026,19,MALE,United Kingdom,SILVER,31,1420.86,N
555100702,2024-12-13,2025-08-22,33,Male,Mexico,bronze,12,395.66,Yes
633827983,23.01.2025,03-Jul-2026,62,Female,United States,Silver,15,746.91,FALSE
885066461,2022-04-22,,34,Female,United Kingdom,Gold,51,3727.88,No
815196473,2025/09/27,01-Mar-2026,54,femail,united states,Bronze,1,83.58,Yes
335080610,2024-02-14,06/12/2026,60,F,Australia,Gold,24,2083.32 USD,No
706719240,2023-03-08,2026-07-05,39,Female,USA,Bronze,18,554.94,NO
692966359,2023-10-12,"April 18, 2026",39,Male,CANADA,Bronze,4,159.78,0
534767680,"July 23, 2024",2026-04-23,27,Female,England,Silver,13,1088.09,no
780790532,2022-08-05,2026-08-14,84,Female,United States,BRONZE,11,405.91,NO
331945880,2021-10-31,2026-08-22,27,FEMALE,US,Silver,22,1438.6,no
290102942,2022-08-21,2026-04-26,21,MALE,Mexico,gold,42,,no
324084748,2023-07-27,2026-07-31,23,Male ,usa,slv,,550.59,no
113436687,2022-05-20,08/29/2026,35,Other,United States of America,Silver,-21,949.51,No
770596250,,15.02.2025,33,male,CANADA,BRONZE,1,155.28,Yes
893579426,05/14/2023,05-Jul-2026,24,FEMALE,United States,Silver,7,672.27,No
152895395,21-Dec-2025,2025-12-21,32,U,United States,Bronze,2,128.57,Y
131153526,09/21/2021,2026-08-23,31,F,United States,Silver,15,921.2,N
113416105,06/18/2025,2026-08-24,46,Male,Germany,Bronze,7,256.57,no
398746313,03/28/2024,2026-07-15,38,FEMALE,India,silver,14,1625.02,FALSE
446701732,2025/09/24,2026-03-01,68,m,United States,Bronze,5,missing,TRUE
310152885,2021-06-26,08/10/2024,24,prefer not to say,US,Silver,18,1140.44,1
479161353,2024-08-11,08/05/2026,33,Female,USA,Silver,20,1282.1,No
667150119,2021-03-16,04.02.2026,59,Female,IN,Bronze,12,266.25,Yes
882623368,2023-11-22,07/15/2026,38,Female,IN,Silver,14,847.78,No
396638716,13.10.2024,2026-07-24,26,prefer not to say,usa,Gold,28,2123.96,No
934801994,"May 06, 2023",2026-08-20,27,Female,United States,Bronze,9,-244.18,N
497082820,2025-12-26,2026-08-31,31,FEMALE,United Kingdom,Bronze,4,144.78,No
375522862,2023-08-20,2026-07-25,60,F,germany,Bronze,5,328.73,No
241042631,03/24/2021,2026-06-13,41,Male,Canada,Gold,54,1982.04,FALSE
866260622,2022-10-19,2026-08-19,32,Female,usa,GOLD,18,1857.09,No
461710871,2025-10-13,NULL,46,Male,USA,Bronze,2,$117.71,TRUE
443804008,2023-06-21,09-Aug-2026,32,N/A,USA,Bronze,14,351.2,No
672833078,2024/12/04,2026/08/31,22,OTHER,,Bronze,12,497.45,N
490209096,2023-10-15,2025-03-03,67,male,Canada,Silver,17,628.47,Yes
634403032,22-Feb-2022,31.08.2026,52,Male,USA,Silver,18,,No
132517003,2025-08-08,2026-07-28,54,male,united states,Bronze,11,361.41,NO
817039523,2024-05-25,03/11/2026,33,Male,DE,gold,26,2639.1,No
301145326,2022-08-15,,44,Male,United States,Silver,50,1052.34,0
600098184,"November 18, 2024",03-Jul-2026,64,male,Canada,Silver,12,1389.81,NO
246779610,05.03.2023,,20,female,United States of America,Silver,22,2070.47,0
863337475,02/25/2025,2025-12-07,27,U,United States of America,Bronze,6,491.57,Yes
708204845,05.04.2025,2026-07-28,82,Male,United States,silver,3,1212.43,No
247883074,20.05.2020,21.08.2026,49,Male,US,silver,7,1131.98,No
149285859,2023-12-24,2026-08-21,60,Female,United States,BRONZE,4,328.76,no
666004541,2023/10/07,2026-03-01,46,Female,Canada,bronze,2,67.51,Yes
132965760,02/15/2022,2026-08-01,58,Male,USA,SILVER,27,1055.5,No
562675250,01/18/2024,06/16/2026,62,Female,usa,Bronze,10,334.18,No
773900906,07/07/2024,2025-03-17,25,Female,United States,Bronze,2,118.03,YES
374715991,20-Dec-2021,2026-07-29,80,OTHER,India,bronze,8,279.23,no
244912375,,2026/04/02,50,female,Brazil,Bronze,10,312.46,No
911648625,01/19/2022,2026-08-31,47,Male,USA,Silver,16,681.34,No
722118745,18-Oct-2019,05/29/2026,32,Male,USA,Silver,32,973.95,N
890915213,08/19/2025,2025-10-16,52,Female,--,Bronze,2,217.92,Y
623804632,2022-09-03,13-Jul-2026,27,FEMALE,United States,slv,13,1130.2,No
826838119,2024-10-27,07.08.2026,39,MALE,US,Gold,14,2806.02,No
253048044,2024-07-28,2026-08-22,52, Female,USA,Bronze,9,337.53,No
322898051,2025-12-08,,37,M,CA,BRONZE,0,0.0,Y
788050568,10.03.2023,2026-08-08,34,Male,England,Bronze,13,$236.58,No
955343084,2025-05-31,2026-08-13,59,M,australia,BRONZE,6,109.16,No
103617016,2022-09-12,08/09/2026,19,male,USA,Silver,18,2007.73,No
640736485,2025-10-03,2026-01-19,38,FEMALE,BR,  bronze ,3,326.6,Yes
147490386,17-Apr-2022,2026-06-16,36,female,Canada,Gold,-46,2191.55,No
535173744,13.05.2025,2026-06-19,37,Male,United States,brz,6,335.08,no
291300136,20-Jul-2021,2026-07-05,37,Male ,USA,Platinum,42,5253.07,No
760743882,2023-05-22,2026-06-29,30,Female,USA,GOLD,21,3135.21,no
588711877,18-Apr-2023,2026-08-27,49,M,United States,Silver,33,1291.11,N
235508523,15-May-2026,15-May-2026,39,male,usa,bronze,2,96.94,YES
531032129,13-May-2025,2026-03-01,42,Female,germany,Bronze,6,265.42 USD,yes
517391956,2024-08-07,09/04/2026,49,Female,United States,Bronze,6,275.67,No
903866075,15-Nov-2023,07/03/2026,39,female,BR,Bronze,1,$63.44,No
967997029,2023-04-25,06/07/2026,33,female,United States,Bronze,4,201.11,FALSE
478938798,2025-06-02,09-Jun-2026,32,femail,Australia,bronze,4,312.7,No
639787360,2025-08-12,2026-07-14,,F,India,Bronze,3,59.75,No
422308661,2026-04-12,04/12/2026,41,Female,Germany,bronze,2,81.2,Yes
492703502,08/02/2024,01.03.2026,53,male,United States,Bronze,3,88.64,1
303600245,01/10/2026,2026-09-03,38,Male,United Kingdom,slv,11,1021.02,No
606061496,2022-03-24,07/16/2026,60,Female,N/A,BRONZE,12,$434.74,No
726896321,20.11.2023,2026-06-09,30,male,Canada,Silver,33,1402.79,No
448542594,05/11/2024,06/25/2026,55,Female,usa,bronze,14,341.07,0
532693555,2025-01-03,2025/08/24,24,Female,,Bronze,4,208.5,Yes
278312632,2024-05-23,2026-04-26,72,Male,United States,Bronze,8,307.48,0
603726954,"October 05, 2020",2026-08-19,,Other,CA,Silver,36,1180.54 USD,No
599177842,03/23/2025,2026-03-01,20,Female,United States,BRONZE,4,234.96,TRUE
305450823,2024-12-18,,53,MALE,DE,Bronze,0,0.0,Yes
927094853,08/05/2024,2026-09-04,33,M,usa,GLD,25,2219.74,No
153830069,20-Aug-2026,,59,Male ,Great Britain,Bronze,0,0.0,yes
430554569,2026-01-03,,37,Male,AUS,Bronze,0,0.0,yes
387697875,2022-01-29,2026-07-17,27,Male,Canada,Silver,37,1895.62,No
788475536,06/02/2020,2026-03-01,26,m,NULL,BRONZE,4,221.28,Yes
881700184,2023-01-21,,50,Female,U.S.A.,Bronze,12,394.89,No
639124886,13.10.2022,2026-07-24,56,Female,UK,silver,45,806.35,No
357313621,07/22/2022,2026-06-22,31,Female,United States of America,Silver,8,936.5,no
561954144,2026-01-11,,28,MALE,United States,Bronze,0,0.0,Yes
429026187,2022-09-20,06/08/2025,62,female,England,silver,15,489.09,Yes
578269034,06/08/2021,03/01/2026,49,Male,united states,Bronze,-7,-319.78,Yes
789081380,02/24/2026,02/24/2026,45,Male,US,Bronze,1,131.80 USD,Yes
366390950,15-Mar-2022,2026-06-24,62,female,USA,Gold,46,"$3,916.27",0
905851499,15-Apr-2023,"June 22, 2026",54,M,Australia,unassigned,16,690.82,No
205051477,2023-01-05,30.07.2026,50,Male,Canada,Gold,15,2298.98,N
236432875,"November 01, 2023",06/21/2026,44,Female,usa,bronze,6,257.77,N
470820319,2022-07-11,,83,female,United States,Bronze,0,0.0,Yes
601250867,"June 17, 2023",08/24/2026,24,Male,Germany,Gold,26,1842.74,N
633573984,09/23/2023,,49,Unspecified,united states,brz,0,0.0,Yes
621798168,2026-07-08,,46,FEMALE,Mexico,Bronze,0,0.0,Yes
404476428,08/04/2019,2026-08-24,53,Male,Australia,bronze,5,$581.85,No
357256536,2025-03-09,01-Sep-2026,55,F,Great Britain,bronze,15,416.71,no
920737876,2024-11-17,03/01/2026,42,female,United States of America,Bronze,7,163.1,Y
697530800,03/16/2024,2026-01-17,32, Female,canada,Silver,12,756.6,YES
440986447,16-Jun-2025,,24,MALE,United Kingdom,Bronze,0,0.0,yes
663676068,2024/11/11,2026-03-01,39,unspecified,United States,Bronze,2,42.23,Yes
697039200,2022-10-15,2026-09-01,57,Male,UK,Silver,28,953.55,No
712322310,2021-05-05,04/24/2026,26, Female,United States,Gold,29,2635.44,No
156493050,06/14/2021,2026/09/05,62,FEMALE,usa,Silver,16,872.18,N
673136144,2020-08-04,2026-07-14,80,Male ,USA,Silver,13,820.3,NO
431771432,07/17/2026,17-Jul-2026,73,FEMALE,IN,Bronze,1,$87.41,YES
487371737,2025/02/07,2026-03-22,73,Male,Canada,Bronze,6,275.66,No
861855143,04/20/2020,2026/08/07,31,Male,australia,Gold,15,3348.23,N
427708419,2022-06-20,2026-08-15,35,female,US,none,20,1022.9,No
194058034,05/28/2026,"May 28, 2026",54,F,USA,Bronze,5,228.21,Y
246786370,2024-02-19,2026-05-23,78,MALE,USA,Gold,14,2492.06,No
661023214,12-Mar-2026,03/12/2026,41,Female,United States of America,bronze,2,68.06,Y
620706265,2022/11/23,,25, Female,United States,Bronze,0,0.0,1
921418299,05/01/2022,2026-07-17,50,FEMALE,United States,Gold,42,"$1,595.70",N
481982313,10/31/2023,15-Aug-2026,30,Female,United States,Silver,17,698.92,No
345275812,2023-08-03,2026-02-06,56,Male,united states,Bronze,3,164.44,Yes
288759762,2025-07-29,2025-07-29,25,male,United States,BRONZE,1,40.89,Yes
869033324,05/13/2026,,34,Female,United States,Bronze,0,0.0,Y
660730532,2025-07-17,11-Aug-2026,57,,,Bronze,2,180.9,No
769496581,2025/09/24,07/01/2026,29,Male,United States,Gold,12,1706.79,No
838767917,2026-07-24,,44,Female,U.S.A.,brz,0,missing,Yes
420406550,2024-02-19,12/07/2025,39,FEMALE,Canada,none,14,927.24,Yes
807768721,26-Feb-2025,26.11.2025,26,m,United States,Bronze,2,159.76,Yes
867494702,05/23/2024,,44,female,U.S.A.,Bronze,9,412.43,Yes
353399458,2024-11-07,07.09.2025,67,Female,US,Bronze,1,106.81,Yes
548512250,04/25/2025,,31,female,US,BRONZE,3,112.79,No
573938820,2023-05-24,08/21/2026,52,F,US,Silver,44,1052.82,No
201316936,08/26/2020,2026-08-26,71,Female,United States,GOLD,26,3455.35,No
244798078,04-Jun-2026,2026-06-04,61,Female,US,Bronze,2,50.42,Yes
504345412,2022-01-30,2026-07-25,,Female,United Kingdom,GLD,28,2223.46,N
846769390,2022-08-08,22.08.2026,52,Male,IN,GOLD,19,1902.54,No
560071368,08/01/2024,,61,Female,United States,brz,0,0.0,Yes
410536558,07/04/2022,16.07.2026,35,,Mexico,Gold,25,2599.49,No
189141824,09-Sep-2025,2026-08-04,47,Male,Mexico,Bronze,8,602.2,No
316999140,18.11.2024,2026-07-12,33,m,USA,BRONZE,9,229.61,N
810842436,07-Oct-2022,08/12/2026,,Male,US,,10,494.6,FALSE
234641598,27.06.2023,05/04/2026,44,Female,United States of America,Silver,44,1949.86,no
192881267,2025-04-30,2026-08-15,59,unspecified,United States,Silver,2,443.64,No
683025542,2021-02-26,2026-06-21,41,,United States of America,Gold,45,2568.9,0
322939763,2026-01-02,11.05.2026,61,Male,Brazil,Bronze,4,247.06,NO
406496918,06/30/2022,08/09/2026,21,Female,UK,Silver,9,572.16,FALSE
320375182,05/16/2022,08/22/2026,43,Female,Australia,Silver,18,975.48,No
253273241,"June 18, 2025",2026-08-05,76,male,Australia,Bronze,2,96.67,no
814047783,27-Dec-2024,,56,M,India,brz,5,352.11,No
264524038,2026-02-11,2026-08-10,35,female,Australia,Bronze,5,290.99,No
988123883,2023-02-10,"June 14, 2026",47,MALE,DE,Silver,25,709.62,N
170846219,2025/08/28,01-Mar-2026,28,Female,USA,Bronze,2,92.9,Yes
535133490,2023-06-23,05-Jul-2026,30,male,Canada,Bronze,8,237.17,No
995669726,2024-11-19,2026-06-07,52,Female,UK,Bronze,6,250.03,No
350508586,23.02.2020,2024-12-10,35,other,United States,Bronze,1,33.49,Yes
709998703,2021-05-06,07/01/2026,59,Female,India,Gold,141,4072.1,0
372359891,2025-10-12,2025-12-27,47,Unspecified,United States,Bronze,4,266.49,yes
361423975,19-Aug-2023,23.08.2026,21,Male,usa,Bronze,7,462.08,N
323000419,12/28/2023,2026-08-07,36,Male,india,Silver,16,851.88 USD,No
822186004,2025-08-05,07/24/2026,42,Male,United States,Gold,8,5004.73,No
575173915,2025-10-01,2026-03-01,24,Male,United States,BRONZE,3,92.02,YES
887496958,2025-03-17,2025-03-17,57,Male,USA,bronze,6,244.52,yes
261324133,04/23/2021,2026-09-07,32,M,CANADA,Gold,48,2836.66,N
752317411,2023-09-06,2026-08-11,55,m,US,Gold,59,2347.15,No
433064208,2021-11-22,17-Jul-2026,29,m,united states,bronze,4,186.76,No
601662012,"August 12, 2025","August 29, 2026",28,Female,United States of America,Bronze,3,205.64,NO
914720573,2022/11/11,2026-06-06,39,Female,United Kingdom,Silver,27,1204.55,No
701418391,2024/09/28,2026-07-30,43,MALE,US,Silver,13,1505.82,No
647236718,02-Jun-2026,,69,Female,Germany,bronze,,$0.00,1
875171367,2021-03-02,07/05/2026,70,Female,US,Gold,51,3063.85,no
328005590,2022-04-01,2026-08-31,37,M,united states,silver,27,1594.29,no
434536760,2023-05-08,"June 14, 2026",44,m,US,slv,10,1038.03,No
535699039,2021-03-29,,57,Male,Germany,bronze,0,0.0,Y
605233931,2020-11-16,11/12/2025,34,Male,USA,BRONZE,2,53.72,1
529840713,2022-09-02,"January 29, 2024",26,Female,United States,Bronze,3,130.15,Yes
331553143,2024-06-16,2026-06-04,82,MALE,United States,Bronze,7,329.2,No
915545294,01-Jan-2025,2025-05-03,30,Female,canada,Bronze,6,459.45,Yes
406247289,2022-08-03,2026/09/01,51,Other,IN,GLD,20,,No
270338317,11/04/2022,07/17/2026,36,female,United States,Bronze,7,189.07,0
972734325,2020-01-29,2026-08-29,36,Other,U.S.A.,Gold,37,3347.19,No
639992689,2022-12-13,2026-06-19,23,Female,Australia,Silver,24,746.07,N
105948547,2024-06-24,2026-06-22,20,Female,United States,silver,34,1190.5,No
669432890,2020-07-24,08/11/2026,35,Male,United States,NULL,50,1271.24,N
710144253,2024-02-12,08/10/2026,28,Male,United States,silver,17,913.5,No
684686423,02/18/2026,2026-02-18,73,F,United Kingdom,Bronze,3,215.68,yes
699021967,2026-01-17,17-Jan-2026,35,Female,germany,Bronze,1,53.06,Yes
508008590,2020-10-17,2026-07-25,42,Female,Germany,SILVER,25,867.53 USD,0
982639549,2023-05-01,,35,Male,Mexico,Bronze,0,0.0,YES
355635742,01/21/2023,01.03.2026,71,M,united states,Bronze,2,93.22,1
248620273,2023-03-24,2026-03-01,46,Male,United Kingdom,Bronze,-8,340.34,TRUE
779992219,02/20/2024,2026-05-05,21,MALE,USA,Silver,11,,No
618196107,12/08/2024,2026-08-07,48,Female,United States,Bronze,8,320.83,No
453742440,15-Apr-2024,2025-12-15,54,Male,Canada,Bronze,5,198.46,yes
705233213,07/04/2023,,59,Male,US,Bronze,0,0.0,Yes
426032183,2022-12-04,2026-08-02,,F,Can.,Silver,11,973.97,no
942218042,02/27/2026,27-Feb-2026,55,Male,United Kingdom,  Bronze ,3,75.17,Yes
373975113,2023/04/05,2026-05-26,27,Male,United States of America,Bronze,4,267.38,no
632029606,"June 07, 2025",2025-06-07,32,male,Canada,bronze,6,408.92,Yes
376036802,2019-07-18,"April 25, 2026",27,M,--,Platinum,94,9274.49,no
900630267,2021-11-22,23-Aug-2026,41,Male,United States,Silver,-23,974.05,NO
194105979,2024-03-07,27-Aug-2026,36,Male,usa,Gold,-999,4241.1,no
353796620,2022-01-24,2026-08-13,42,Female,India,Bronze,12,455.46,No
955665917,12-Apr-2022,2026-06-09,51,FEMALE,US,BRONZE,3,156.48,No
935135869,2024-06-19,01-Mar-2026,50,Unspecified,United Kingdom,silver,5,661.52,TRUE
814019292,2026-01-21,29-Aug-2026,66,M,BR,Bronze,3,179.16,No
526811499,2023-10-18,2024-12-11,48,Unspecified,Germany,bronze,9,230.36,Yes
618909864,11/29/2023,2026-06-15,39,Female,UK,Gold,26,1656.93,no
357145139,06/06/2025,,23,Unspecified,Germany,  Bronze ,0,0.00 USD,Yes
287517923,18-Jan-2025,2026-07-13,22,Female,U.S.A.,SILVER,14,1100.33,FALSE
440124487,11/07/2020,"January 24, 2025",49,Male,US,BRONZE,1,55.11,Y
922009241,2023-03-18,22-Nov-2024,35,N/A,England,BRONZE,11,430.9,Y
181097399,04/28/2023,2026-01-11,30,Male,USA,Bronze,8,158.55,Yes
739921534,07/15/2020,17-Jul-2026,54,femail,united states,gold,24,2012.93,No
914561072,2023-01-07,24-Jul-2026,43,female,United States,Gold,42,2847.76,No
299936720,15.12.2024,2026-07-15,26,Female,USA,Silver,8,723.28,0
964799097,2025-06-02,2026-03-01,36,Male,Canada,brz,2,230.29,Y
137563384,2024-11-03,2025-12-30,39,N/A,INDIA,Bronze,3,188.66,1
444134326,"March 09, 2024","August 02, 2026",-,Female,India,Gold,41,N/A,No
899809102,09/24/2024,2024-09-24,39,M,United States,bronze,1,41.61 USD,Yes
854654211,"October 03, 2019",2026-07-31,29,Female,DE,Gold,25,2009.16,No
506611623,06-Oct-2024,08/12/2026,73,F,IN,Bronze,17,477.35,No
145924453,12-Sep-2021,2026-09-04,,Female,United States,SILVER,33,1843.27,no
347650983,2025-06-06,06-Jun-2026,26,Female,US,bronze,,-407.26,No
229202182,2026-03-31,,29,Male,Brasil,Bronze,0,0.0,Yes
672867395,11/18/2024,18-Nov-2024,31,Male,England,Silver,7,$469.81,Yes
240627048,23-Jan-2026,05/05/2026,27,femail,AU,Silver,10,2043.72,No
160173423,2022-06-24,,59,Male,United States,bronze,5,118.95 USD,No
428892011,2021-07-07,08/22/2024,47,F,USA,Silver,11,850.31,Yes
916987089,2024/06/01,2026-08-31,31,Male,U.S.A.,silver,10,1421.31,No
846855944,31.03.2022,2026-06-16,53,Female,united states,Bronze,7,209.26,NO
385558928,2023-08-19,2026-07-31,45,female,United States,gold,31,2404.17,no
876525523,2021-04-17,2026-06-11,76,M,BR,Platinum,46,5566.7,no
308745159,2023-12-13,2026-06-02,40,Male,Germany,silver,5,737.41,No
229430788,"May 28, 2026",,50,Unspecified,United States of America,Bronze,0,0.0,1
610151126,2022-09-13,2026-08-13,55,m,Canada,Silver,21,-1234.1,N
532985489,,07/07/2026,64,female,canada,bronze,9,299.52,FALSE
219379497,2025/09/12,12-Sep-2025,24,Male,Germany,Bronze,-1,22.88,Yes
854351513,2024-05-13,"August 20, 2026",42,MALE,United States,Bronze,17,403.34,no
972232624,25.02.2022,2026-08-17,36,female,USA,Silver,30,1108.94,No
961144510,2022-12-05,25-Aug-2026,55,Male,United States of America,silver,15,1498.62,no
208803820,,07/20/2026,76,Female,UK,Silver,15,,No
438515495,2023-03-03,04-Aug-2026,46,M,CANADA,GOLD,27,1760.84 USD,No
645237753,04-Oct-2022,06-Aug-2026,31,F,United States,Silver,26,"$1,443.67",No
135199665,2022-07-17,2026-08-29,31,Male,Australia,silver,35,1844.1,No
384506903,"September 28, 2024",2026-08-15,57,Female,USA,silver,14,757.63,No
951359477,2024-01-20,08/08/2026,42,Male,India,bronze,19,521.22,No
586731630,2021-02-13,2026-07-07,31,femail,U.S.A.,brz,12,430.25 USD,0
325373210,2021-12-29,2026-07-17,-,Female,united states,Silver,12,690.48,No
279265790,09-Mar-2026,,34,Male,usa,Bronze,0,0.0,Yes
584754481,2023-09-13,08/14/2026,90,Female,uk,slv,23,910.81,No
896401454,01-Jun-2024,2026/07/07,86,FEMALE,Australia,Silver,14,658.8,No
201031818,2023-12-27,11.03.2026,28,Male,Canada,Bronze,9,542.37,N
429079188,2024-07-01,2024-07-01,54,female,United Kingdom,Bronze,10,368.35,Yes
905695213,2022-10-23,2026-06-08,20, Female,United States,Bronze,2,74.45,No
883231057,2024-06-28,2026/07/14,41,m,U.S.A.,Gold,32,2394.43,No
778417386,2024-05-08,18-Aug-2026,28,Male,USA,Bronze,3,99.6,No
890741644,2020-04-26,2026-05-15,49,Male,United States,SILVER,15,-485.73,
736136272,06/23/2024,2026-08-02,35,Male,USA,GOLD,24,1601.62,0
638738441,11/22/2024,2026-08-11,45,Male ,IN,Silver,10,1325.11,No
680263869,"September 05, 2023",08/22/2026,36,F,United States,Silver,11,1066.52,N
672861636,09.07.2024,2026-08-12,42,Male,United States,Bronze,14,362.94,N
807442198,10/21/2024,2025/12/29,57,female,Brazil,Silver,27,,YES
332623610,2025-07-17,2026-08-18,21,Female,USA,Silver,3,533.1,No
528335607,2023-06-26,,32,Female,United States,GLD,43,2731.95,No
787524922,12.08.2022,31.07.2026,60,Male,Germany,  bronze ,12,395.11,No
161940381,2025-04-17,2026-03-01,30,N/A,United States of America,Bronze,2,,Yes
803808379,2025-05-11,2025-10-27,N/A,Female,USA,Bronze,3,92.28,Yes
295047079,12/09/2021,,41,Male,USA,silver,-25,1200.44,No
541523780,2024/04/01,2026-09-03,34,M,Mexico,Gold,27,3884.62,No
680804307,2020-02-24,2026/06/06,38,Male,United States,Silver,28,1127.8,No
464478929,29.07.2024,12/25/2024,22,Female,Australia,Bronze,-1,127.59,Yes
228776836,2021-09-09,06/15/2026,28,Male,US,Bronze,8,244.1,N
681523235,"April 18, 2024",2026/07/24,33,Male,DE,Silver,21,912.2,No
561938188,2021-08-28,03-Aug-2026,27,M,United States,gold,90,4180.47,NO
532414407,2023-05-31,2026/08/31,,Female,United States,Bronze,5,105.55,No
126910428,2024-12-22,2025-05-03,44,Female,AUS,BRONZE,1,-27.88,Y
992649924,2024-11-25,2026-08-21,34,F,United States,Bronze,1,52.36,No
437107420,2025-11-27,01.03.2026,52,f,United Kingdom,bronze,2,176.82,Yes
727841536,10-May-2023,07/12/2026,41,Female,usa,Gold,60,2887.23,No
550397188,01/06/2026,,57,Male,US,BRONZE,0,0.0,yes
803003466,2023/11/20,2026-07-26,66,non-binary,England,Gold,42,2467.89,0
336385249,2023-09-24,2026-07-29,29,Unspecified,united states,Silver,21,951.4,No
376100357,2023-12-29,11-Aug-2026,33,Other,India,bronze,1,82.65,NO
581767600,2025-09-07,2026-08-22,58,Female,United States,Bronze,1,44.6,no
144658017,2025-12-07,07/01/2026,26,Male ,,Bronze,11,318.16,N
350782289,01/16/2026,,24,Male,Mexico,Bronze,0,0.0,Y
817861810,"March 20, 2025",,50,female,Brazil,Bronze,0,0.0,Yes
203552784,2022-04-13,08/28/2026,29,FEMALE,Australia,Gold,81,4944.38,No
763130291,2020-12-07,2026-08-17,35,prefer not to say,Canada,Platinum,46,4076.79,FALSE
598662544,2022-02-25,2026-08-01,72,MALE,canada,Bronze,7,286.83,No
117021353,10.05.2023,2026-08-22,21,Male,United States,Bronze,13,391.43,FALSE
219869684,23-Aug-2022,,68,Female,USA,Bronze,0,0.0,Yes
390125332,2021/07/31,08/03/2026,64,non-binary,uk,Gold,76,2099.66,no
241489156,2021-08-23,2026-08-11,55,Male,U.S.A.,Silver,23,1678.49,No
127775655,2024-02-26,30.07.2026,59,female,United States,Silver,19,1100.39,No
493983797,2022-12-30,08/26/2026,54,Male,USA,Silver,17,722.79,FALSE
942324970,"May 14, 2024",2026-06-09,42,,United States,Silver,11,834.73,no
243252036,2024-07-09,08/14/2026,72,Female,United States of America,Silver,17,$903.49,0
201742617,2021-06-03,08/23/2026,60,M,United States,brz,17,417.47,0
904052055,2022/03/07,2026-07-06,59,Female,USA,Silver,21,646.29,No
275342642,09.01.2021,2026-07-20,20,Female,United Kingdom,Gold,30,2782.61,No
200113376,14-Jan-2026,2026-01-14,39,MALE,Australia,BRONZE,5,110.7,YES
977913617,2022-08-13,2026-08-16,34,F,US,silver,6,1189.89,No
418904947,2024-12-21,2026/08/22,67,other,United States,Bronze,12,,No
229859941,2026-03-20,2026-08-27,54,F,U.S.A.,Bronze,1,51.73,N
776741123,2023-05-17,,72,Male,CA,Bronze,-1,0.0,Yes
207975766,2022-10-26,"June 10, 2026",49,M,usa,Bronze,3,143.99,no
484662644,"June 11, 2024",2026-08-29,32,Male,USA,Bronze,4,208.37,no
812685642,2023-01-12,2026-07-02,46,Male,U.S.A.,bronze,1,132.74,N
952968853,11/30/2021,2026-08-12,60,male,United Kingdom,Gold,31,1486.87,no
925470031,2025-11-11,15.04.2026,41,Female,Canada,Bronze,2,$72.67,No
469255440,18-Dec-2025,2025-12-18,50,N/A,usa,BRONZE,2,264.6,Yes
283026939,2021-12-15,2026-08-03,28,Male,USA,GLD,46,3245.55,FALSE
206974146,2025-06-10,2026-08-22,60,m,unknown,Bronze,7,372.48,No
381992371,2023-07-10,07/11/2025,67,Female,India,Bronze,7,447.86,Yes
208927433,2025-09-15,2026-08-19,46,Male,N/A,Bronze,9,252.85,No
535087569,2025/08/15,2026-07-22,66,Female,UK,Silver,14,591.95,No
795202426,03/04/2024,2026-06-20,52,femail,UK,bronze,5,-,No
271284172,08/06/2022,2026-08-18,36,Male,usa,Bronze,8,$418.03,no
170931328,2022-12-18,07/29/2026,39,male,CA,Platinum,31,4589.28,No
172867182,2020-07-18,2025-06-27,,m,USA,Silver,10,,Yes
336668745,2025-03-08,,34,f,Germany,Bronze,0,-393.31,Yes
569316029,01/20/2025,08/27/2026,25,f,United States,Silver,15,$887.22,no
583147571,06/18/2022,2026-08-10,26,Male,Germany,Silver,13,missing,no
916903906,"July 21, 2024",2025-11-05,38,f,Germany,Bronze,16,598.91,Y
882957280,2025-06-16,2026-03-01,29,Female,United States,bronze,7,180.31,TRUE
321401007,2021-05-21,08/22/2026,41,M,US,Platinum,33,5656.95,No
790835650,08/07/2025,2026-01-22,51,Male,CA,Bronze,3,418.59,Y
669536207,05/13/2023,2026-05-19,22,Unspecified,US,Silver,14,1213.36,No
618261800,2022-05-26,16-Aug-2026,50,male,England,gold,23,2479.37,FALSE
878500853,2022-07-18,,41,Male,canada,Bronze,0,0.0,Yes
560219957,2024-09-01,20-Jul-2026,30,Female,United States,bronze,3,167.22,No
306469681,02/08/2024,"July 10, 2026",41,Male ,United Kingdom,Silver,21,861.83,No
526366701,01/14/2023,2026-08-16,46,,United States,Gold,37,2272.02,No
793806755,2024-10-14,2025-11-19,62,M,india,Bronze,2,167.0,Yes
684979183,2021-11-27,03-Jan-2026,23,Female,Canada,Bronze,2,68.18,Yes
390697019,2025-01-09,2025-10-18,30,Female,United States,Bronze,1,14.6,Yes
450370013,12/19/2021,2026/06/21,21,Female,india,bronze,4,331.69,N
555538745,2020-12-15,2026-08-08,34,Male,Australia,silver,9,598.1,N
898089353,2025-01-06,07/29/2026,35,Male,Germany,,13,470.97,No
583825900,2024-02-03,,28, Female,USA,Bronze,0,0.0,Yes
693365528,18.01.2026,2026-01-18,61,unspecified,India,Silver,11,494.57,Yes
730359175,19.12.2024,03/01/2026,45,F,United States,Bronze,3,295.12,Y
635666969,10/02/2022,07/03/2026,77,Female,United States,Bronze,4,295.33,0
634494863,03/22/2022,2026-08-07,36,Female,U.S.A.,Gold,38,2523.89,0
219867755,08/12/2025,12-Jul-2026,19,Male,India,Silver,8,1272.77,No
248444109,2023-07-25,0000-00-00,23,F,United States,brz,5,254.46,Yes
754810226,11-Jun-2026,,44,Female,USA,Bronze,0,0.0,Y
211442168,06/21/2023,2026-08-09,69,Female,US,silver,23,"$1,007.57",No
114190647,2023-11-03,2026-08-22,24,MALE,U.S.A.,Silver,33,1433.28,No
334869793,2021-09-06,"July 30, 2026",55,Female,Germany,Gold,18,2495.87,No
857973667,2021-03-23,26.08.2026,22,Female,canada,Gold,44,2641.02,No
581849126,05/06/2024,2026-08-04,32,female,US,Silver,15,1344.63,0
150076344,2023-12-27,2026-03-01,51,FEMALE,United Kingdom,bronze,5,354.61,Yes
295591593,"December 26, 2023",28.08.2026,77,female,United States,Bronze,16,275.73,No
252652258,10-Apr-2024,2026/08/30,63,M,Canada,Silver,10,823.59,no
772519398,"May 19, 2020",2026-08-23,36,,Brazil,Bronze,10,321.4,No
369742231,2026-04-21,2026-04-21,48,FEMALE,Brazil,Bronze,1,101.84,Yes
776530626,2022-07-30,2026-08-23,,Male,UK,Silver,25,2026.04,No
760001558,2022-12-15,2026-08-04,38,Female,canada,Gold,43,"$1,826.26",No
973802991,"May 30, 2025","August 28, 2026",26,F,Canada,Bronze,4,124.04,No
298975054,2025-10-02,"July 02, 2026",24,f,Mexico,Bronze,5,464.51,FALSE
397345130,2023-01-08,2026-08-12,53,male,United States,Silver,19,1536.95,FALSE
877202901,2023-06-04,2026-08-11,32,Male,united states,gold,40,,No
620157703,01/01/2023,03/01/2026,29,Female,usa,Bronze,6,443.4,Yes
386331656,12.02.2023,29-Aug-2026,NULL,f,canada,Bronze,19,445.08,0
609366239,2025-12-04,2026-07-16,39,male,USA,Bronze,7,205.7,no
372725653,24.03.2020,2026-08-14,28,Male,canada,PLATINUM,59,5382.17,No
469031954,12/07/2023,2026-03-01,62, Female,United States,Bronze,3,195.68,Yes
467849424,2023-01-17,2026/07/08,57,N/A,United States,Platinum,48,4455.88,No
317092156,2023-02-06,,37,Female,Brazil,,29,NULL,N
644336267,19-May-2024,2024-11-06,56,Female,United States,bronze,1,33.46,YES
223507753,"December 09, 2025",N/A,54,Female,USA,brz,9,380.35,NO
904191007,2025-10-15,2026-07-21,54,other,CA,bronze,5,71.96,No
153640595,2024/05/08,,68,prefer not to say,US,Bronze,0,$0.00,1
986874580,2021-01-28,02.08.2026,36,Female,UK,Silver,12,887.3,no
959629605,10/17/2024,,32,female,England,Bronze,0,0.0,TRUE
703217031,2022-04-09,17-Aug-2026,25,Female,australia,Gold,21,2804.65,NO
158983638,2023-10-20,09/02/2026,71,Male,,Silver,14,856.51,No
311593442,2023-05-27,09/05/2026,28,female,usa,Silver,25,1130.86,No
389140378,2021-10-16,2026-08-24,71,Female,México,N/A,43,4263.08,No
732038054,2021-02-20,2026-06-30,72,male,United States,Bronze,11,422.93,No
966607922,2021-02-03,2026-05-13,54,Female,Canada,Gold,38,2846.19,No
315862384,2022-11-23,NULL,64,Male,,Bronze,3,154.1,FALSE
696579031,2023-08-30,2026-08-03,39,m,Great Britain,Bronze,3,107.62,N
481324914,08/24/2022,2026-08-02,58,male,MX,Silver,56,1385.14,No
833235236,2023-01-10,"September 01, 2026",62,Male ,United States,Platinum,26,3698.75,No
781340065,01-Sep-2024,2026-07-17,70,M,usa,Silver,15,1227.21,No
841876153,07/05/2025,2026-08-12,51,Female,Mexico,brz,3,82.21,No
603767916,"October 03, 2022",2026-07-13,74,Female,Great Britain,Silver,10,613.18,NO
405390507,2022-10-04,2026-08-02,48,female,United States,Gold,27,2316.81,No
569389300,2023-04-19,2026/05/31,38,Female,United States,Silver,37,"$1,816.14",No
948728244,2026-02-21,,52,Male,united states,Bronze,N/A,0.0,1
241656969,2023-07-19,08/11/2026,33,M,,Silver,15,784.75,No
361951671,2024-09-24,2026/07/20,58, Female,CA,Silver,11,1297.13,No
496142251,09/19/2023,2026-08-19,38,F,India,SILVER,16,1542.55,No
860892579,2023-03-11,2025-06-25,64,f,united states,Bronze,2,66.37,Yes
999450458,2024-02-26,2026-08-11,41,Female,India,slv,-28,813.81,No
927929166,2024-02-04,2026-08-23,43,Female,United States,slv,26,829.06,N
127322149,29-Sep-2024,06/18/2026,27,Unspecified,IN,Silver,20,1125.01,No
212960536,"April 13, 2025",2026-08-04,38,prefer not to say,United States,Silver,9,489.53,No
544208389,2025-03-27,2026/09/03,54,Male ,INDIA,BRONZE,3,$122.63,No
503828120,01/22/2021,02-Jul-2026,62, Female,United States,Gold,56,2763.55,No
370653319,2026-03-10,2026-03-10,72,female,USA,BRONZE,3,83.7,Yes
914864045,2026-03-26,26.03.2026,55,F,US,Bronze,1,24.35,Yes
784776585,"January 26, 2020",2024-12-10,65,M,United States,,4,141.12,Yes
608025561,2024-07-27,12-Aug-2026,32,Female,US,Silver,16,1206.86,No
903225719,2023-01-20,11.07.2026,26,Male,U.K.,Bronze,10,,No
574126867,06-Feb-2024,2026-08-25,49,female,USA,Gold,23,1486.72,No
414710896,16-Nov-2024,N/A,39,Other,U.S.A.,BRONZE,6,289.81,Yes
109815561,21-Feb-2026,,22,U,Canada,Bronze,0,0.0,Yes
766646868,26-May-2024,2026-08-24,48,female,England,Bronze,10,305.84,No
445111669,2024-02-22,,37,M,UK,bronze,0,0.0,TRUE
871500038,2025-02-17,2026-05-27,19,MALE,USA,Silver,14,1154.26,No
578651915,2024-12-03,08/04/2026,24,femail,brazil,bronze,3,97.7,No
468719108,2024/11/24,"July 19, 2026",27,F,BR,Silver,15,866.41,No
667424984,2022-04-12,07/13/2026,32,Male,Canada,Silver,12,610.19,0
842547470,2025-08-06,,29,F,United States,Bronze,0,0.0,yes
884080199,2025-10-23,2026-07-26,58,Female,Germany,,4,264.08,NO
554204773,05.11.2025,2026-08-10,,Female,AU,,3,$202.82,No
294237261,2023-08-11,2024-03-03,36,Male,United States,bronze,5,374.34,yes
348564336,08/05/2020,2026-08-11,76,M,CA,bronze,12,$430.14,N
500471063,2021-12-29,2026-06-14,57,Female,United Kingdom,Bronze,3,89.93,N
319804963,17-Apr-2025,2026-08-27,39,Male,INDIA,Bronze,3,77.23,No
264702030,28-Jan-2020,2026-07-23,23,MALE,unknown,SILVER,19,,No
422209737,07-Nov-2022,2026-09-01,30,prefer not to say,U.S.A.,Silver,8,,no
268870354,2026-01-12,,23,female,United Kingdom,Bronze,0,0.0,Yes
928445769,04/12/2023,2024-09-05,66,male,Australia,,5,345.37,TRUE
865670830,2020-05-02,08/04/2026,46,Female,United States,Silver,20,827.87,no
119028641,2020-04-21,2026-08-08,60,F,CA,Platinum,48,4692.26,FALSE
981171026,2023-08-16,2026-02-21,42,Female,Australia,BRONZE,2,38.87,Yes
788415755,2023-05-20,21-Aug-2026,,m,United States,Silver,32,1776.46,0
202144700,2023/10/23,08/20/2026,27,Female,brazil,Silver,19,1251.5,0
119938585,01/19/2021,2026-07-25,58,Male,US,Silver,31,916.35,No
234999108,05/01/2026,01.05.2026,82,Female,US,NULL,1,54.77,Yes
706841730,,2026/03/01,32,Male,usa,Bronze,2,182.63 USD,TRUE
926458099,2025-10-29,2026-08-18,34,Male,USA,Silver,11,702.06,No
351316229,2023-08-13,2026-03-01,34,FEMALE,India,Bronze,3,130.09,Yes
399933371,2024-07-24,2026-08-04,50,female,US,Silver,13,,No
482517272,03/26/2023,2026-08-30,43,OTHER,Canada,Silver,10,1018.62,N
475943067,2021-12-11,08/14/2026,34,Male,DE,Bronze,4,211.24,No
938218873,03-Apr-2022,"February 04, 2026",56,O,United Kingdom,Bronze,1,$30.06,YES
185639526,2021/03/27,2026-09-01,,Female,USA,Gold,45,2868.67,NO
155918801,12/14/2024,13.08.2026,52,Male,India,Bronze,14,315.53,No
466972375,2023-06-16,15-Jun-2026,68,m,United States,Bronze,10,426.48,FALSE
329717062,10/05/2023,2025-04-29,,Male,United States,N/A,13,362.22,Yes
470795936,2021-12-28,2026-08-15,42,f,USA,Silver,16,1177.44,No
155588058,2024-08-29,2025-10-12,29,femail,germany,Bronze,2,86.11,Yes
319755399,09-Apr-2026,2026-09-01,24,male,uk,Bronze,4,260.32,No
719857476,2023-10-27,N/A,33,FEMALE,DE,brz,4,260.09,No
668908052,"June 20, 2022","July 27, 2026",35,M,Australia,BRONZE,2,91.2,no
695785412,"March 18, 2022",2026/08/02,50,female,united states,Silver,30,1401.67,No
485157702,2022-09-20,2026-07-21,69,U,Canada,SILVER,35,1080.76,No
572652839,2022-03-30,2026-08-06,50,Female,Australia,Silver,11,853.38,0
863779103,2023-06-28,2026-06-13,27,U,USA,SILVER,39,959.86,No
630072057,2021-06-22,2026-07-14,34,Male,United Kingdom,Platinum,62,"$6,439.86",No
338324483,2025-01-03,2026/08/28,64,Male,United States,Silver,4,545.96,No
185412258,2021-07-01,2026-05-11,46,Female,United States,Silver,18,1665.01,No
972515022,10-May-2025,2026-07-28,29,M,United Kingdom,Bronze,8,309.89,N
951245922,2021-06-14,2024-11-26,44,M,United States,brz,none,201.96,Yes
840480346,2024-01-15,2026-03-01,40, Female,United States,Bronze,2,204.04,yes
664379382,2021-11-07,2026/08/10,28,Male,United States of America,Bronze,18,476.44,N
167457721,2024-03-17,07.08.2026,41,male,Canada,Silver,16,808.98,No
635064056,02/19/2023,"May 14, 2026",23,F,IN,Silver,33,1658.25,No
554842254,2023/07/22,2026-08-04,46,FEMALE,United States,SILVER,13,653.57,No
150033472,2022-02-27,02-Aug-2026,67,male,,Gold,40,2284.34 USD,No
245852024,2025-10-08,"June 24, 2026",39,female,Australia,none,14,767.53,No
551196054,09/08/2024,2026/07/31,36,Unspecified,Canada,silver,6,748.62,no
999670902,2026-03-29,29-Mar-2026,43, Female,UK,Bronze,2,68.96,Yes
441415205,2021-06-15,2026-08-31,61,Male,United States,slv,7,475.56,no
190262438,2025-05-10,2026/07/29,22,Male,United States,Silver,8,800.76,No
983944217,12/12/2021,2026-07-05,50,FEMALE,Germany,Silver,32,,N
594499635,2025-10-05,10/05/2025,58,Female,Germany,bronze,9,454.02,Yes
422683452,2024-01-14,2026-07-17,25,Male,United States,Silver,16,678.02,No
339623572,07/22/2021,08/13/2026,50,Female,USA,Gold,32,3911.31,No
338064745,2025-12-20,,71,MALE,united states,Bronze,0,0.0,Yes
309889700,2024-02-28,2026/07/03,63,unspecified,USA,Bronze,1,71.09,N
403072596,2022-09-16,2026-08-07,35,M,USA,silver,N/A,"$1,229.46",NO
673966818,2024/11/27,2026-06-06,79,M,united states,Silver,15,921.26,FALSE
462032740,"July 14, 2024",2026-08-21,28,Female,usa,silver,15,715.63,No
778886729,2023/10/08,22.08.2026,68,Other,U.K.,Bronze,6,129.4,N
411793368,2022/10/29,08/21/2026,76,Female,--,Bronze,14,398.48,0
299640022,,2026-09-03,50,Unspecified,United States of America,Silver,,1187.63,N
550212246,2023-11-28,2026-07-02,28,Male,usa,Bronze,10,586.51,No
676481924,2022-08-01,2026/05/06,19,Unspecified,United States,Platinum,55,3767.98,N
818013090,20-Apr-2022,16-Jul-2026,35,Male,Canada,gold,41,2353.73,NO
456879818,2025-07-31,2026-07-24,56,Male,DE,Bronze,5,185.15,No
878885499,2022-08-19,09-Jul-2026,55,prefer not to say,Germany,Gold,42,4236.25,No
706325730,2023-02-24,"August 22, 2026",40,female,United States,Bronze,10,145.21,N
352187539,2026-04-24,04/24/2026,40,FEMALE,USA,Bronze,1,119.63,Yes
254726904,2025-07-13,2025-09-25,45,Other,canada,Bronze,1,117.53,Y
935148654,12.04.2026,2026-08-13,40,Male,Canada,Bronze,3,$245.79,N
576608326,06/17/2022,28.07.2026,24,Female,Mexico,Silver,N/A,$867.20,No
884978573,2023/01/21,14.06.2026,51,F,India,Platinum,56,7382.04,No
418827371,2023-03-23,2026-06-22,34,Male,United States,Bronze,9,385.23,no
337761728,07/05/2021,2026-07-25,40,female,Mexico,Silver,19,882.81,N
169699719,19.03.2026,2026-03-19,46,Female,USA,Bronze,2,573.52,Yes
118206025,2024-07-13,2026-07-20,54,f,,Platinum,41,5795.46,N
987476414,05/03/2020,2026-07-28,49,Male,USA,Platinum,88,11835.89,No
107926153,08.04.2021,08/08/2026,NULL,female,India,Bronze,12,492.47,no
901894070,2023-09-21,2026-08-15,35,male,India,Bronze,18,188.31,No
724483452,11/16/2024,2026-03-01,78,female,AU,Bronze,3,230.21,Y
625705826,17.09.2023,15.08.2026,32,Female,United States,Gold,15,1995.88,No
479507695,2023-05-07,07/05/2026,26,Female,USA,slv,11,775.88,No
716497176,20.09.2022,2026-08-26,33,Female,Australia,Silver,22,894.66,No
210407274,2024-10-28,2026/08/17,51,Other,USA,Silver,11,,0
167407643,11/02/2020,06/14/2026,64,M,United States,BRONZE,10,386.97,FALSE
169237528,2021-05-30,2026-08-20,47,female,US,GOLD,42,3500.44,No
964737740,10/28/2023,2026-08-07,75,M,US,Silver,11,871.47,No
299249817,2024-12-11,2026-08-14,35,male,United States,slv,16,852.29,No
192963480,2021-03-11,08/30/2026,41,Male,U.S.A.,Silver,15,986.45,0
904453431,2023-08-12,18.07.2026,58,FEMALE,United States of America,BRONZE,4,233.12,No
593069712,19.09.2022,21.07.2026,63,Male,United States,bronze,9,332.69,No
299985515,08/26/2026,,35,Female,India,BRONZE,0,0.0,Y
336156635,2024-04-07,08/03/2026,34,F,United States,Silver,33,860.12,No
384784343,2024-05-15,"August 10, 2026",57,male,USA,Gold,23,1693.0,No
863193300,2024-01-26,2026-07-21,47,Male,U.K.,bronze,3,82.96,No
234135826,05/16/2025,10/12/2025,43,Male,U.K.,BRONZE,2,162.74,Yes
933237339,08-Jan-2021,2026-04-26,61,f,United Kingdom,silver,18,$583.25,No
400861963,2019-10-04,2026/08/29,42,MALE,United Kingdom,Plat,60,"$4,344.14",NO
683539576,2025-09-19,,35,prefer not to say,Deutschland,Bronze,0,0.0,Yes
881756672,11/11/2025,2025-11-11,45,m,United States,Bronze,3,$124.15,Yes
551421774,2022-10-11,08/07/2026,34,Female,Brazil,gold,44,2994.88,N
848504634,2025-12-29,2025-12-29,34,male,USA,Bronze,2,62.09,Y
815127655,2023-08-19,2026-07-11,26,F,United States,gold,35,3257.64,0
597134358,10/21/2024,2026-05-06,37,other,United States,Bronze,3,312.23,No
210569193,2025-08-11,2026-08-29,59,Female,United States,Silver,14,1258.3,0
550849308,03/15/2023,2025-08-14,28,F,United Kingdom,BRONZE,2,,TRUE
581011198,2024-10-11,2025-02-19,37,female,United States,bronze,1,27.15,TRUE
783786490,12/31/2021,11.03.2026,59,Male,United States,GOLD,42,2563.09,No
760655454,18-May-2021,08/05/2026,36,female,Germany,silver,16,1707.0,no
381550443,08/16/2025,"July 27, 2026",52,non-binary,DE,Bronze,2,186.41,No
560534715,2020/08/29,2026-07-25,27,Female,United States,Silver,26,991.61 USD,no
509126435,"September 07, 2022",26-Aug-2026,71,Female,United States,Silver,66,1408.48,No
445706359,2025-05-02,08/09/2026,50,Male,CA,Silver,13,970.4,no
789022013,26-Feb-2024,,32, Female,United Kingdom,Bronze,5,127.33,N
309677804,2026-05-04,04-May-2026,23,Female,Brazil,Bronze,1,28.13,1
984168551,08/02/2023,2026-07-12,29,FEMALE,United States,Silver,40,1232.1,No
441253839,2024-10-27,,55,femail,Germany,Bronze,0,0.0,TRUE
148673336,08/04/2022,2026-08-29,68,Female,Canada,Bronze,14,194.14,
563344936,12/05/2025,01.03.2026,66,female,U.S.A.,BRONZE,1,106.55,Yes
854551435,2026-07-02,,36,male,Canada,Bronze,1,110.14,Y
937048216,2023-12-15,2026-08-04,34,Female,United States,  gold ,32,2372.61,N
796739091,12/01/2024,2026-01-08,29,Female,USA,Bronze,8,343.46,1
633950765,12/12/2022,"June 19, 2026",?,Female,United States,NULL,33,1270.32,No
787071201,2023/12/03,2026-06-16,59,f,United States,Bronze,7,222.77,no
477397689,31-Aug-2025,,48,N/A,NULL,Bronze,0,0.0,Y
921880089,04/06/2023,2026-07-17,,other,Australia,GOLD,11,2817.88,No
918866865,2022/10/12,06/30/2026,30, Female,usa,Bronze,11,$281.90,N
202537083,2026-08-14,,44,Female,United States,Bronze,0,-210.16,yes
176772593,12/11/2022,2026-08-15,,Male,Germany,SILVER,-20,$808.79,No
382296121,2022-10-27,,64,female,Australia,Bronze,0,0.0,Y
370386010,16.09.2022,2026-09-04,60,Male,United States,Platinum,71,5854.91,No
132734398,2023-11-13,24-Jul-2026,69,unspecified,US,Bronze,3,114.09,No
472658856,2025-05-04,2026-03-01,49,,N/A,silver,8,852.97,Y
713747177,2024-06-08,2026/08/20,25,Male,canada,Silver,-14,835.67,0
572569357,2022-09-13,2026-08-01,27,femail,United Kingdom,Silver,20,666.89,No
919384284,01-Oct-2023,,68,male,usa,bronze,0,0.0,Yes
390689966,16-Dec-2022,05/13/2026,34,Female,India,Bronze,16,363.96,0
796509500,2026-02-22,2026-03-01,30,f,Deutschland,Bronze,12,249.12,Yes
342414559,01.06.2025,01-Sep-2026,38,Female,England,Silver,14,901.85,no
355438929,2023-11-20,2025-10-19,31,Female,United Kingdom,Bronze,3,206.28,Yes
286148849,2025/09/06,2026/09/03,65,Female,United States,Bronze,5,372.22,0
869772241,03/18/2026,18-Mar-2026,42,Male,united states,bronze,3,$160.93,yes
556229611,09.10.2019,0000-00-00,32,Female,US,BRONZE,6,353.35,No
118413328,2025-12-16,2026-07-30,67,MALE,United States,Bronze,1,112.6,no
960454722,2022-04-17,"August 05, 2026",34,F,usa,SILVER,14,$676.87,No
452734959,2022-04-01,02/25/2026,32,F,United Kingdom,Silver,7,620.45,Yes
269373110,"April 27, 2023",2025-11-23,71,Male,India,Bronze,5,229.78,YES
149164735,2022-07-31,2026-08-15,46,F,United States,Silver,NULL,958.66,N
734068613,2026-03-15,2026-06-19,44,Unspecified,India,Silver,9,519.79 USD,No
160639627,07/20/2024,2026-07-23,54,male,U.S.A.,silver,15,1106.01,0
506027819,2021-09-19,08/29/2026,35,F,usa,  Bronze ,2,137.85,No
116598855,2021-11-27,2026/08/12,39,Female,United States,Gold,42,3013.8,No
126943121,2023-05-12,2026/07/17,63,M,BR,Silver,23,1207.06,No
925361010,12/28/2021,2026-08-31,68,Female,United States of America,silver,21,987.75,No
427775318,01.09.2022,2026-07-15,36,Male,CA,Bronze,7,$259.88,no
862250474,2023-05-16,07.08.2026,48,Female,USA,silver,23,1149.39,No
809149597,2024-07-30,06/09/2026,35,male,UK,Silver,18,1299.87,N
318267626,25.06.2021,15.07.2026,55,U,United States,Bronze,22,385.98,No
389100625,2023-12-20,26-Jun-2026,57,m,DE,silver,39,1383.55,0
412659321,2022-11-30,07/23/2026,26,Male ,United States,Silver,32,-,no
417054885,12-Dec-2024,2025-03-20,65,Male,Brazil,brz,7,189.65,YES
287307912,2021-04-16,2026-08-04,61,F,UK,BRONZE,9,$516.77,No
912686465,29.10.2023,2026-08-23,49,FEMALE,United States,bronze,24,249.5,No
136809770,18-Jan-2024,2026-08-29,34, Female,Canada,,23,1110.72,N
952622877,"January 15, 2022",05/12/2026,37,Male,United States,SILVER,33,1428.48,No
663053527,2023-03-20,2026-07-15,38,,Mexico,BRONZE,4,155.83,N
869640266,2023-09-26,2026-07-19,49,Male,Mexico,  Bronze ,11,115.62,No
317887357,2025-07-29,2026-06-11,47,Female,United States,Gold,23,2254.43,no
723257557,08.06.2023,2026-06-24,30,Male,india,Silver,13,930.11,No
864883508,2023-03-26,2026-07-16,64,Female,INDIA,Gold,20,1813.92,No
103224990,05-Nov-2025,08/27/2026,82,Male,India,brz,4,76.2,no
578800250,2023-06-18,07/18/2026,55,Unspecified,United States,Silver,18,954.37 USD,No
319832882,2023-09-14,2026-08-29,37,M,USA,gold,23,2415.37,No
166100430,02/17/2025,09.08.2026,57,Female,United Kingdom,GOLD,6,"$1,707.91",No
247712412,2026-02-17,2026-05-07,49,Male,USA,Bronze,5,149.26,N
587465080,13-Nov-2022,2026-07-23,26,prefer not to say,United States,gold,20,,No
609830463,2025-10-30,2026-04-10,67,Female,USA,Bronze,5,226.65,No
162382720,2024-09-20,2026-08-31,34,Male ,US,BRONZE,10,544.72 USD,No
255035536,2023/03/26,2026-07-13,31,male,U.K.,silver,21,516.54,No
868737570,2024-08-11,08/18/2026,,Male,United States,BRONZE,7,516.6,No
512159790,2024-12-23,03/01/2026,37,Female,United States,Silver,7,696.62,Yes
302100968,02/26/2026,01.03.2026,60,other,United States,Bronze,1,68.38 USD,yes
185987689,2021-10-15,08/08/2026,38,non-binary,United States,GOLD,43,1671.49 USD,NO
761063159,22-Mar-2022,,74,Female,Brazil,gold,58,2340.56,NO
851466627,21.10.2023,05/08/2026,44,Female,canada,silver,13,675.06,No
962098931,07/13/2020,2026-07-31,21,other,United States,Gold,84,2279.01 USD,No
745343999,2021-12-13,not available,61,female,United States,PLATINUM,16,3928.1,No
117224710,07/02/2025,,49,male,USA,Bronze,0,0.0,Yes
150692154,2024-03-20,2026-07-30,48,male,AU,Silver,16,$651.08,0
854699492,2026-07-24,24-Jul-2026,56,Male,germany,bronze,1,28.58,Yes
849324450,2023-10-27,12/25/2024,unknown,Female,Mexico,Bronze,9,-178.46,Y
756393265,2023-11-14,29-Mar-2025,28,Male,AU,Bronze,5,199.21,YES
475283286,11/01/2024,2026-07-16,32,Female,United States,brz,8,$423.03,0
364463429,2023-07-17,2026-07-15,33, Female,usa,Silver,14,608.11,no
158118138,2023-12-23,2026-08-14,62,non-binary,United Kingdom,Silver,12,955.55,No
654275654,2024-05-14,2026-09-05,40,M,USA,  Gold ,10,1677.32,No
548180054,25.09.2025,25.09.2025,70,M,Australia,Bronze,1,15.7,Y
136036265,2023-02-07,02.08.2026,50,Male,USA,Bronze,,226.78,No
361021453,2025-11-25,2026-08-14,47,Female,United States,Silver,10,1219.69,No
975492627,17.12.2023,2026-05-26,45,Male,USA,Silver,11,$814.64,No
131602257,2025-10-11,08/15/2026,67,M,Canada,Bronze,5,$361.88,FALSE
347666934,"August 27, 2022",2026-04-23,28,male,United States of America,Silver,14,804.79,N
789081668,2021-08-05,2026-08-22,53,Female,USA,Silver,-69,1992.28,no
984761093,2026-04-05,2026-04-05,42,m,United States,Bronze,5,NULL,Y
267640604,14-Sep-2024,2026-07-08,52,Male ,US,gold,23,"$3,357.11",no
789164084,03/17/2023,"September 03, 2026",65,Female,United States,Gold,29,3142.71,N
166978563,"April 30, 2025",2026-06-23,52,female,usa,Bronze,1,58.95,No
463378802,06/13/2024,2026-07-16,35,MALE,India,BRONZE,4,161.82,No
127146180,2024-04-16,2026-05-21,61,Male,USA,Bronze,3,281.07,No
608975479,2022-11-22,07-Aug-2026,43,,United States,silver,16,1025.58,No
844828928,07/09/2025,2026-03-01,50,female,Canada,Bronze,4,86.73,1
183542960,2022-05-30,2026-08-06,47,Other,United States of America,Silver,45,1853.21,FALSE
613726017,2024-03-31,2026/08/17,50,Male,US,SILVER,28,1522.45,No
195824098,04/28/2021,2026-08-22,42,female,United States of America,Silver,6,634.44,No
811776474,2024-06-28,2026-08-03,,Male,USA,Bronze,5,$132.69,No
160226578,26.12.2021,2026-08-17,30,Male,Can.,Gold,36,4041.96,No
388967449,2022-09-12,2026-08-02,44,Female,United States of America,Bronze,19,480.97,No
524477483,08-Aug-2024,2026-08-15,25,Male,Australia,Bronze,4,184.73,no
196981845,2026/04/25,08/03/2026,52,male,CA,Bronze,3,132.9,No
876639671,2026-01-19,2026/01/19,29, Female,United States,Bronze,1,39.11,Yes
867280122,11-Aug-2025,2025-09-08,22,f,Australia,Bronze,3,$138.02,Yes
642948851,"April 08, 2022",2024-08-24,66,Female,usa,Bronze,2,212.64,Yes
463894233,2024-12-18,2026-08-28,54,Male,Mexico,SILVER,12,770.33,No
362622695,2020/10/01,2026/08/01,32,f,US,Gold,36,4704.09,No
566257496,2024-01-21,25.06.2026,46,Female,U.S.A.,Silver,22,1574.74,No
901481918,07/12/2021,2026-07-31,83,other,United States,GOLD,26,1936.13,No
736671524,2025-10-14,2026-03-01,32,m,United States of America,brz,1,56.29,TRUE
314845382,05/25/2021,2026-08-20,23,male,US,Gold,46,3451.73,No
520234990,2022-10-09,2026-08-17,,F,United States,Silver,14,1311.63,No
871359922,2024-09-07,2026-05-27,29,Male,united states,silver,22,1378.11 USD,FALSE
239087561,2023-06-25,2026-07-21,42,M,US,Silver,8,720.95,No
697120453,06-Jan-2023,,34,Female,Canada,BRONZE,0,0.0,Yes
153551248,"September 06, 2023","June 28, 2026",57,Male ,US,Silver,14,820.99,No
834859736,28-May-2024,2026-08-13,19,f,brazil,Gold,20,3132.3,No
820408454,2024-01-11,"August 27, 2026",41,other,United States,Silver,13,$906.30,no
687273194,,10.08.2026,29,Male ,AUS,SILVER,13,1101.47,0
912266180,02/04/2025,,,Female,United States,bronze,0,0.0,Yes
268033376,2025-03-08,0000-00-00,37,femail,usa,Silver,15,681.37,No
533971007,07/03/2022,08-Jun-2026,37,Female,United States,Platinum,59,4283.26,No
753640956,2023-04-05,2026-08-13,53,Male,Canada,bronze,6,161.49,NO
577984498,2024-03-30,08/09/2026,39,Female,United States,Silver,8,495.89 USD,No
500556064,2025-01-01,,22,F,united states,Bronze,0,0.0,Yes
928775865,19.06.2021,08/05/2026,55,Male,USA,Silver,33,1353.4,no
211593059,2023/04/21,24-Jul-2026,33,MALE,USA,  gold ,37,3000.27,No
115639904,2023-03-16,11/21/2025,49,male,United States,Bronze,3,57.92,Yes
769030161,"June 29, 2025",16-Aug-2026,unknown,Male,India,Bronze,11,656.22,No
206725125,23.04.2026,2026-04-23,30,female,Mexico,bronze,6,462.21,unknown
618686079,05/29/2023,2026-08-20,33,MALE,United States,Bronze,4,265.79,N
878908224,"July 23, 2023",01/04/2026,25,female,US,BRONZE,1,49.1,1
117684298,2026-03-28,2026-03-28,25,Female,United States,Bronze,1,97.69,YES
683188543,2022-01-28,2025-06-27,80,FEMALE,USA,Bronze,1,75.63,TRUE
363539069,2024-05-14,2026-01-01,43,female,N/A,  Bronze ,2,491.56,yes
202908385,2022/10/09,05/14/2026,47,Female,usa,Silver,11,687.71,No
161701592,19-Apr-2026,"April 19, 2026",52,Male,United States,Bronze,1,121.47,Yes
337715901,2026-08-13,13-Aug-2026,22,f,United Kingdom,bronze,1,30.96,Yes
703277937,2023-06-01,01-Mar-2026,30,Female,United States,bronze,2,NULL,1
258459169,22.09.2023,2026-06-30,49,M,brazil,Gold,38,,no
481570817,11.09.2023,2026-07-08,24,Male ,UK,Bronze,9,-632.46,No
253013756,2026-01-05,2026/01/05,57,Male,canada,Bronze,2,190.75,Yes
507556537,05/19/2025,2026-08-09,68,Other,USA,Bronze,3,,No
586842736,21-Feb-2025,,36,Female,Germany,Gold,21,1973.38,N
789439982,2023-02-17,"August 10, 2026",30,female,United States,Bronze,9,237.99,No
452400136,03-Jun-2023,29-Aug-2026,64,Other,Germany,Bronze,8,418.45,No
833049451,2025-10-20,07/27/2026,46,Male ,Germany,Bronze,3,256.53,No
959772363,04-Nov-2025,2026/07/31,38,Male,United States,Bronze,5,318.4,No
216484745,2021-02-03,15.05.2026,48,male,UK,Gold,41,2505.3,NO
810534212,2022-09-09,2026-08-15,44,Female,United States,  Bronze ,16,414.75,0
627750998,10/26/2024,"June 11, 2026",40,FEMALE,US,Bronze,6,354.1,No
409753290,2022-12-30,08/21/2026,32,female,USA,Silver,21,549.23,no
136105417,26-Feb-2024,2026-07-12,24,Male,USA,Gold,-16,3014.89,0
609024639,2022-05-07,2026-08-08,38,female,USA,Platinum,44,6954.33,No
365512796,2025-03-18,2026-08-23,53,Female,Brazil,Bronze,5,392.9,unknown
386713537,11/22/2023,06.02.2026,42,Male,US,Bronze,8,457.2,1
678153864,2023-04-16,2026-05-11,,F,Canada,Silver,12,$945.35,
922852010,2025-03-07,2025-08-22,31,M,India,Bronze,7,222.72,Yes
617647368,05/04/2023,2026-08-10,44,other,United States,Gold,14,2445.72,N
977095417,2021-08-31,2026/08/21,22,FEMALE,United States,Silver,21,1281.36,No
157308787,"August 14, 2022",2026-09-04,41,Female,US,BRONZE,4,212.82,No
213151886,30-Aug-2024,08/06/2026,37,M,United States of America,Bronze,2,111.23,No
159875624,06/19/2025,05-Aug-2026,31,femail,united states,Bronze,3,208.4,No
771765122,08/16/2021,29.08.2026,84,Female,United Kingdom,Gold,73,2939.94,
687765627,05/26/2023,03.09.2026,54,Male,Canada,brz,5,290.6,NO
833071211,2026-05-16,,40,female,usa,brz,0,0.0,YES
106912392,2025-11-21,11/21/2025,67,Female,United States,Bronze,5,217.7,1
694747780,2023/07/30,2026-03-01,37,Male,US,Bronze,4,274.60 USD,Yes
968945140,26-Mar-2024,2026-06-13,42,Unspecified,United States,silver,11,844.32,no
618051926,2025-07-29,08/27/2026,22,Male,germany,Bronze,10,252.98,0
644490172,02.11.2024,2026-06-08,22,male,United Kingdom,gold,17,1790.28,No
745141054,09/27/2024,2026-06-18,31,MALE,United States,SILVER,7,856.6,N
343035776,05/26/2026,2026/05/26,38,Female,uk,Bronze,1,105.35,yes
688704624,2024/11/20,2026/07/11,54,F,australia,silver,10,697.52,No
785915644,2026-01-21,2026-08-19,56,Male,Germany,Silver,8,660.17,0
149104516,2024-06-18,2026-08-06,,female,uk,Bronze,16,$568.43,No
646964674,02/20/2021,2026-08-13,85,Female,US,Gold,63,3940.85,No
546571345,2023-10-04,20.08.2026,24,Female,BR,slv,16,925.51,No
673020266,2024-04-11,07/23/2026,46,Male ,IN,Gold,25,2384.33,NO
675698223,07-Jan-2025,"March 01, 2026",69,unspecified,Germany,Bronze,1,68.42,yes
271303562,2024-09-18,2026-08-08,35,male,INDIA,Bronze,4,$81.35,0
117685229,2024-04-18,2026-08-10,39,F,United States of America,Gold,23,2588.25,N
184509897,2023-10-08,2026-07-07,31,m,United States,Bronze,1,$33.15,N
776395510,05/05/2024,05/05/2024,67,F,usa,Bronze,1,57.77,Yes
794767574,06/10/2024,,58,Male,Canada,Bronze,0,0.0,yes
623966936,2026-05-25,2026-05-25,46,Male,United States,Bronze,2,89.24,Yes
959694610,12/13/2024,,69,MALE,N/A,BRONZE,0,0.0,yes
769317229,2026-07-05,2026-07-05,48,Unspecified,INDIA,Bronze,1,56.06,Y
236536591,2025-02-05,2026-08-17,71,Female,United States,Bronze,5,172.92,No
628470184,2022-05-02,2026-07-21,61,Other,United States,Silver,8,656.74,No
323392773,2023-06-05,2026-09-02,80,unspecified,India,gold,31,3999.45,No
568312043,2023-12-21,"April 24, 2026",37,f,Canada,brz,4,199.79,No
954872357,2024-08-14,08/25/2026,68,unspecified,United States of America,Silver,32,1126.27,No
372899818,2025-01-14,2026-07-03,48,Female,United States,Silver,20,1261.3,No
778146059,2025-04-24,2025-04-24,58,Female,United States of America,Bronze,1,42.09,Yes
890476132,2025-06-10,2026-02-18,34,Male,United States,Bronze,6,273.52,1
631373961,10/07/2022,2026-07-03,28,Male,India,silver,33,564.31,no
194610246,2023-11-25,2026-08-19,39,female,Great Britain,Gold,27,3896.61,No
127531424,2022-04-03,"August 01, 2026",70,Male,United Kingdom,BRONZE,10,486.78,No
394460968,"January 03, 2023",08/15/2026,45,M,australia,gold,26,1488.37,No
942020174,2026-06-15,,37,F,USA,brz,0,0.0,Yes
173606062,"November 15, 2021",2026-05-16,35,Male,United States,Platinum,40,3753.89,No
141960400,2026-01-26,01/26/2026,26,,Mexico,Bronze,2,136.19,Y
705711300,01/15/2026,,42,Male,CA,bronze,0,0.0,Yes
661365979,"February 07, 2025",2026-04-11,35,Female,United States,Bronze,1,45.71,No
242604441,2023-12-28,"August 14, 2026",81,other,USA,NULL,4,145.62,No
161194849,2025-04-13,07/02/2026,32,Male,US,Silver,22,701.82,0
700389805,2025/07/23,2026-08-11,,M,United States of America,gold,24,2827.8,No
751431416,27-Dec-2025,2026-05-01,42,F,AU,Bronze,1,55.34,No
101467574,2025-01-06,04-Aug-2026,52,F,United Kingdom,bronze,1,90.42 USD,0
737557259,2023-04-05,06/15/2026,81,Male,United Kingdom,Bronze,6,329.93,N
748922520,01/16/2020,2026-08-18,28,MALE,Germany,Gold,44,1907.91,No
297181519,2021-09-04,,35,Male,India,brz,20,439.74,No
716461495,2025-08-17,08/20/2026,45,M,United States of America,bronze,5,349.71,No
192769008,2026-01-17,2026-01-17,29,OTHER,Canada,bronze,2,242.49,yes
794059660,2023/03/03,2026-08-24,28,Male,US,Silver,15,867.74,No
706429016,03/20/2022,16-Aug-2026,48,Male,germany,silver,8,817.43,No
961204705,2023-08-12,2026/06/17,28,Other,United States,Bronze,9,368.57,No
184800575,2025-07-22,08/19/2026,53,Male,United States,Bronze,8,263.04,No
704990442,2023/10/20,2026-08-14,76,Female,usa,Gold,20,2290.9,No
538992991,2023-03-08,"August 25, 2026",33,Other,Canada,SILVER,N/A,839.93,No
937461028,2024-11-08,13-Aug-2026,52,O,India,Silver,7,624.92,N
539084614,2021-12-14,2026-08-17,24,Female,United States,Platinum,58,4670.96,no
672978512,"May 03, 2023",2026-08-03,59,Male,Germany,Gold,36,"$3,225.92",No
483175699,2021-02-28,05/07/2026,44,O,USA,Silver,19,798.86,No
631199892,2023-05-25,02/06/2026,42,Male,US,Bronze,3,-74.64,Yes
197055717,01-Oct-2024,"July 12, 2026",72,Female,USA,GLD,11,1875.9,No
929378418,02/16/2022,08/02/2026,38,,U.S.A.,platinum,44,3644.75,N
119004565,09/07/2024,,69,Male,United States,Bronze,3,253.11,N
951579127,2026-05-03,,23,Male,canada,Bronze,0,0.0,TRUE
254705749,2025-11-05,2025-12-19,26,Female,Mexico,bronze,-1,95.45,Yes
748041529,2024-11-23,2025-02-23,22,Female,Germany,Silver,11,696.41,Yes
369898481,07/13/2022,,40,Female,germany,Gold,20,2164.95,
557013085,2023-10-11,2026-06-04,33,Male,United States,  bronze ,6,460.69,No
658993143,2023-01-31,2026-08-27,62,f,IN,Silver,12,588.18,No
270266432,11/19/2022,26-Jul-2026,47,prefer not to say,Great Britain,Platinum,37,5364.22 USD,No
244512975,01-Jul-2025,26-Feb-2026,39,Male,United States of America,bronze,1,60.19,
354079755,20.04.2026,2026-07-31,47,Female,usa,brz,4,119.72,no
706007591,2023-04-14,2026-01-09,40,M,Brazil,bronze,1,83.22,yes
500580319,2021-06-16,03.08.2026,35,F,UK,Silver,7,485.42,No
477791312,2022-11-02,06/16/2024,unknown,Male ,U.S.A.,Bronze,11,335.44,Y
121883850,2023-05-10,2026-08-28,44,,USA,Bronze,3,92.24,N
365499869,2024-01-15,06/20/2026,40,Female,uk,Bronze,9,369.81,No
282587397,12/06/2021,25-Aug-2026,44,male,UK,bronze,8,320.03,no
651269025,07/07/2025,2026-07-28,37,Male,United Kingdom,Bronze,1,31.45,N
140456021,2024-08-21,,28,M,CA,bronze,0,0.0,Yes
199783053,2023-08-10,"July 26, 2026",31,FEMALE,Canada,bronze,6,264.43,no
430552513,14-Jun-2022,2026/08/12,50,FEMALE,United States,Platinum,72,5690.84,No
387823656,10-Oct-2023,2026-08-20,41,Male,United States,Silver,13,1632.94 USD,No
940976247,06/17/2022,2026-08-07,51,Female,US,gold,27,1714.09,No
532162058,"September 08, 2025",01.03.2026,51,U,Canada,BRONZE,4,229.69,Yes
943445256,05-Apr-2022,2026-05-19,22,N/A,Canada,Platinum,44,"$5,345.91",no
891224112,03/02/2025,2026-08-03,65,Female,india,Bronze,,452.73,No
512997587,"April 25, 2026",,43,male,Germany,Bronze,3,238.95,Yes
484889648,2024-08-03,2025-06-23,65,male,United States,Bronze,5,504.46 USD,YES
544580669,01/10/2025,"August 11, 2026",51,Male,England,Bronze,2,87.51,No
361778296,28-Aug-2023,08/05/2026,,M,United States,Bronze,4,276.7,NO
221852295,24.02.2023,2026/07/11,38,Unspecified,AU,Silver,16,877.45,No
516120479,14.02.2024,2026-08-16,66,Male,USA,Platinum,50,4551.02,N
471642654,11/30/2021,2026-07-17,64,N/A,United States,Bronze,5,318.24,NO
647516049,2020-07-02,02.09.2026,53,OTHER,Canada,Platinum,154,6839.29,N
692515644,2026/04/02,,53,male,England,Bronze,0,0.0,Yes
706821889,2026-04-01,2026-04-01,26,F,germany,Bronze,1,71.93,Yes
607911775,08/27/2022,2026-09-03,54,Male,CA,Silver,11,914.03,No
909598737,2023-05-04,2026/05/14,32,Female,Brazil,Silver,39,2104.61,No
314968220,04-Jun-2025,2025-06-04,63,M,United States,Bronze,3,53.77,1
648401917,24.05.2021,2026-09-02,?,Female,UK,Silver,17,1467.38,No
270754592,2021-10-03,2026-08-29,unknown,other,mexico,Bronze,9,266.82,No
726977795,2023-02-22,2026-07-16,36,male,US,Silver,17,$548.11,N
267858713,2024-04-02,2026/06/05,61,Male,USA,Gold,22,1456.55,FALSE
846814591,"August 30, 2026",,36,Male,United States,BRONZE,0,0.0,Yes
147739253,2020/02/19,19.07.2026,23,Female,England,Gold,69,2478.21,No
438831098,,2026-05-14,53,m,CA,Silver,12,642.02,N
360129688,2022-05-28,17.06.2026,29,female,usa,Bronze,10,311.52,FALSE
742054048,03/10/2023,2026-06-20,40,Female,England,Silver,20,573.10 USD,No
401472409,2021-04-12,2026-06-11,26,male,united states,Bronze,11,323.41,No
247898148,21.11.2024,2026-02-22,90,MALE,Mexico,Bronze,3,317.39,yes
365221188,07/05/2020,,32,Male,United Kingdom,Gold,49,2882.97,N
988059142,2022-02-02,2026-07-14,65,Male,U.S.A.,  Silver ,24,538.14,No
382301133,11/18/2024,2026-07-20,50,F,USA,,10,$573.21,no
700744185,2026/02/11,,38,Male,United States,bronze,0,0.0,yes
288964157,2021-03-20,,43,Male,united states,silver,9,1242.98,No
602489433,2022/07/29,08/24/2026,25,M,India,BRONZE,4,150.79,no
830606381,2020-11-15,2026-07-31,21,Female,Great Britain,Platinum,56,6491.52,No
388953125,2023-01-13,"July 29, 2026",unknown,Male,india,Silver,25,1319.0,N
406327317,02/16/2025,2025-08-05,25,Female,USA,Silver,19,1125.93,Y
351791181,16.07.2021,2026-06-19,57,F,USA,Gold,17,1979.96,No
693613759,2025-12-12,2025-12-12,58,male,Canada,Bronze,4,94.05,Yes
343852642,2025-06-10,06/10/2025,41,Male ,USA,Bronze,8,215.9,
208838207,2024-01-01,"July 27, 2026",39,Male,United States,Gold,21,2216.51,No
830088007,"August 26, 2020",08/01/2026,33,Male,UK,GOLD,16,2758.42,NO
953129134,05-Mar-2024,"May 22, 2026",39,Female,England,Silver,11,$801.45,No
179744936,2022-06-12,2026-04-12,19, Female,Australia,Silver,42,1319.88,No
588881238,2023-06-20,2025-08-26,54,Female,Canada,Bronze,8,260.26,YES
957072832,16.07.2025,07/27/2026,40,Male,United States,Bronze,3,-239.5,
690948042,2019/07/06,2026-07-23,45,Female,Germany,Platinum,59,5935.38,N
702215197,"November 22, 2024",04-Jul-2026,51,Male,US,brz,8,329.73,No
548464490,28.03.2025,,33,M,Brazil,Bronze,0,0.0,Yes
876807338,,,20,Unspecified,USA,Bronze,0,0.0,Yes
696413150,2023-05-31,06/15/2026,46,Male,Germany,BRONZE,7,216.47,No
146757300,06/20/2025,07/28/2026,32,Female,Canada,Silver,13,868.35,No
999502956,13.06.2023,2026-01-03,60,Female,germany,Bronze,7,357.47,Yes
584044199,28-Mar-2025,2026-08-19,35,M,United States,Silver,10,638.47,no
698495869,2025-03-21,2025-08-31,41,Female,USA,bronze,3,126.39,Yes
287888920,2024-09-17,2025-07-09,44,Female,AU,Bronze,3,56.25,Yes
692448543,2024-10-08,01/29/2026,34,M,usa,Bronze,none,145.5,Yes
922091410,2025-05-20,12.04.2026,34,F,United States,Silver,6,439.19,No
823084511,2025-03-26,2026-08-25,56,Male,Brazil,bronze,4,255.1,No
736238013,2020-07-18,2026-07-03,59,M,usa,Silver,25,1238.06,0
210399307,2023-10-23,2026-07-19,64,Female,US,Bronze,8,377.22,0
606556822,30-Sep-2024,2024-09-30,29,Female,Mexico,brz,1,34.39,yes
158743337,2024-04-06,2026-09-01,46,Male,Canada,Gold,34,2603.7,0
237781985,04/15/2022,2026/04/27,44,Other,USA,Silver,13,1757.73,N
277720609,"June 02, 2023",2025-10-15,50,female,Germany,bronze,2,126.3,Yes
376358106,2022-01-16,2026-07-31,27,M,India,,40,2694.08,No
103901317,2022-11-30,2026-03-01,23,Female,USA,Silver,16,532.13,Yes
402895519,2022-05-26,2026-07-14,49,male,United States,Bronze,12,N/A,No
685205127,08.10.2020,"August 12, 2026",56,Male,united states,Bronze,10,,No
410193038,2024-05-10,2026-07-12,47,Male,Canada,Bronze,2,97.24,No
140698501,2026/06/02,,51,Male,Brazil,BRONZE,0,0.0,Yes
726434328,16-Mar-2025,2026-08-28,77,Female,canada,Bronze,8,440.14 USD,no
270126482,2020-06-07,2026-08-27,37,Female,--,Silver,22,922.12,no
324229717,01/17/2024,02-Aug-2026,40,Female,United Kingdom,brz,12,467.26,N
252838271,09/06/2024,2026-06-22,27,Male,United States,Silver,5,792.19,No
330988595,02/13/2024,17-Aug-2026,35,Female,USA,Bronze,5,441.16,N
847293096,2020/04/08,07/26/2026,46,MALE,US,Gold,13,2084.26,no
471454441,"June 01, 2024",2026-07-27,41,Male,United States of America,bronze,2,130.03,NO
424558506,06.02.2021,2026-07-09,,M,US,Gold,74,3080.59,N
105110949,"April 24, 2020",2026/07/05,60,male,AU,Gold,28,1988.63,No
864557172,02/06/2024,,29,male,usa,Gold,27,-1630.31,No
401889382,07/18/2022,02/14/2025,44,Female,,BRONZE,3,124.67,Yes
354561234,2025-03-09,2026-03-01,unknown,Male,India,Bronze,9,377.82,Yes
182011027,2023-08-05,06/16/2026,39,Other,USA,GOLD,33,1810.34,N
756865772,2025-12-17,2025/12/17,52,female,Canada,  brz ,2,74.99,yes
109578545,,,62,Female,India,bronze,0,$0.00,1
373692562,2024/06/21,2026-03-01,,Female,usa,Bronze,8,$590.30,1
873727563,2021-11-16,2026/07/22,44,other,Australia,gold,17,2082.24,No
732195980,2024-04-25,2025-11-23,26,male,uk,Bronze,3,360.26 USD,Y
243033274,2022-11-28,11/01/2025,65,O,United States,BRONZE,4,287.85,Yes
387523263,2024-02-25,2026-09-04,54,male,AUS,bronze,9,529.53,N
501719456,2023-03-18,2026-04-10,61,Male ,England,Silver,25,1516.34,N
883684444,2022-05-30,07/16/2026,80,Female,Canada,gold,25,"$2,853.30",No
825609521,2024-11-24,25-Oct-2025,28,Unspecified,united states,silver,17,531.4,Y
268820067,2024-01-29,"July 01, 2026",22,Male,USA,brz,13,470.39,No
908050960,2024-04-07,2026-07-24,32,Female,United States,Silver,27,861.15,0
724057193,2024-01-03,2026-06-22,64,female,United States,SILVER,16,739.3,No
628808618,2025-09-08,2026-03-01,59,male,usa,Bronze,3,141.92,Y
252822391,2024-06-13,09.08.2026,31,male,United States,Silver,-10,1097.09,No
733831352,"October 21, 2024",2026-07-02,44,female,India,Bronze,6,547.75,no
518944431,05/30/2025,2026-07-25,38,female,Brazil,Bronze,3,241.17,no
735588944,11.05.2024,"August 10, 2026",55,Male,India,Bronze,9,407.95 USD,No
461386635,09/16/2020,2026-05-24,39,Female,United States,PLATINUM,41,"$6,273.80",No
427090210,10/14/2021,10.08.2026,41,N/A,United States,Gold,25,1621.91,No
626993294,2025-03-01,01.03.2025,47,Male,U.S.A.,brz,2,138.91,TRUE
471191144,2020-10-11,2026/08/05,42,FEMALE,United States,Bronze,9,,No
134433508,26-Nov-2022,05.08.2026,35,Male,CANADA,Silver,12,942.43,No
737639502,01/15/2026,"January 15, 2026",54,m,United States of America,Bronze,5,385.51,Y
145085033,2022/12/21,08/01/2026,30,F,Canada,Bronze,7,NULL,No
963626942,02/06/2024,"March 01, 2026",34,female,USA,Bronze,5,302.71,yes
938964666,2024-06-23,2026-03-01,35,Female,U.S.A.,silver,13,945.35,Y
658434192,04/03/2024,2026-08-21,52,M,NULL,Bronze,2,132.08,No
233905795,"June 01, 2024",2026-03-11,unknown,Female,USA,gold,16,1725.66,No
438737317,2024-02-08,2026/05/30,36,F,Germany,silver,28,804.47,No
726351463,13.02.2024,,41,N/A,DE,BRONZE,1,134.55,Yes
360267798,2024-08-20,2026-07-01,,Male,Can.,Silver,22,569.33,NO
433423375,2021-04-18,2026-06-11,85,Unspecified,uk,silver,21,1571.89,N
718275801,16-Jul-2022,2026/03/11,34,Female,United States,Bronze,13,$461.91,N
390331412,07/07/2025,18-Aug-2026,,male,united states,Silver,6,492.87,No
255947661,04/18/2025,2026-07-29,25,OTHER,usa,brz,7,NULL,No
629721228,2021-09-06,2026-07-20,37,N/A,United States,brz,1,,No
324411758,2023-09-16,2026-07-14,42,Male,mexico,Bronze,3,$83.50,no
107722289,2026-02-03,2026-02-03,31,female,Mexico,Bronze,4,261.63,Yes
970936761,2024/04/03,2026-08-04,25,Female,United States,bronze,12,342.26,No
785319268,2021-10-14,2026-03-01,50,Male,usa,Bronze,8,150.24,Yes
963384072,2023-09-20,,N/A,Male,Brazil,Bronze,0,0.0,yes
785743200,2024-01-02,2026-08-26,-,Female,usa,silver,18,,no
834824757,2024-11-03,2026-07-18,,Female,India,brz,5,152.89,N
841944721,2025-08-18,2026-03-01,24,M,usa,Bronze,2,220.35,Y
912975248,2024-04-01,2026-07-25,42,Female,United States,Bronze,2,71.88,No
206169964,2023-06-23,08/11/2026,52,Female,usa,BRONZE,16,559.52,No
451694206,2023-09-22,2026-08-25,34,N/A,India,Gold,38,2350.54,No
439742075,2022-09-04,2026-07-14,31,Male,Germany,Silver,33,1851.83,No
617237827,2024-06-12,,42,Female,UK,silver,18,800.14,No
675832150,"February 13, 2025",2026-07-12,51,prefer not to say,United States,silver,8,1231.51,N
153845778,2025/12/27,,38,Unspecified,United States,Bronze,6,373.71,Yes
211776016,2022-01-08,2026-08-28,56,M,United States,Bronze,8,343.35,No
417463752,2022-05-15,2026-07-18,61,Male,United States,Bronze,2,118.1,no
739823970,"October 10, 2022",10/30/2025,44,Male,United States of America,Bronze,6,425.59,Yes
700195573,04-Dec-2021,2026-08-27,40,female,United Kingdom,gold,118,2970.79,No
436110683,2025-09-07,2025-12-02,43,F,Australia,Bronze,4,452.31,Y
656523154,"August 15, 2023",07/30/2026,37,Male,United States,Gold,62,4260.94,No
302131712,2024-12-26,2026-08-24,57, Female,US,Bronze,10,270.68,0
476396404,2021-07-16,"August 15, 2026",73,MALE,CA,SILVER,31,1528.64,0
839720022,2021-03-01,2026-06-15,,Female,Canada,Silver,27,866.89,No
475721435,2020-07-11,09.08.2026,44,Male,Canada,Gold,13,1918.18,
907525630,2024-05-02,2026-08-04,67,Male,AU,bronze,3,N/A,no
647297880,07/12/2023,2026-08-10,21,Male,usa,Plat,23,"$4,239.46",N
749425865,08/03/2024,2025-07-24,37,Female,United Kingdom,Bronze,7,210.2,Y
329116599,09-Jul-2023,,21,Female,India,Bronze,0,0.0,YES
338559262,,2026-01-05,53,Male,Germany,bronze,2,-213.38,yes
958533430,2023/01/23,,39,m,mexico,Gold,31,3837.16,No
886553518,07-Mar-2023,2026/07/10,38,FEMALE,BR,Bronze,2,243.63,No
315233555,11.09.2021,07/18/2026,44,Male,AU,Platinum,56,4516.78,FALSE
552621818,"January 03, 2025",2025-07-11,59,male,United States,Bronze,6,372.35,Yes
883172014,2022-09-03,21-Jun-2026,23, Female,United States,BRONZE,23,413.01,0
480707197,"January 20, 2024",23.07.2026,52,f,United Kingdom,Silver,34,1708.64,No
173377006,"March 10, 2021",2026-08-21,46,,United States,Silver,20,1015.41,no
749824581,10/07/2023,2026-07-30,40, Female,Canada,Bronze,9,535.87,No
717597104,2024/03/11,08-Jul-2026,54,male,United States of America,Silver,14,861.89,No
212524535,2026-02-04,2026-03-01,57,FEMALE,Germany,bronze,6,244.11,
828724731,2023-02-05,2026-06-26,54,Other,unknown,Silver,15,684.23,No
307957762,2023-01-18,07-Oct-2025,64,unspecified,united states,Silver,-13,931.32,Yes
600994058,07.09.2025,09/07/2025,41,m,Great Britain,Bronze,5,147.58,Yes
521755943,2024-01-14,2026-08-25,70,Female,United Kingdom,Bronze,6,209.49,no
507544308,2021-10-15,2026/07/22,38,Female,brazil,Silver,24,1291.13,No
685951544,13-Dec-2024,07/23/2026,51,Male,United States,Bronze,9,$467.42,No
117792792,09/29/2020,,45,Male,India,Silver,11,642.56,No
713823729,2022-12-24,2026-07-11,35,Female,Brazil,Silver,9,,N/A
330837132,2022-06-18,07/14/2026,20,male,usa,slv,11,793.69,No
639548630,2021-02-21,2026-07-23,39,Female,United States,Silver,,875.66,No
546090835,2021-09-01,2026-06-26,41,FEMALE,USA,slv,19,$675.57,no
648271936,03/20/2023,02.05.2025,unknown,Male,United States,Bronze,2,126.8,Yes
336968423,2024-11-06,2026-01-28,55,male,United Kingdom,Bronze,3,333.51,N/A
340522353,05/16/2020,07/03/2026,57,Male,USA,SILVER,33,"$1,275.33",N
454302165,2025-11-20,2025-11-20,35,prefer not to say,India,Bronze,1,110.76,YES
875345967,2023-09-11,,61,Male,Canada,Bronze,0,,Yes
306396774,12/21/2022,,72,M,USA,brz,10,459.28,no
334657277,05-Apr-2025,,53, Female,united states,Bronze,0,0.0,YES
363746844,2025-01-12,08/10/2026,36,MALE,USA,Bronze,6,289.42,FALSE
452465587,2025-09-13,01/14/2026,42,Female,United States of America,Bronze,4,NULL,1
373683676,2023-01-02,2026-07-17,57,F,united states,BRONZE,2,46.17,No
838001215,2024-08-12,22.06.2026,41,Female,United States,Silver,18,$913.89,no
965631192,2022-05-08,2026-09-04,25,F,England,Silver,13,816.67,No
722874281,05/11/2024,2026-06-22,24,Male,canada,Silver,36,1537.28,no
470483944,04.07.2025,2025-07-04,30,femail,,Bronze,9,406.42,Yes
758883850,2022-02-16,2026-08-08,50,male,united states,Silver,18,865.62,No
968122903,07-Aug-2020,2026-06-25,34,M,Can.,Silver,5,579.16,No
126070531,2024-08-04,2026-06-15,66,Female,India,bronze,5,371.55 USD,No
848885062,2024-10-16,06-Aug-2026,49,F,United States,Bronze,9,476.76,No
993731182,03-Nov-2024,2026-08-05,30,Female,USA,Bronze,5,226.35,No
827895371,2022-06-10,2026-07-01,31,Male,US,Bronze,9,382.34,0
742942792,2023-12-23,07/05/2026,54,Female,USA,bronze,6,495.28,No
978392371,08/19/2024,10/16/2025,55,F,USA,Bronze,5,252.67,yes
796083864,2025-11-19,03/01/2026,56,female,United States of America,Bronze,2,$183.97,Yes
357761833,2024-05-08,2026-07-26,44,male,Brazil,brz,3,152.25,No
315532479,06-Aug-2025,09-Aug-2026,60,Female,Brazil,Bronze,19,682.57,No
363852468,2022-06-26,2026-03-01,32,female,United Kingdom,silver,25,1266.32,Yes
168045830,2023-05-08,2024/08/01,26,Female,USA,Silver,11,557.84,Yes
891992377,2021-01-15,2026-08-17,27,Male,United States of America,Silver,37,1308.43,No
232304971,"March 15, 2024",06/01/2026,27,F,Canada,Silver,6,686.26,No
514071564,2026-05-09,09.05.2026,31,Male,United Kingdom,bronze,1,117.77,Yes
524769416,05.02.2023,2026-07-09,55,M,United States,Silver,16,553.27,No
160293718,2024-12-31,2026-07-29,64,Male,United States,silver,-16,677.39,No
109755986,2023-07-22,"July 02, 2026",55,Female,United States,Silver,19,2061.18,FALSE
551578377,2024-03-09,29.07.2026,42, Female,Australia,slv,12,"$1,042.82",No
814397698,2023-06-18,2026-08-03,67,F,United States,bronze,12,374.06,N
202767737,22.05.2023,NULL,63,M,Canada,Gold,41,"$3,625.50",No
161638782,2021-04-15,25.06.2026,63,male,Germany,Silver,19,1288.81,No
210310048,12/16/2022,08/15/2026,27,female,usa,bronze,13,578.97,No
553990708,05/11/2024,06/22/2026,45,Female,united states,Bronze,14,359.78,No
913058023,24-Mar-2025,2026-05-07,29,Male,Brazil,Bronze,9,107.54,0
609614475,2022-02-23,31-Aug-2026,30,,United States of America,Silver,12,857.69,No
404959870,29-Sep-2023,2026-08-07,57,M,U.S.A.,SILVER,14,1408.96,No
693367891,05/03/2025,2026-08-17,26,Female,United States,Silver,14,453.81,0
184807229,10-Sep-2021,2026-02-26,41,MALE,United States,Bronze,4,155.05 USD,Y
505101479,29-Dec-2020,09.08.2026,33,m,united states,Gold,22,1925.99,No
162403007,2020-05-24,2026-08-12,33,Female,germany,Silver,27,,No
410886972,04/14/2022,2026-08-25,44,Female,Canada,BRONZE,5,203.03,no
106889491,2024-06-03,2026/03/01,42,Male,Canada,Bronze,2,98.26,Yes
658225308,2020-11-20,2026-03-01,,male,usa,Silver,18,1815.91,Yes
111853937,2023/04/19,2026-08-18,74,male,Australia,slv,35,"$1,286.60",No
120553962,"November 22, 2024",2026-01-22,34,Female,England,Bronze,2,74.76,Y
634972125,06/27/2022,,,Female,U.K.,Bronze,-1,0.0,Yes
350392021,2024-04-07,2026-06-26,68,Male,United States,Bronze,4,292.85,NO
107780987,,04/21/2026,44,FEMALE,United States,gold,26,1800.49,0
832371507,2022-10-09,2026/04/26,44,Female,USA,gold,17,2930.71,No
844829700,2025-04-10,2026-08-29,39,Female,England,Bronze,3,133.59,N
259063101,2024-06-28,2026-08-16,48,FEMALE,United Kingdom,BRONZE,18,340.75,No
261727325,07/23/2025,01.07.2026,34,Male ,India,Bronze,13,471.19,FALSE
766227298,2023-06-11,2026-03-01,47,Female,US,Silver,11,848.88,Yes
919383574,07/14/2026,2026-07-14,24,Female,United States of America,Bronze,2,,Yes
884025751,25-Oct-2022,23-Aug-2026,50,Female,US,Bronze,3,348.69,No
926927516,19-Mar-2025,2025-03-19,,Male ,US,Silver,8,753.38,TRUE
183985071,2025-03-30,2025-11-26,54,Female,England,bronze,1,56.66,YES
286083923,11/22/2020,2026-07-15,47,Male,United Kingdom,Gold,-28,3548.42,No
177042138,08/16/2024,2024-12-07,30,Female,unknown,Bronze,-1,26.04,Yes
186707897,2026-01-17,2026-04-17,28,Female,germany,Bronze,9,290.47,no
159976475,2025-04-21,2026/07/09,70,male,United States,slv,8,1131.86,No
448550446,2024-10-12,2025-12-08,34,Female,United States,brz,9,410.16,Yes
276546541,2020-08-08,2026-04-11,51,Male ,CA,Bronze,11,398.24,No
286548182,07/08/2024,2026-06-17,49,Female,Canada,slv,26,892.21,0
585108417,21-Mar-2020,"July 11, 2026",41,Male,US,brz,24,-405.35,No
895483499,2025-12-30,08/23/2026,36,f,United States,Bronze,3,109.68,No
152334026,31.12.2022,07/23/2026,47,,Mexico,Bronze,7,219.83,N
373851139,2023/09/10,03/01/2026,40,Female,N/A,Bronze,5,163.04,Yes
832501876,11/10/2022,2026-08-12,63,F,United States of America,Silver,12,$784.95,No
891436113,03/05/2026,,34,Female,United States,Bronze,-1,0.0,Yes
418102924,13-Nov-2021,2026-08-11,42,Female,USA,gold,19,1855.6,No
903720601,2024/11/12,08/25/2026,30,Female,US,BRONZE,4,133.13,No
708435857,2024-04-01,2026-08-06,32,Female,Australia,Bronze,10,576.29,No
386100290,2023-06-16,2026-05-07,23,M,US,brz,8,,No
851330669,"August 06, 2023",2026-07-21,31,male,Canada,Silver,14,1658.61,No
332996578,2021-07-22,07/14/2026,36,Female,Canada,Bronze,37,452.41,N
895383241,22-Sep-2025,,31,Female,Germany,Bronze,3,87.03,no
491046775,2021-08-22,2026-08-24,53,Male,US,Gold,37,2402.5,0
255996164,2021-03-12,26-Aug-2026,28,MALE,U.S.A.,Silver,-999,1412.81,No
347745234,2021-06-14,08/27/2026,32,Male,United States of America,Bronze,6,$399.73,No
306408419,2024-04-11,07/14/2026,47,MALE,Deutschland,Bronze,15,312.59,No
282494714,2024/07/16,,37,N/A,India,Bronze,4,295.4,Yes
112810685,2025-04-23,07/30/2026,64,Female,CA,brz,2,140.65,No
843403909,2024-12-03,03-Jun-2026,24,Male,US,Silver,12,-770.27,N
658317193,2024-08-13,2024-09-28,24,U,,Bronze,7,398.15,1
393132626,2023-09-23,08/28/2024,72, Female,India,Bronze,1,41.1,YES
999510675,2020-03-12,2026-08-25,32,Male,usa,Gold,46,2236.66,no
298650508,10/03/2020,2026-08-26,56,Female,usa,silver,16,1363.74,no
994411975,2024/04/15,2025-03-21,43,femail,United States,Bronze,11,427.56,Yes
177818526,2025/09/03,"July 20, 2026",34,Female,USA,Bronze,3,missing,0
463358889,2023-09-23,2026-06-26,?,f,Canada,Bronze,6,208.13,no
256920171,2024-08-24,06/10/2026,30,Male,canada,Bronze,7,411.72,No
785344508,04/29/2026,2026-04-29,43,Unspecified,united states,Bronze,2,288.1,Yes
210218235,2023-08-02,2026-02-28,46,M,Australia,Bronze,1,30.4,Yes
600114155,2020-06-14,07-Jun-2026,27,Male,Brazil,bronze,6,366.24,No
916348452,2024-03-07,2026-03-01,80,FEMALE,Germany,Bronze,4,132.73,YES
697166627,2022-07-15,2026-05-30,44,male,Canada,Gold,39,2290.65,No
326900090,14-Nov-2022,2026-07-29,26,Male,United Kingdom,Silver,28,631.37 USD,0
434759293,07/02/2026,,80,Other,United States,Bronze,0,0.0,Yes
497433609,2025-03-27,2026-08-29,52,Female,canada,Silver,20,1423.74,FALSE
110999683,2026-02-03,,,Male,U.K.,Bronze,0,0.0,Yes
581550125,2022-04-07,07/21/2026,42,N/A,Australia,Gold,28,1564.5,0
695491588,2022-01-14,08/21/2026,54, Female,United States of America,silver,18,1436.96,no
881361564,2023-03-08,2026-08-20,23,Female,India,Platinum,45,6382.61,0
249981437,2024-11-06,2026-06-17,54,F,India,Gold,29,1695.6,FALSE
154623901,20.12.2024,2026-08-27,46,Male,United States,BRONZE,6,221.61,No
288149229,07/26/2025,2026/07/08,46, Female,USA,Bronze,2,53.87,no
349852234,2022-09-05,04/19/2026,38,Female,United States,Bronze,9,265.24 USD,0
797279652,"December 27, 2023",2026-07-23,unknown,Male,BR,brz,-5,297.03,no
724479014,2023/05/22,2026-09-05,59,m,Canada,Silver,18,1403.3,no
976541180,2024-05-13,,32,N/A,United States,silver,4,507.27,FALSE
970271627,02.12.2024,2026-08-21,33,f,united states,Bronze,11,388.99,No
912904100,2023-03-25,08/23/2026,50,Male,United States,Silver,12,1000.43,No
747870108,"February 19, 2023",08/27/2026,69,Female,United States,GLD,43,1729.19,No
173324218,2026/06/06,2026-06-06,81,Female,canada,Bronze,3,169.0,Y
232119810,2021-05-05,2026-08-26,48,male,US,Gold,97,3814.59,No
706928339,26-Mar-2022,,29,Male,United States,slv,18,"$1,273.46",0
542593543,"April 17, 2023",2025/12/19,26,prefer not to say,united states,Bronze,8,436.4,1
230700631,2021-09-10,2024-09-29,72,Female,United States,Bronze,4,283.81,Yes
879403480,2019-10-15,05-Jul-2026,22,Male,USA,Silver,45,1361.65,no
370513729,2022-06-05,NULL,52,Male,USA,Bronze,0,0.0,TRUE
209665328,25-Mar-2025,"August 20, 2026",70,Female,AUS,brz,7,138.59,0
809758426,03/29/2026,,29,FEMALE,United States,BRONZE,0,0.0,Yes
554732273,2023-01-17,"August 16, 2026",67,M,United States of America,Silver,19,957.65,No
479451534,2024-09-16,02/04/2025,36,Female,Brazil,BRONZE,4,186.02,Yes
899857658,2022-10-19,05/19/2026,27,m,USA,Silver,20,"$1,172.57",0
492904336,2021-12-28,2026-07-28,35,Male,United States,Bronze,5,209.08,No
241189023,"January 04, 2021","July 21, 2026",43,Female,United States,Bronze,6,309.28,N
484074730,2024-12-13,2026-08-26,39,Male,USA,BRONZE,4,204.84,N
262266264,19.08.2023,2026-07-29,25,male,Australia,BRONZE,8,207.12,0
850969523,30.07.2023,,56,Male,Mexico,silver,28,"$1,743.08",No
228387996,2021-08-13,2026-05-25,56,Female,United States,Bronze,13,432.29,N
791340869,2025-10-22,2025-10-22,78,Female,Australia,Bronze,2,121.39,Yes
365797219,2023-10-12,2026/08/15,51,Female,United States,platinum,104,"$16,067.37",No
600099025,2026-06-14,,43,Female,Canada,Bronze,0,$0.00,yes
786075459,31.08.2025,,56,prefer not to say,USA,Bronze,0,$0.00,Y
437654106,2024-10-19,2026-06-13,46,MALE,MX,Silver,7,828.89,N
585982119,10/19/2022,04.07.2026,43,prefer not to say,germany,Bronze,5,308.35,no
223737423,2020-05-27,03-Sep-2026,39,female,United States,silver,23,856.52,No
286546627,05/04/2023,2026-06-23,36,Female,U.K.,BRONZE,15,439.48,No
819881023,2023-05-25,08/23/2026,34,Male,Great Britain,gold,46,3915.95,No
445047976,2023-05-26,09/03/2026,38,Female,Germany,BRONZE,9,318.56,no
822056407,10/03/2023,2026-07-29,29,non-binary,Australia,Silver,11,711.41,NO
494548904,2025-11-15,11/15/2025,60,Female,USA,bronze,2,83.78,Y
721288075,07/19/2021,26-Aug-2026,34,femail,United States,Silver,9,690.56,No
313715312,07/03/2021,08/11/2026,56,Male,IN,Gold,31,1782.97,No
334595759,25-Sep-2022,"August 28, 2026",48,FEMALE,U.S.A.,  Silver ,17,953.54,no
210751821,02-Jun-2026,02.06.2026,38,Female,mexico,Bronze,2,67.76,Y
915617050,2024-03-14,2026-03-01,35,Male,United States of America,Bronze,5,194.32,TRUE
344890738,28.06.2023,2026-07-30,47,female,india,Silver,31,1358.69,No
305346258,20-Dec-2023,2026-06-17,32,male,United States of America,Silver,15,1049.69,N
225221367,2025/11/09,"September 03, 2026",33,Female,United States,Bronze,4,383.82,No
273815215,08-Nov-2025,10.08.2026,31,femail,United Kingdom,none,6,492.51,No
908985325,2025-07-03,07.11.2025,23,F,U.S.A.,bronze,2,71.32,Yes
273065432,2024-05-10,,67,female,CANADA,Bronze,4,93.61,No
121989031,01/15/2024,05/06/2026,76,Female,United States,Silver,22,514.19,no
967310755,"September 16, 2023",2025-09-11,65,Male,,Silver,11,778.07,YES
414079484,2020/10/04,,58,Male,India,BRONZE,13,220.53,No
223764619,11/13/2024,11.03.2026,35,M,United States,Bronze,4,160.95,No
206006257,2023-03-04,08/08/2026,-,Female,United States of America,silver,37,1903.75 USD,FALSE
814153504,2023-04-25,2024-12-12,22,Male,India,Bronze,4,206.33,Yes
903143701,24-Oct-2024,2025-03-17,49,Female,CA,Bronze,5,327.48,TRUE
972210340,01-Jan-2021,2026-08-22,35,f,US,Silver,none,1260.7,No
315830254,2022-03-31,,59,Male,Canada,brz,0,0.0,yes
532534446,16.11.2023,2026-08-06,70,male,Australia,  BRONZE ,4,$103.12,No
788734503,2025-04-13,29-Jul-2026,60,Female,United States,Gold,20,1827.71,No
187312079,05/09/2024,2026-01-02,26,MALE,usa,silver,14,641.83,Yes
919910670,24.11.2022,23-Aug-2026,54,MALE,Canada,Silver,9,805.09,No
472348625,26.04.2025,2026-07-18,63,Female,USA,BRONZE,12,227.79,No
154434381,11.05.2022,2026-05-31,50,Male,Brazil,Bronze,4,426.06,No
489437111,2020-10-22,08/06/2026,54,Male,DE,Gold,16,2323.02,N
729474945,20-Jan-2026,2026-01-20,77,Female,Canada,Bronze,1,$31.72,yes
165369249,2025/04/28,2026-06-16,31,F,United States,SILVER,18,863.13,No
731275616,,2026-09-01,72,Female,USA,unassigned,7,missing,No
315763008,14.09.2023,2026-06-14,, Female,Canada,Silver,20,1999.03,No
191781897,2026-03-19,2026-03-19,54,Male,germany,Bronze,2,29.71,Yes
947961786,2022-09-02,06/28/2025,43,Female,United States of America,BRONZE,1,56.27,Yes
447719872,2025-04-14,2026-08-18,54,,United States of America,Gold,23,1918.58,No
670653401,2025-04-27,2026-08-27,39,Female,AU,Bronze,5,369.51,No
701881448,2023-12-26,2023-12-26,64,male,United Kingdom,Bronze,2,$177.68,Yes
820791970,2025-02-03,2025-04-06,31,Female,United States,Bronze,3,$107.04,Yes
912323381,2026-01-01,2026-03-01,48,Male,United States,bronze,1,66.47,Yes
314716881,01-Aug-2024,2026-07-02,24,Female,uk,Silver,11,657.13,N
126968762,"September 13, 2023",2026-09-03,53,female,United States,Silver,16,903.0,No
688871196,08/03/2024,2024-08-03,29,Female,canada,bronze,3,155.61,Yes
527119124,"November 09, 2023",2026-08-28,47,female,,Gold,42,2790.07,FALSE
886362559,2022-06-30,07-Jun-2025,30,Female,United States,Silver,14,748.72,Y
223001281,2023-03-11,2026-08-23,30,femail,Germany,silver,10,,N
722864584,2021-03-19,2025-07-06,,Male,germany,Bronze,3,43.45,TRUE
488017326,10/02/2023,2026-08-07,27,Female,US,Bronze,1,57.16,No
467114756,2021-01-29,2026-07-31,37,male,india,Platinum,95,6818.59,0
282451725,2026-05-17,05/17/2026,42,femail,MX,Bronze,2,134.06,Yes
724418693,01-Mar-2023,2026-08-26,36,Male,United States,Plat,78,12582.69,No
120737878,04/18/2025,2026-08-26,28,female,India,bronze,13,456.23,no
352553698,14.02.2024,14-Jul-2026,33,Female,U.S.A.,Silver,26,1980.79,No
868485524,"October 18, 2024",2026-03-01,51,Male,United Kingdom,Bronze,4,286.24,Yes
686560572,2025-11-08,,68,Female,United States,BRONZE,0,0.0,1
407848994,2022-01-05,2026-08-17,36,F,usa,Bronze,5,273.91,No
213577695,"October 06, 2023",2026-08-25,44,,Great Britain,GLD,39,2566.91,No
366518471,06-Jan-2023,09.08.2026,36,female,United States of America,SILVER,20,1267.46,No
581577675,19.01.2026,,51,Unspecified,United States,bronze,0,0.0,YES
487630344,12-Apr-2024,,64,male,canada,Silver,16,1479.98,N
590715700,10/06/2025,2026-01-07,38,femail,US,Bronze,6,217.12,Yes
216921394,15.08.2021,07/03/2026,22,F,United States,Platinum,70,7416.9,no
789785881,2024/01/01,2026-05-22,48,Other,Deutschland,,7,351.51,0
458122216,2025-02-18,04/10/2026,27,other,United Kingdom,Bronze,9,394.9,N
264211526,2023-02-08,2026-07-25,60,female,AUS,Platinum,-49,-4961.65,NO
150467161,2024-10-18,2025-07-19,N/A,Male,Great Britain,Bronze,1,71.94,1
994906717,05/30/2023,2026-08-15,34,Male,DE,unassigned,7,197.16,No
178632819,04/18/2023,2026-05-21,52,Female,Brazil,Bronze,9,242.99 USD,No
917936058,2026-01-03,2026-01-03,30,Female,United States,Bronze,2,118.28,TRUE
546451973,2024-08-24,2025-11-29,29,unspecified,USA,bronze,2,255.71,Yes
745343999,2021-12-13,not available,61,female,United States,PLATINUM,16,3928.1,No
844154649,2022/05/17,2026-06-05,37,f,Germany,GLD,62,3645.48,No
814808264,2024-01-06,09/01/2026,30,Male,US,Gold,18,1612.86,N
191741185,2021-04-26,2026-08-06,36,Female,United Kingdom,Gold,38,2857.29,No
484689742,"June 02, 2026",,52,Unspecified,United States,BRONZE,0,0.0,Yes
157088562,2023-02-24,15.08.2026,51,MALE,United States,brz,8,N/A,No
761916468,2023/05/06,"May 25, 2026",29,MALE,Germany,silver,18,1109.65,FALSE
213494556,2025-12-27,08/04/2026,NULL,Male,United States,Silver,,462.94,0
375085980,2022-08-21,2026-08-07,N/A,Female,United States,Silver,11,513.38,No
588136188,2026-03-23,,42,Female,US,Bronze,0,0.0,yes
885646651,2023-06-28,"February 14, 2025",53,Female,IN,Bronze,4,234.77,Yes
792901778,2026-04-20,20.04.2026,28,FEMALE,Brazil,Bronze,2,96.28,Yes
805535017,2025-09-30,14-May-2026,32,Male,brazil,BRONZE,3,110.03,0
853214368,2023/08/24,03/01/2026,36,Female,US,Bronze,4,251.57,YES
356052628,06/27/2022,2026-08-07,39,Male,US,Bronze,N/A,391.24,No
125597966,2024-03-04,2026/08/12,31,Female,Mexico,bronze,6,318.67,No
457988581,05/13/2025,11-Aug-2026,56,Male,United States,Silver,10,1002.91,No
530203715,10/02/2023,2026-04-27,47,male,USA,Silver,15,1321.75,
613701692,05/24/2020,2026-06-05,68,M,United States,Platinum,113,8257.93,No
978764283,11/28/2022,2026/06/23,24,male,Australia,silver,11,509.99,No
849313404,01/08/2025,09/02/2026,53,m,United States,Silver,11,1568.75,No
179541107,2023-03-23,2026-07-10,43,Female,Canada,Silver,12,568.52,0
234812567,2023-11-22,03/01/2026,60,M,india,brz,5,144.4,Yes
986846970,2024-05-26,2026-08-04,34,female,Germany,bronze,7,333.71,No
796715493,2023-09-17,2026-09-06,52,Male,india,Bronze,-17,296.59,No
383806355,2020-08-11,,36,female,usa,Bronze,5,170.43,Yes
578408652,19-Oct-2025,08/17/2026,42,Female,australia,SILVER,10,667.33,N
704966606,11/27/2023,2025-10-07,33,Male,IN,Bronze,5,188.52,1
109615529,2024-10-03,2025-03-15,54,f,Germany,Silver,10,560.64,Yes
439343388,07/09/2022,2026-08-20,58,Male,Canada,slv,9,836.52,No
525598805,14-Aug-2023,2026-07-10,35,Male ,USA,bronze,6,176.07,FALSE
262536669,2024-03-21,2025-08-18,N/A,Unspecified,United States of America,Bronze,4,233.74,Yes
732829151,2025-08-10,03/01/2026,58,female,United States,Bronze,4,,Yes
289781806,2024-11-16,2026-01-16,47,Female,United States,Bronze,2,251.24,Yes
912074774,03/23/2024,,71,Female,United States,silver,22,610.85,No
808867507,09/30/2024,01-Mar-2026,38,Female,India,Bronze,7,313.41,TRUE
740057192,18-Jan-2023,08/25/2026,23,female,México,silver,19,929.42,no
728716635,07.04.2023,"March 27, 2026",65,Male,Can.,silver,25,1314.19,no
798339370,2022-05-14,2024-02-05,37,F,CA,Bronze,4,364.96,yes
924118604,2025-06-22,2026-06-13,,Female,United States,Bronze,2,73.61,No
308744296,04.12.2019,2026-07-06,53,Female,Mexico,GLD,76,3155.44,No
263124563,29.02.2024,2026/08/28,63,F,Great Britain,Bronze,3,77.42 USD,no
776593638,2025-10-17,20-Jan-2026,35,Male,United Kingdom,brz,1,80.16,Y
399448433,2020-12-30,2026/06/20,41,female,USA,platinum,36,5017.31,No
937099229,06/14/2023,07/21/2026,86,Male,United States,Silver,18,1674.41,No
203340177,2021-12-01,2026-07-19,25,male,usa,Silver,11,815.83 USD,N
851352719,2024/11/04,2026-07-21,28,prefer not to say,US,Silver,11,"$1,259.53",0
472484958,"June 28, 2023",11-Aug-2026,43,M,Canada,Gold,18,4051.82,FALSE
343530946,18-Apr-2025,2026-07-08,35,Other,U.K.,Silver,10,511.36,No
868592322,2021-10-17,2026-08-20,21,femail,United States,Gold,34,2990.17,NO
968598059,02.06.2022,2025-01-29,49,F,USA,Bronze,6,$299.48,Yes
759585388,"August 24, 2024",2026-06-24,unknown,Female,india,Bronze,9,242.24 USD,0
866454758,2021-05-24,2026-06-06,,Female,United States of America,slv,16,703.14,NO
563207554,2020-03-05,2026-08-17,54,Male,India,Silver,58,1117.66,No
458453887,2024-08-23,2026-07-27,45,Male,United Kingdom,Bronze,6,149.14,No
546243657,2023-09-07,2026-08-06,36,male,United Kingdom,slv,7,$450.01,No
707457547,03/17/2026,2026-07-17,26,Female,CANADA,slv,10,659.6,No
453068682,2025-08-15,"March 01, 2026",54,Male,United States,BRONZE,2,92.2,Yes
417155902,2026-05-09,2026-05-09,42,FEMALE,United States,Bronze,5,176.05,yes
432934185,2026-04-11,2026-04-11,20,femail,US,N/A,1,34.14,Yes
255741478,2024-07-12,2026-08-04,24,Male,Canada,Bronze,13,507.09,0
424451640,2022-03-12,2026-05-05,39,Female,MX,Silver,31,819.65,No
203369283,2024-11-20,2026-07-27,33,M,India,SILVER,12,529.82,No
470427295,2021/08/27,2026-07-27,46,M,USA,Silver,23,696.34,N
441219905,2023-07-18,2026-06-26,22,Female,United States,Silver,17,1790.52,No
407923933,"October 29, 2025",2025-10-29,64,Female,US,Bronze,2,43.53,Yes
763227959,2021-05-24,2025-10-14,43,F,US,silver,4,554.77,Yes
214192386,30-Jan-2026,2026-03-18,58,m,US,Bronze,5,228.18,FALSE
667395940,2024-09-01,"May 03, 2026",56,Female,India,brz,2,35.63 USD,NO
722593858,2021-09-21,2026-05-08,47,Female,Germany,Bronze,11,226.40 USD,0
260624001,2021-12-21,2026-08-25,31,M,brazil,Platinum,85,4730.7,N
525070074,2024-03-07,07/21/2026,42,male,US,Silver,15,1068.93,N
845525400,02/27/2024,,24,Female,Canada,Bronze,0,0.0,Y
504933829,22-Feb-2025,2026-08-21,26,F,IN,Silver,11,1237.55,0
945611117,2021-07-28,08.08.2026,28,Female,DE,Silver,8,732.78,FALSE
362503470,2025-09-05,25.08.2026,18,prefer not to say,U.K.,Bronze,1,139.73,no
736767114,2026-03-18,18-Mar-2026,22,Male,IN,Bronze,3,203.72,1
657594464,10/02/2025,2025-10-02,53,Female,United States of America,bronze,6,304.72,Yes
153196957,"March 29, 2026",2026-03-29,27,MALE,United States,Bronze,8,484.4,YES
270241948,2021-12-08,2026-08-25,40,Male,US,gold,57,1833.58,N
574050970,2021-04-09,2026-08-11,33,Female,CANADA,brz,7,313.68,N
678215671,2025-12-01,2026-03-01,59,male,India,Bronze,6,446.02,Yes
307102700,11-Dec-2021,2026-08-28,37,male,Australia,Silver,13,897.51,No
414249163,2025-04-30,22.10.2025,19,Male,US,bronze,13,252.88,Yes
666899626,2019-08-02,2026-08-18,38,Male,Canada,GOLD,21,1786.06,No
526163727,"May 01, 2023",15-Jul-2026,48,female,Mexico,SILVER,26,,No
548011229,2022-09-06,2025-09-25,62,male,Australia,Bronze,6,279.45,Y
841798139,2022-12-12,03-Sep-2026,54,Female,unknown,SILVER,30,1219.26,No
255945240,2019-09-24,"August 16, 2026",56,male,usa,Bronze,4,223.03,No
500484866,10/10/2019,2026-07-30,67,male,United States,Silver,22,1135.89,No
982996390,"October 15, 2020",2026-08-04,43,Female,Australia,Bronze,3,61.44,N
763441113,09/09/2023,2026-08-28,63,prefer not to say,United States,Silver,19,1677.38,No
210644811,2025-06-12,05/09/2026,36,Female,Brazil,Silver,none,711.34,0
840271489,2026-03-19,,45,male,United States,Bronze,0,0.0,1
276134563,02/12/2024,08/05/2026,46,FEMALE,USA,SILVER,17,744.89,N
887985803,10/30/2023,08/17/2026,50,Female,Mexico,slv,5,556.96,No
922886147,2022-05-01,03.03.2025,45,Male,United States,Silver,23,987.25,1
485528735,2025/10/14,2025-10-14,31,Female,United Kingdom,Bronze,2,162.14,YES
338020588,03/04/2025,2026-06-25,unknown,U,Canada,Bronze,14,518.22,no
641846227,2023-12-09,12/15/2025,39,Male,Mexico,Bronze,3,195.26,Yes
906906927,2025-03-14,2026-08-09,61,Female,Mexico,Silver,15,964.85,no
487472035,2025-04-21,27.05.2026,40,Male,U.S.A.,bronze,10,521.37,No
290152728,14.12.2021,2026-08-19,57,N/A,United States,Gold,48,3883.35,No
885696135,,2026/07/21,28,female,United States,Silver,12,726.57,No
252694763,2022-11-28,05/24/2026,51,female,uk,GOLD,27,3855.95,N
554690901,27.02.2023,06/26/2026,36,Female,United States of America,SILVER,11,1092.97,No
567591428,2026-03-01,03/01/2026,29,Female,USA,bronze,1,32.13,Yes
101366707,"April 05, 2025",27-Apr-2026,59,male,united states,Silver,19,$868.77,no
397199258,2024-05-24,2026-08-12,48,male,US,none,15,2749.46,0
834656975,02/02/2024,2026-03-01,47,male,US,bronze,13,383.94,Yes
844798152,2025-03-04,2026-07-06,43,female,australia,Bronze,5,145.12 USD,N
746947098,19-Mar-2020,2026-06-08,63,Male,germany,Bronze,11,$300.74,No
824402521,2020-04-18,19.08.2026,27,Male,Canada,Silver,5,$704.33,N
571964541,2023-05-31,10-Jul-2026,27,Male,Germany,Gold,22,2995.0,no
846161617,2026-05-18,18-May-2026,34,female,canada,Bronze,2,344.66,1
504118113,"August 27, 2020",2026-06-10,61,female,United States,Silver,10,943.51,No
735476039,17-May-2020,13.06.2026,,prefer not to say,DE,Silver,7,-444.11,N
347872159,2025-06-03,2026-08-25,48,,US,Bronze,12,640.89,No
847522087,10.10.2021,2026-08-13,34,Male,United States,Gold,88,4513.83,No
399985506,09-Jun-2025,NULL,71,Female,CANADA,SILVER,9,1416.1,Yes
329362028,2022-06-25,2026-05-29,31,Male,India,silver,15,727.22 USD,No
287578155,2024-11-11,,35,Female,United States,brz,2,114.23,No
629096836,2025-12-05,,42,M,United States,BRONZE,0,0.0,Y
926400574,"March 20, 2022",2026-08-07,24,Male ,U.S.A.,Silver,14,1288.75,No
551305225,2023-01-14,2026-07-21,38,MALE,usa,bronze,4,106.74,no
647143223,2021-06-24,2026/06/11,88,F,US,Gold,48,2881.41,No
652542476,31.03.2021,2026-08-07,24,Male,Canada,Platinum,49,7763.5,No
120240093,24-Jan-2022,2026-03-01,28,m,Germany,Silver,19,"$1,074.89",YES
182966954,2024-03-17,2026-08-11,40,Male,brazil,bronze,6,254.59,No
249644374,2023-11-26,05/29/2026,32,Male ,Brazil,Silver,21,724.26,no
166789219,2024/07/07,2026-07-03,35,Male,U.S.A.,Bronze,6,475.51,FALSE
956860808,2023-10-20,2026-09-04,NULL,Female,U.S.A.,Gold,31,"$2,566.71",No
301014417,09/12/2021,23-Aug-2026,36,Female,United States,Silver,43,1229.61,No
989393238,26.05.2023,08/11/2026,47,Male,U.S.A.,slv,8,526.57,No
108143764,19-Jun-2025,03/01/2026,87,MALE,CA,Bronze,1,27.55,Yes
691092769,04/04/2026,,35,Female,United Kingdom,brz,0,0.0,Yes
993996861,2023-03-14,15.08.2026,35,M,United States,slv,52,1254.75,No
904528402,2022-01-03,,70,male,NULL,Bronze,11,587.4,N
220174428,2021-03-12,2026-08-28,56,Male,India,Gold,38,2913.87,No
239740940,2023-05-19,2025-04-11,44,male,DE,brz,7,254.96,Yes
107987690,2023-11-19,2026-08-10,64,Female,US,silver,13,$783.61,N
595388543,19.06.2020,2026-08-14,44,FEMALE,United Kingdom,SILVER,19,1032.38,N
651343212,2025-03-27,2026-08-31,44,non-binary,united states,bronze,3,268.29,no
836924447,03/02/2023,"July 15, 2026",44,male,United Kingdom,gold,16,1741.9,No
872677915,2024/07/12,12-Jul-2026,37,F,US,gold,39,2622.55,0
379899980,01/05/2020,2026-07-14,23,N/A,usa,PLATINUM,35,4784.27,No
469029082,"November 02, 2025",09/01/2026,31,Male,United States,Bronze,3,193.09,No
214019583,2024-12-16,09.06.2026,43,female,Germany,Bronze,2,48.3,N
637816629,2025-02-15,2026-03-28,50,U,USA,Bronze,3,184.26,No
137393858,2023-08-11,2026-08-07,48,Male,United States,silver,16,,0
391307549,2021-11-17,2026-08-25,35,Female,India,silver,13,$578.29,N
834322925,2023-04-25,2026-07-10,unknown,Female,germany,silver,9,$960.43,NO
301004735,2023-01-27,2026-08-29,28,M,United States,Silver,26,"$1,628.97",No
300827168,07/17/2025,2026/08/21,62,m,United States,Bronze,2,103.36,No
397479563,05/01/2023,2026-09-02,65,Male,United States,Bronze,none,111.81,no
915134008,2022-09-08,2025-11-10,37,Male,Brazil,BRONZE,3,220.01,yes
930627572,30-Aug-2024,2026-08-01,59,Male,US,Bronze,9,272.42,No
568844941,19.06.2024,2026-08-07,63,F,United States,Silver,17,1061.9,0
266372398,03/30/2023,,47,Male,Mexico,,12,317.4,No
324554668,2024/12/20,2026-08-27,56,male,United States,silver,8,677.22,N
334697259,2023/01/05,2026-03-01,21,Female,Great Britain,bronze,8,162.27 USD,Yes
559038521,2022/11/17,05.09.2026,61,Female,United States of America,Platinum,61,5892.55,N
284783827,2020-09-30,NULL,25,F,United States,N/A,46,3137.68,No
494254457,07/02/2023,2026-08-24,50,Male,united states,Silver,8,866.01,No
765053566,2023-01-02,2026-06-30,23,,CA,Silver,35,"$1,168.03",N
493924300,31.03.2025,2026-08-24,56,Female,USA,BRONZE,3,168.59,No
182253697,2024-11-11,2026-04-19,23,Male,United States,Silver,12,924.58,0
198256367,2020-11-02,2026-09-03,56,Female,United States,Silver,73,864.26,No
295376701,2022-12-18,2026-08-24,76,MALE,UK,Silver,39,"$1,158.27",No
726323475,2024-01-26,2026-03-01,60,Male,United States,Silver,6,,yes
701481757,2025-01-01,2026-08-19,65,Male,United States,Bronze,6,313.8,No
517365795,2025-02-12,2026-01-13,42,Unspecified,usa,BRONZE,4,126.18,yes
451521618,2022-02-09,2026-08-27,61,FEMALE,England,,20,761.9,No
867221313,2021-05-27,19-Aug-2026,40,m,United States,Silver,11,1037.01,No
742180751,2022-03-01,2025-04-05,28,Female,Canada,brz,7,116.95,yes
711486827,2022-12-25,09/01/2026,49,Female,USA,PLATINUM,60,4820.57,no
250441140,2024-10-20,2026-03-01,54,Female,india,Bronze,6,94.85,Y
656122150,2024-01-11,01.07.2026,,Female,N/A,  GLD ,10,1756.92,No
608557134,2023/05/11,08/22/2026,57,MALE,USA,gold,19,2203.87,No
756609736,2021-02-25,04/15/2026,80,M,DE,silver,19,1316.2,FALSE
795538506,2023/04/05,13-Aug-2026,46,Male,UK,Silver,19,691.66,N
898836001,11/03/2024,2026-08-30,69,Female,United States,bronze,4,$207.70,FALSE
472946408,2023-08-07,08/28/2026,33, Female,,Silver,12,736.39,No
835167672,08/20/2023,2026-08-27,N/A,Male,United States,BRONZE,12,241.13,No
564150732,19.01.2025,,47,Female,mexico,BRONZE,0,0.0,Yes
458196259,2024-09-07,26-Sep-2025,28,,DE,Silver,8,628.99,Y
334677717,2023-09-19,14.08.2026,71,Female,U.K.,PLATINUM,30,4606.37,no
463765702,2025-11-02,2026-07-29,33,Female,U.S.A.,Bronze,2,188.48,0
952150056,2026-01-01,2026/01/01,85,Female,United States,Bronze,2,64.16,1
609321071,2026-03-17,07/11/2026,67,Female,Canada,Bronze,4,247.63,No
497941004,11/15/2021,2026-07-18,47,M,india,Silver,25,1133.64,FALSE
507492834,2022-12-15,2026/08/12,58,f,Mexico,BRONZE,5,217.2,No
218339839,2022-11-30,13-Jul-2026,41,F,USA,Silver,24,873.25,No
922787011,16.04.2021,06/20/2026,50,Male,canada,Silver,48,1574.75,No
466348644,10-Feb-2025,2026-07-28,52,Female,--,GOLD,15,2149.73,0
276905059,2022-12-04,2026-07-22,76,Male,mexico,Silver,27,1403.21,
784461402,2026-05-20,,62,,United States,Bronze,0,0.0,Yes
688512446,2024-04-12,2026-07-08,59,Male,U.S.A.,none,8,282.94,N
267027239,2021-02-14,2026-08-18,60,Female,US,silver,6,531.21,N
188552771,2024-04-30,08/12/2026,63,Female,United States,Bronze,6,420.58,No
270564058,2026-07-23,,22,M,Australia,Bronze,0,0.0,Yes
514559980,05/28/2024,2026-07-10,48,Male,United Kingdom,Silver,24,917.88,FALSE
971359617,2023-06-09,2026-05-29,74,male,United States of America,Bronze,8,208.82,No
929905760,2023-12-13,2026-09-02,34,Male,Australia,silver,7,-683.34,FALSE
176448656,2024-08-19,"July 23, 2026",63,,usa,Silver,13,570.82,No
731963838,13-Sep-2025,08/17/2026,26,prefer not to say,England,Bronze,8,352.08,0
862738319,07/16/2023,2026-08-04,?,Male,US,Silver,16,1003.33 USD,0
965912115,"February 07, 2024",2026-07-21,51,Male,India,Silver,37,1245.18,No
142194818,2024-04-13,19.07.2026,78,femail,England,brz,7,$508.44,N
671355952,2022-05-29,07/15/2026,43,M,USA,gold,47,3070.35,No
245391247,2026-03-13,2026-03-13,29,F,United States,Bronze,5,308.33,Yes
321338191,15-Nov-2021,2026-08-05,40,Female,CA,brz,15,348.67,No
808669943,01/25/2023,2026-03-01,41,Female,United States,Bronze,8,239.59,Y
684442304,2020-10-15,2026-06-10,28,male,usa,  Silver ,51,1484.82,0
273861909,2022-12-24,06/23/2026,53,M,USA,unassigned,24,"$1,607.74",NO
838680938,23.03.2022,05/13/2026,36,Male,AU,Bronze,11,496.72,0
449502579,2021/11/06,2024-10-24,29,male,australia,Bronze,2,182.04,1
301560537,2024-05-20,2024-09-27,72,Female,Canada,Bronze,17,579.54,Yes
626823646,2022-03-07,2026-08-06,22,Female,US,Silver,12,1188.23,FALSE
267622446,"June 25, 2024","December 01, 2025",55,Unspecified,USA,Bronze,2,50.75,yes
382794575,2022-01-16,07/23/2026,54,Male,united states,Gold,11,2035.4,N
976332618,2025-03-22,01-Sep-2026,32,Male,U.K.,Bronze,1,98.6,N
475144973,2022-10-08,28-Jul-2026,41,Female,United States,Silver,,1567.17,N
126338571,2023-06-27,2026-08-25,71,Female,US,Silver,21,1216.22,0
384771441,2024-11-01,02-Sep-2026,24,Female,United States,brz,8,466.65,no
372421457,2024-08-17,2026-07-19,27,male,CA,Bronze,7,197.96,no
470086474,16-Feb-2020,2026-08-12,73,Female,Australia,gold,28,"$2,751.49",No
411019282,2022-02-07,2026-08-06,38,Male,,Silver,19,497.48,0
274964801,12.12.2023,2026-08-17,59,Female,usa,Bronze,12,262.30 USD,No
317873143,2025-09-07,,42,Female,India,Bronze,6,261.71,Yes
224492639,2022-09-25,08/02/2026,40,Female,Canada,Gold,32,1695.01,No
856773844,2023-01-12,2026-07-04,59,Male,UK,Bronze,17,633.45,No
669259074,06/01/2022,2026-07-15,43,Female,India,,17,"$1,443.67",no
904354714,03/08/2024,08/25/2025,50,N/A,India,BRONZE,2,50.12,Yes
687281326,2023-01-05,not available,52,Male,United States,bronze,3,60.57,No
128322985,06.05.2025,2026/07/07,56,unspecified,MX,Bronze,7,244.14,NO
474233663,05/25/2025,02/19/2026,61,m,United States,Bronze,2,55.35,TRUE
817557820,10/07/2021,2026-09-05,38,female,Canada,Silver,22,1598.43,0
762776852,2021-09-12,2026-08-03,64,unspecified,Canada,Gold,45,2245.19,No
642917575,2023/11/06,2026-06-27,36,M,Australia,Silver,28,1595.13,No
459225058,2022-05-12,2025-01-19,20,f,United States,bronze,3,193.0,Yes
570063098,2020/09/22,2026-03-01,26,unspecified,usa,bronze,4,346.71,1
796556352,2025-06-04,2025-06-04,40,Male,Germany,Bronze,1,90.99,Yes
482453125,11/10/2025,,34,Male,United States,Bronze,0,0.0,1
232904017,2024-12-19,2026-08-26,32,female,USA,Silver,11,-589.89,No
858032016,04/12/2023,2026-08-26,81,m,United Kingdom,Silver,12,698.27,0
529815226,07/24/2025,2025-09-30,51,Female,United States,Bronze,N/A,121.59,1
854642594,2025-11-09,,67,Male,US,bronze,0,0.0,Yes
560748217,2022-10-12,2026-08-16,34,male,Germany,Gold,34,1814.79,no
614965368,2026-03-03,03/03/2026,53,F,United Kingdom,Bronze,7,169.22,Y
302526434,2023-07-30,2026-08-20,33,Male,United States,Silver,21,1552.17,No
986764063,2023-09-15,08/22/2026,38,,United States of America,Silver,20,1339.07,No
110545768,08-Jul-2022,11-Sep-2024,35,Female,USA,Bronze,1,70.47,Yes
208268768,2020-04-19,08/21/2026,25,Male,United States,Gold,32,3287.26,FALSE
157882566,"June 03, 2026",03-Jun-2026,67,Male,US,Silver,5,1081.72,YES
929116142,2025-12-27,,24,Female,United States,brz,0,-,Yes
461126963,2022-07-03,2026-08-19,36,other,United Kingdom,Silver,27,717.7,No
822053284,2025-02-27,2026-08-29,66,M,US,silver,32,1151.75,0
719462617,2025-07-24,,46,M,,BRONZE,0,0.0,Yes
555111750,10/08/2024,2026-03-11,42,Female,US,Silver,13,1014.04,N
786375163,2024-07-07,02.09.2026,38,Male,USA,bronze,7,180.96,NO
992878088,2023-04-11,2026-08-06,47,M,US,Gold,26,2783.53,No
926741714,30-Nov-2022,2026-06-27,36,Male,US,SILVER,19,1207.16,No
170037068,06/22/2025,01-Mar-2026,73,Male,United States,BRONZE,1,85.99,Yes
132597761,2021-07-10,2026-07-19,40,Male,India,Bronze,14,343.66,No
706563992,2025-10-29,2026-08-18,56,m,U.S.A.,Bronze,10,292.49,FALSE
289812191,2026/04/13,13-Apr-2026,,Female,N/A,Bronze,1,,Yes
456938752,29-Nov-2023,2026-08-17,40,M,United States,Bronze,5,381.01,0
607359601,23-Aug-2021,12-Aug-2026,63,Male,United States of America,gold,46,2880.03,No
520187926,2022/09/14,03-Aug-2026,55,Female,United States,bronze,3,207.71,No
539962085,2024-06-16,2026-07-22,41,m,MX,Silver,13,637.9,NO
443876921,2024-07-01,2026-07-29,30,Male,United States,silver,21,906.09,No
775201953,2023/09/24,24-Mar-2026,43,F,Deutschland,Bronze,9,490.65,No
719026769,07/29/2022,2026-03-01,36,f,USA,BRONZE,6,253.88,1
117743318,21-Jul-2022,2026-08-25,60,Male,United Kingdom,Bronze,8,307.85,no
991473165,2025-05-04,,21,male,United States,Bronze,0,0.0,Yes
257286712,11/26/2023,09.08.2026,20,Female,United States,Gold,33,2779.48,0
214709772,"December 10, 2024",2026-08-25,36,Male,United States,Silver,14,1245.51,0
586478266,2022-12-11,2026-09-03,70,femail,United States,Silver,16,906.2,No
784488386,11.09.2021,2026-08-03,47,female,Canada,slv,11,974.78,No
426262712,24-Aug-2026,,36,Unspecified,Mexico,Bronze,0,0.0,YES
289326778,01.07.2024,2026/05/25,37,Female,U.S.A.,Bronze,1,52.4,No
785716023,2025-12-08,2026/03/11,29,femail,India,Bronze,3,145.56,no
245035626,2023/05/31,07/27/2026,29,female,USA,Bronze,4,,N
331078752,27.06.2025,,49,male,germany,Silver,23,967.48,N
125358286,2022/07/14,2024-09-26,71,F,India,Bronze,4,217.98,Yes
188084818,2023-12-17,,,F,Canada,Silver,29,874.08,no
732125483,2024/12/30,30.12.2024,41,Female,United States,BRONZE,2,387.49,Yes
733410193,2025-02-23,2026-08-02,32,Male,,BRONZE,5,267.18,No
511922860,2022-01-29,14-Jul-2026,29,Male,United States,Bronze,-7,$314.57,no
905516504,2023-06-11,2026-07-29,42,Male,united states,Silver,22,842.03,No
834406194,2023/01/03,2026-08-29,28,Male,United States,Bronze,8,196.24,N
690995698,06/12/2024,2026-08-10,36,Female,United States,GOLD,19,NULL,0
498134453,2025-08-20,"March 01, 2026",22,Male,Canada,BRONZE,1,128.36,Yes
153921894,2024-02-07,08/20/2026,68,Female,United States,Silver,19,995.47,No
469200559,2023-07-06,2026-08-30,31,Male,United States of America,gold,25,"$2,934.55",No
839281886,2025/08/20,"December 23, 2025",29, Female,United States,Bronze,3,100.48,Yes
101798764,04/15/2022,2026-05-08,57,m,Can.,SILVER,6,1108.38,N
742919082,2026-02-20,2026-02-20,46,m,DE,Bronze,3,274.34,Yes
747471904,11/10/2024,06/10/2026,43,F,U.K.,bronze,10,209.87,0
772974370,2024-08-07,2026-06-30,NULL,Female,Canada,SILVER,10,599.85,No
505569568,01/29/2025,08/10/2026,59,Female,Deutschland,Bronze,3,201.12,FALSE
163644291,2023-11-19,2026-08-11,53,M,United Kingdom,bronze,14,501.43,No
884723228,2023/11/10,26-Jul-2026,51,m,BR,Bronze,N/A,521.02,N
411931308,2022-06-26,07/08/2026,66,f,USA,Bronze,8,410.48,FALSE
361992957,2021-11-17,07/15/2026,74,Female,United Kingdom,Silver,28,1457.29,no
877907652,11.02.2023,08/07/2026,N/A,Female,United Kingdom,Bronze,7,393.91,no
790789382,2026-08-11,,27,Unspecified,United States,Bronze,0,0.0,Yes
120366104,05/18/2023,2026-08-27,33,Male,United States,Silver,22,1084.79,no
160930143,07/20/2023,2026-08-12,unknown,Male,United States,Bronze,9,125.36,No
338971320,2025-06-05,21-Feb-2026,37,Female,Germany,Bronze,3,99.17,Yes
304699067,2021-09-01,15.06.2026,44,F,germany,Bronze,6,260.41,FALSE
160951429,2020-10-18,2026-08-07,28,male,US,Silver,55,1518.0,No
951662935,2024-07-15,01.03.2026,66,male,United States,bronze,3,117.01,Yes
121683793,2024-11-16,"July 21, 2026",37,Male,AU,Gold,34,2423.51,No
191852766,09/02/2022,2026-08-30,28,F,Great Britain,silver,23,1114.66,No
351631475,11/09/2022,2025-08-05,26,f,usa,bronze,2,67.47,Y
468465249,2023-11-20,10-Aug-2026,,Male,united states,silver,14,1322.9,FALSE
488810013,2024-06-07,2025-05-09,56,Male,usa,BRONZE,5,$225.94,yes
567073170,2022-02-08,03/10/2024,,,Great Britain,silver,13,499.75,YES
910496050,2021/09/27,20.06.2025,52,m,United States,BRONZE,5,69.2,Yes
494135767,08/21/2024,2026-08-21,61,Female,United States of America,Silver,10,1075.67,N
555751984,2022-09-25,08/03/2026,41,M,US,Bronze,17,313.14,No
356344941,2024-11-09,,36,U,US,Bronze,2,$152.67,No
241246767,04/23/2024,,29,M,USA,bronze,0,0.0,Yes
571753014,12-Oct-2023,"August 23, 2026",46,FEMALE,uk,unassigned,2,101.48,0
780654521,2021-04-29,2026-07-27,30,Male,usa,Silver,91,1559.45,No
559753084,09/21/2023,27.08.2026,28,Male ,Mexico,Bronze,10,260.52,N
329260550,"November 27, 2022",2026-07-20,57,Male,US,Bronze,17,405.58,No
246918303,2026-04-23,2026-04-23,71,Male,USA,Bronze,1,78.43,Yes
930766464,05/27/2025,2026-07-31,49,,United Kingdom,Bronze,2,77.49,0
740889704,"March 05, 2022",2026-08-19,28,Female,US,PLATINUM,37,5399.28,No
467920829,03/11/2023,2026/09/03,49,Male ,DE,Gold,27,1761.25,No
270352089,08/26/2024,2026-08-16,-,Male,United States,gold,21,2612.78,N
901321351,2022-07-31,08/06/2026,44,f,United States,Silver,35,1569.88,No
184092238,25-Jan-2023,2026-09-07,36,Female,USA,Bronze,14,408.72,No
373392177,2025-08-27,05.09.2026,57,non-binary,united states,brz,2,91.81,0
771789656,2025-06-11,2026-07-24,65,Female,United States,Gold,26,4323.37,No
633826194,2026-06-15,06/15/2026,46,Female,United States,BRONZE,4,243.21,Yes
294753246,2022-04-06,04-May-2026,39,male,USA,silver,41,1512.16,no
452509551,10-Sep-2025,2025-09-10,50,non-binary,USA,Bronze,4,362.55,Yes
968018082,27-Feb-2025,03/27/2025,51,M,Brazil,Bronze,3,80.45,YES
798791783,2023-05-30,N/A,30,Female,DE,Silver,12,443.54,N
316087205,2025-01-23,2026-08-08,80,F,IN,Bronze,7,359.31,No
480537580,2025-09-01,2026-02-14,39,Female,India,Bronze,1,207.51,1
485880197,03/25/2024,,67,m,IN,BRONZE,3,138.37,No
651079703,22-Dec-2023,2026-08-08,36,Female,United States,Gold,32,2718.4,No
875807934,2021-06-26,2026-06-18,74,F,United States,Silver,14,803.01,No
158788323,2022-06-07,2026-07-03,58,Male,United Kingdom,bronze,6,398.69,no
141400340,2021-12-11,2026-06-29,60,Male,United States,Bronze,3,179.01,No
679881645,2025-04-18,2026-07-23,54,Male,United States,slv,8,1184.66,No
251978313,2023-04-25,"August 08, 2026",58,Female,US,Silver,20,649.79,No
969612122,08/30/2024,2025-06-05,48,female,australia,Bronze,1,42.78,Yes
242178018,2024-11-21,2026-07-06,28,F,unknown,Silver,19,$888.22,No
526563383,02-Sep-2024,2026/08/14,66,Female,United States,Silver,7,1022.6,no
495968072,2025-11-30,2026-03-01,73,prefer not to say,USA,Bronze,1,55.1,1
518528962,2024-07-13,21-Jul-2026,48,Male,US,Silver,30,1638.11,N
900067546,12/20/2024,,24,Male,Can.,brz,0,0.0,Yes
288411073,2024-05-15,2025-06-21,N/A,Female,canada,Bronze,3,278.2,yes
385356208,07/18/2026,,50,MALE,united states,Bronze,0,0.0,Y
595759120,2025-03-30,2026-01-13,52, Female,USA,silver,7,747.55,YES
186754853,26-Jan-2026,2026-07-12,70,m,united states,Bronze,1,69.2,no
603967367,2025-11-19,,32,Unspecified,india,Bronze,0,0.00 USD,Yes
718145266,03/16/2026,2026-03-16,54,Male,United States of America,Bronze,10,294.14,Yes
789973419,2021-07-27,"July 21, 2026",40,,United Kingdom,Gold,26,1863.93,No
288991283,04/15/2024,2026-05-20,56,F,United States,SILVER,9,1495.92,No
862152545,09/16/2024,2026-08-27,73,MALE,U.S.A.,Silver,17,482.62,NO
584918249,2026-02-06,2026-07-06,38,female,CA,Bronze,1,58.14,No
190976623,04-Feb-2022,"May 13, 2026",48,Male,Canada,brz,11,-457.78,N
499352786,"June 06, 2024",2026-06-11,63,M,United States,Bronze,12,missing,No
395748360,06.07.2025,2026/07/02,30,,usa,Bronze,3,84.71,No
481178403,01/21/2020,29-Aug-2026,38,,CA,Bronze,15,414.27,No
635224423,2024-03-13,2026/08/28,88,Male,US,none,2,58.83,No
139868953,"November 12, 2023",2026-07-26,54,m,México,Bronze,3,170.14,No
703024339,06/21/2022,,21,Female,Brazil,none,1,$41.02,no
764047825,03/12/2026,2026/03/12,33,F,US,Bronze,1,125.06,Yes
377152453,2023-12-07,2026-08-11,,m,canada,Platinum,62,8789.15,N
597290511,21-Apr-2024,2026-05-30,25,Male ,United States,Silver,6,841.82,FALSE
855855035,14-Oct-2023,2026-08-15,37,Male ,U.K.,Bronze,3,233.04,0
492620460,"November 13, 2025",03/01/2026,44,Female,US,Bronze,2,45.09,Yes
648357096,2025-09-03,2026-08-27,64,MALE,India,Bronze,1,33.53,NO
942189571,"October 03, 2024",2025-10-27,43,female,United States,Bronze,8,432.46,YES
904884747,,2026-08-07,33,male,Brazil,Bronze,8,431.5,No
614888432,2020-04-05,08/10/2026,60,FEMALE,usa,Silver,11,911.39,no
767525781,2026-02-14,"February 14, 2026",40,Male,USA,Bronze,2,32.97,Yes
906316612,06/26/2025,2026-02-27,38,male,India,Bronze,1,$97.88,Yes
283568677,2024-05-27,2026/09/03,30,Male,United States of America,Silver,N/A,707.17,no
477371159,2025-04-28,08/28/2026,68,Male,Canada,Bronze,8,498.9,No
293231716,09/18/2023,2026-07-27,25,Male,Canada,Silver,8,$677.23,No
937895467,12/20/2021,2026-08-16,59,Male,IN,GLD,28,1851.61,No
745769819,07/04/2026,2026-07-04,21,female,usa,bronze,2,46.18,TRUE
548386165,"May 23, 2026",05/23/2026,74,Male,India,bronze,1,181.13,Yes
135839914,2023-02-18,2026-07-11,,female,U.S.A.,Silver,31,"$1,210.73",no
173235945,2022-05-13,2026-08-14,43,Female,United States,BRONZE,5,297.65,0
876139921,2024-06-29,2026-08-13,59, Female,United States,silver,36,1673.58,No
493390116,2022-03-07,2026-08-06,57,Male,United States,Gold,68,2820.76,FALSE
633625544,2025-09-16,2026-07-29,49,Male ,US,BRONZE,1,86.52,No
555238840,13.04.2021,"August 30, 2026",,Male,Germany,slv,45,1674.06,No
969132766,01.07.2025,2026-05-27,42,Male ,United States,bronze,1,131.3,No
713988370,07/03/2025,2026-06-21,58,non-binary,United Kingdom,Bronze,1,$31.08,No
502075664,07.09.2022,2026-08-05,27,Male,United States,Gold,13,1836.06,No
473602226,01-Jul-2019,,36,Other,United States,Bronze,10,378.89,no
913972725,"December 07, 2022",06/29/2026,31,Female,Mexico,  Bronze ,6,336.38,N
804640205,2021-07-10,08/21/2026,39,Female,Germany,Silver,9,719.28,NO
713394343,2022-12-20,03/01/2026,26,female,US,Bronze,9,290.21,Yes
775240348,2024-09-15,2026-06-09,40,female,CA,Silver,25,1231.71,N
453867419,2026-05-23,,42,Male,United Kingdom,Bronze,0,0.0,1
736481950,2020-11-28,2026-07-12,56,M,,Bronze,2,60.09,No
186783241,2022/07/03,14-Aug-2026,61,Unspecified,United States,Bronze,7,271.82,N
670124808,2023-03-09,2026-06-10,32,Female,United States,Silver,20,511.97,No
783564889,2026/08/03,2026-08-03,58,male,usa,Bronze,2,62.81,Yes
855233199,2024-05-02,2025-03-19,69,female,US,bronze,4,145.81,Y
127396919,2026-06-15,2026-06-15,68,M,united states,Bronze,3,102.27,1
162601243,2020-03-01,2024-10-04,38,Male,USA,BRONZE,3,103.11,Yes
497127293,2025-02-07,2026-08-08,44,male,U.S.A.,Bronze,4,346.74,FALSE
827600522,2022-01-16,2026-09-04,62,male,United States,Silver,22,1243.13,FALSE
828565311,01/20/2023,2025-12-04,33,Male,Brazil,Bronze,6,292.43,Yes
433586823,2024-01-08,,45,female,United States,bronze,2,110.42,no
879720669,16-Mar-2025,27-Sep-2025,25,,united states,Bronze,1,$55.69,Yes
336594116,07/25/2021,2026-07-18,26,Female,United States,gold,23,2151.21,No
327852628,"December 05, 2022",,69,Male,United States,Bronze,0,0.0,Yes
574427960,2025-01-30,2026-08-08,50,Male,Mexico,silver,9,511.51,N
345434741,2021-11-13,2026-08-15,31,Female,Mexico,Bronze,9,412.05,no
498085038,2024-05-03,,49,Male,England,Silver,4,676.12,0
866262805,2026/01/08,11-Jul-2026,31,Male,IN,Silver,7,589.9,no
508609011,2020-06-20,08/22/2026,44,Male,Brazil,Silver,25,857.56,
515994469,2026-01-03,07/19/2026,64,Male,India,,1,39.68,No
814105188,04-Jan-2022,"July 27, 2026",32,F,US,Silver,22,1401.27,0
612461468,21-Apr-2024,01-Mar-2026,57,female,Canada,,1,46.45,Yes
442107694,2021-11-29,03-Dec-2025,22,M,Canada,Bronze,1,76.96,Y
960689306,07/30/2026,,30,Female,Australia,Bronze,0,0.0,Y
889642184,"August 10, 2023",12-Aug-2026,74,m,usa,Gold,70,2694.98,No
886617704,15-Aug-2024,2026-04-06,45,Female,United States,Bronze,6,261.52,N
918256612,2022-05-23,"September 01, 2026",45, Female,IN,Gold,42,2788.48,NO
592100461,2023-04-15,2026-03-01,57,M,United States of America,Bronze,5,156.51,yes
174431249,2025-09-23,,38,Female,United States of America,Bronze,0,0.0,yes
859560798,2021-07-10,2026-05-28,22,FEMALE,United Kingdom,Platinum,55,6184.07,No
762494741,13.07.2023,2026-08-04,42,,India,Platinum,20,5310.06,No
477277991,2026/03/06,2026-03-06,30,Female,U.S.A.,BRONZE,1,68.43,Yes
763578388,2026-03-21,07/04/2026,23,Male,United Kingdom,Gold,13,"$1,740.76",FALSE
559254507,05-Jan-2021,2026-07-01,56,other,USA,Silver,10,629.81,0
187379596,09.06.2024,2026-09-03,59,Female,United States,BRONZE,6,$246.99,no
228400264,2025-03-06,11/29/2025,54,Male,US,silver,6,720.48,Yes
596847830,2025-10-24,06/06/2026,32,Male,Canada,Silver,11,880.48,No
283498412,2024-04-03,2025-08-23,43,female,U.K.,Bronze,9,-545.43,Y
221520038,2023-07-14,2026-06-12,38,M,united states,NULL,22,2902.97,No
985350182,"November 29, 2020",06/07/2026,60,F,United States,Bronze,8,351.64,No
593032730,02/01/2024,2025-07-02,70,Male,USA,brz,3,118.75,yes
419360912,2020-02-14,08/21/2026,26,Female,USA,Bronze,6,301.39,No
843437525,2023-12-16,2026/08/13,86,Male ,Canada,Bronze,4,44.44,No
649078601,2025/11/18,2026-03-01,37,Male,Canada,Bronze,4,157.27,Yes
457098113,2026-06-17,not available,47,Male,United States,bronze,0,0.0,Yes
909951963,18.09.2025,08/19/2026,41,Female,Canada,Bronze,2,44.68,No
242124044,2024-03-04,2026-08-17,40,female,USA,Silver,N/A,636.45,No
845266978,2026-03-30,,60,non-binary,united states,Bronze,0,0.0,yes
706642582,2021-04-21,2026-08-14,75,Female,India,Silver,-21,"$1,436.24",N
796422326,04.05.2024,2026-07-24,54,,CA,Bronze,9,$601.89,No
457435218,2026-03-01,,33,Male,United States,Bronze,1,230.28,TRUE
658314840,06/11/2024,,38,FEMALE,USA,brz,8,342.36,No
568137427,"January 19, 2024",02/23/2026,33,M,canada,SILVER,11,$944.02,yes
728679819,"August 24, 2020",2026-08-08,29,F,Australia,Platinum,92,4716.46,No
753469777,2020-11-21,2026-07-21,31,female,,GOLD,56,2714.39,No
571654131,2022/01/26,2026-08-09,30,Male,usa,Silver,18,766.43,No
614043143,2026-03-23,03/23/2026,44,Female,U.S.A.,Bronze,1,26.37,Yes
657701420,01-Aug-2022,2026-02-20,44,Male,United States,,10,256.6,yes
862261354,2021-08-08,17-Mar-2025,44,Female,U.S.A.,Bronze,8,381.19,YES
430690281,17.03.2021,2026-08-14,72,N/A,Canada,Silver,33,1113.29,No
142596403,03/03/2023,2026-08-19,22,FEMALE,MX,Silver,8,687.18,FALSE
774958934,2022-10-15,2026-07-06,42,MALE,United States of America,Bronze,10,310.55,0
381581417,2023/09/23,06/14/2026,32,Female,BR,Gold,11,"$1,427.83",N
196008474,2025-05-22,27-Aug-2026,68,female,MX,Bronze,3,47.48,N
551435965,"February 18, 2025",07/15/2026,57,Male,N/A,Silver,16,1040.86,0
357149245,2019-12-04,09.08.2026,27,Female,Germany,Silver,20,1288.5,No
493119575,2025/10/06,2026-08-24,72,Female,UK,Bronze,3,237.76,NO
784427880,2022-12-25,2026-07-24,,F,US,Silver,9,458.32,No
159167227,2025-05-30,2026-08-28,39,Female,united states,Bronze,5,451.31,no
124392801,2022-03-24,2026-09-01,70,F,Germany,silver,34,863.82,0
730510496,2022-12-25,2026/08/22,78,N/A,USA,Silver,26,828.2,0
582148766,2025-11-29,29-Nov-2025,56,F,Canada,Bronze,1,$19.43,Y
403318687,2025-12-07,2026-08-19,48,Female,Germany,BRONZE,3,315.26,N
874143013,2023-11-16,2025-08-11,unknown,Male,Canada,silver,14,1059.94,TRUE
937806439,05/30/2024,2026-08-30,35,Male,uk,Bronze,6,308.59,No
460508029,08/14/2025,,56,Unspecified,united states,silver,19,514.19,No
345478513,"October 22, 2023",11-Jul-2026,,Male,United States,Silver,33,1271.3,No
371350121,2025-11-08,03/11/2026,N/A,Male,USA,Bronze,NULL,155.4,No
276023355,10/15/2023,2026-09-03,38,Other,N/A,Silver,19,774.39,no
198036342,27-Aug-2023,2026/07/31,25,Male ,USA,BRONZE,25,-,No
597542799,"March 13, 2024",,41,Female,Canada,Silver,9,,No
819489158,2023/03/05,2026/08/04,45,Unspecified,USA,Silver,19,1181.49,No
743701890,2024-10-22,"March 01, 2026",48,Female,United States,slv,14,1088.87,TRUE
908866072,"February 18, 2026",03/01/2026,35,MALE,USA,brz,4,202.52,Yes
812272672,"May 11, 2022",2026-08-23,61,Male,United States,Silver,33,1169.15,NO
945045585,22.10.2024,2026-08-23,43,Female,Canada,Silver,24,531.21,no
689191531,2026-05-22,2026-05-22,30,Male,united states,Bronze,1,62.43,Yes
407922751,2019-11-02,2026-02-04,47,Male,USA,Bronze,1,38.15,Y
654794860,29.09.2022,2026-06-14,,Female,USA,Gold,14,2216.52,N
262079795,12-Mar-2022,07/19/2026,72,femail,United States,Silver,15,1365.43,No
615747966,2025-02-17,08/04/2026,25,female,Germany,Bronze,4,164.12,N
188659985,03/21/2026,21-Mar-2026,30,FEMALE,usa,Bronze,1,-22.5,Yes
496677478,2024-12-02,2026-05-18,40,Male,USA,Bronze,4,68.09,No
474077745,2023-04-17,2026-09-04,74,Female,United States,Bronze,15,543.32,0
596721460,2024-11-24,07/14/2026,81,female,Canada,Silver,,2149.6,No
764513627,2025-12-07,2026-03-01,37,Male,United States,Bronze,1,62.42,YES
419171304,16-Oct-2022,08/27/2026,59,Male,united states,slv,9,1571.14,No
952008671,2020-06-29,2026-06-17,45,Female,Mexico,Bronze,26,475.32,No
153912104,2026/01/25,01/25/2026,39,male,US,Bronze,4,292.65,TRUE
660667567,2026-02-26,2026-07-03,45,Female,Germany,Bronze,2,106.42,No
493249333,"September 13, 2023",2026-08-01,34,Male,United States,Bronze,8,443.36,NO
478841533,2025-09-28,2026/08/03,45,,U.S.A.,Bronze,1,67.52,No
925871552,02-May-2023,,47, Female,Brazil,silver,9,882.35 USD,No
271658918,2024-07-24,,25,male,Canada,Bronze,0,0.0,Yes
377867985,2026-04-05,"April 05, 2026",34,male,CA,brz,3,$358.93,1
969115841,2023-04-04,2026-07-22,39,MALE,Australia,  bronze ,4,54.32,No
321648211,27.10.2023,08/22/2026,,Female,USA,Gold,25,2149.32,No
158255106,2026-03-16,2026-07-04,52,Female,united states,brz,3,N/A,No
180810947,2021-04-22,2026-08-10,66,Female,usa,SILVER,35,789.21,N
830963958,2026-01-19,19.01.2026,36,Female,India,Bronze,1,161.45,Y
707743639,04/12/2023,2026-08-15,44,female,IN,Gold,41,1872.36,No
915732025,"May 28, 2024",06/16/2026,23,male,US,Silver,43,NULL,0
976660869,2021-10-27,2026-06-26,42,Male,USA,Gold,18,1895.82,0
360937761,2023/09/22,2026-07-02,27,f,United States,Bronze,7,381.57,0
658220983,2026-03-23,2026-03-23,50,Male,United Kingdom,bronze,1,127.98,Y
279401746,2024-04-15,03.08.2026,27,Male,India,Bronze,3,199.59,No
679748093,2022-10-23,2026-07-30,58,Female,USA,Silver,26,"$1,908.37",NO
261810660,27.04.2022,21.11.2024,38,Female,USA,Bronze,3,207.81,1
198248090,2023-06-18,07/21/2026,44,Male ,Brasil,Bronze,4,355.61,No
262607723,2026-04-05,04/05/2026,27,Male,USA,brz,1,63.56,Yes
828927508,01/24/2022,2026-08-02,19,Female,Canada,Bronze,9,183.68,No
999838305,2025-09-19,"May 14, 2026",34,F,United States of America,slv,12,593.17,No
810717336,2024-09-04,08/06/2026,58,Female,Canada,Silver,18,629.41,No
557888279,2023-01-23,2026-08-12,46,female,CA,GOLD,37,2440.66 USD,No
331138131,2023-10-23,2026-09-02,40,Female,US,Bronze,10,243.61,N
172565536,2021-09-21,2026-08-23,35,FEMALE,USA,Silver,10,841.06,no
153289070,2023-12-31,2026/09/06,53,,US,brz,5,177.88,No
897786790,2021-07-05,2026-08-30,37,femail,usa,Gold,46,,No
536172109,02/08/2024,06/22/2026,22,Male,usa,GLD,32,2296.8,No
748926629,2023-12-10,2025-06-29,32,male,United States,Bronze,1,39.01,Yes
707159920,2021/07/01,2026-05-22,?,Male,MX,Silver,33,2148.2,0
251056875,27-Aug-2024,04/08/2025,40,Unspecified,United States,Bronze,6,177.3,yes
582851796,01/17/2021,2026-07-29,35,Male,India,Gold,32,1680.57,No
855120429,2020-09-30,2026-08-06,68,Male,Canada,Silver,32,1415.88,N
605879022,2025-07-17,2026-03-01,78,Female,US,Bronze,3,$160.60,yes
738785866,2023-07-19,2026-07-30,31,Male,US,GLD,31,2279.7,0
499240587,"September 20, 2022",2025-05-29,70,male,U.K.,Bronze,3,269.08,Yes
494131597,2023/11/17,,91,Male,United States,brz,0,0.0,Yes
651967824,2022-02-14,2026-07-13,24,Male,United States,Bronze,3,249.84,N
268216439,2022-06-29,10.05.2026,43,Male,Canada,Bronze,6,331.01,0
704253076,16-Nov-2021,08/17/2026,43,Female,United States,Gold,47,,No
842548409,2024-02-01,2025-04-27,52,female,Brazil,BRONZE,3,$278.12,TRUE
233438192,02/20/2021,2026-08-19,22,f,Mexico,Silver,24,804.03,No
288487540,2024-03-07,"August 05, 2026",67,Female,Canada,Bronze,1,28.31,No
921885740,2022/07/14,2026-07-28,33,Male,United States,Silver,19,2183.37,No
685192643,2026-03-12,,33,Female,U.S.A.,bronze,0,0.0,Yes
982775330,2021-11-22,2026-06-03,37,non-binary,usa,SILVER,51,1498.06,0
241283166,01-Nov-2021,"July 12, 2025",68,Male,United States,Bronze,11,316.24,1
572280164,2024-07-04,2026-08-25,35,Female,United States,Bronze,9,486.0,No
848472556,2022-06-28,2026-07-15,34,F,United States,Silver,43,1427.27,N
405321696,2024-11-17,2026/06/16,33,m,United States,bronze,3,194.3,No
784451992,2024-08-13,2026-08-24,62,F,CA,SILVER,22,848.64,0
321138313,2024-03-08,2026-07-19,39,Male,Germany,brz,7,338.05,No
207235420,13.10.2024,2026/08/11,52,Male,Mexico,bronze,1,-24.86,N
488830476,06/29/2022,2026-08-01,66,f,CANADA,Gold,29,2286.49,no
194985665,07/10/2024,,21,unspecified,Germany,Bronze,0,$0.00,YES
301096793,05/06/2022,08/26/2026,42,Female,United States,Silver,22,1476.50 USD,N/A
750003250,31.07.2024,2025-10-17,38,Male,usa,Bronze,13,$318.24,Yes
161931669,2023-07-13,08.07.2026,41,MALE,United States,Bronze,5,$199.46,No
652264896,2026-02-21,,55,Unspecified,U.S.A.,brz,0,0.0,Yes
766074368,2024-08-05,2026/09/02,60,Male,,SILVER,25,1301.02,0
879290729,2024/06/30,2025-10-22,54,non-binary,United States,BRONZE,4,106.15,Yes
397226330,03/21/2022,2026-08-17,54,Other,Germany,bronze,9,526.0,No
288248997,2022-05-05,09/01/2026,26,Female,USA,SILVER,31,1540.0,N
954671143,2025/02/02,2026-05-27,48,Female,usa,bronze,-9,308.66,No
198404877,04/23/2024,,47,f,India,Bronze,0,0.0,Yes
882502712,"August 11, 2021",2026-06-30,56,Male,USA,  GOLD ,30,3019.17,No
907236700,16-Feb-2021,2026-08-21,25,MALE,United States,GLD,28,1994.27,No
246119818,2025-04-08,03/01/2026,30,Male,canada,bronze,2,146.92,Yes
253851398,2024/06/07,03.06.2025,68,F,United States,Bronze,4,90.89,Y
967195411,25-Oct-2021,2025-07-15,32,M,Brazil,bronze,3,94.36,YES
586908705,2024-01-04,12/22/2024,67,Male,IN,Bronze,6,398.42,TRUE
111273317,18.02.2024,2024-02-18,46,Male,USA,Bronze,4,$470.25,Yes
794153741,19-Feb-2025,08/01/2026,51,Female,U.S.A.,Bronze,10,318.63,0
295045048,23.12.2025,,31,F,India,BRONZE,0,0.0,Yes
494570474,"April 27, 2026",,66,Male,CA,silver,7,$560.50,0
987979751,11-Jan-2025,2026-07-29,36,Female,usa,Bronze,2,-,0
901605234,24.03.2023,2026-07-25,,FEMALE,Brasil,Silver,-40,1999.44,No
820443382,2026-03-24,,65,Male,united states,Bronze,0,0.0,Yes
678645209,2021-09-10,09/13/2025,50,M,UK,bronze,NULL,74.16,Yes
151963724,25-Apr-2024,07/26/2026,52,Unspecified,USA,Silver,7,560.07,No
766572105,2025-06-08,2026-08-08,31,Female,US,Silver,13,804.99,
121606542,10/27/2020,2026-07-09,60,Male,United States,Platinum,80,5672.63,0
524302228,2020-11-03,2026-07-28,56,male,USA,Silver,8,563.09,N
450675763,2026-05-20,20.05.2026,48,Female,CA,Bronze,2,44.56,yes
605692828,2025-06-14,,79,,US,Bronze,7,282.07,N
225884209,08/09/2026,,51,F,India,Bronze,0,0.0,Yes
474191916,04.01.2025,"August 17, 2026",38,Female,india,Bronze,9,425.9,No
446106315,09/14/2020,2026-01-11,34,F,BR,Bronze,4,295.92,yes
734623494,04/29/2025,2026-07-06,54,Male,US,Silver,22,1388.34,No
401068334,2026-04-25,2026-04-25,57,Female,Canada,Bronze,8,246.25,Yes
479318919,08/14/2022,09/03/2026,33,M,USA,silver,12,756.35,No
234581818,11/05/2023,07/29/2026,42,Female,australia,Bronze,7,389.05,No
886115856,20-Jul-2025,,28,,India,Bronze,0,0.0,yes
895602888,23-Jun-2023,13-Jun-2026,61,Male,canada,GOLD,15,1889.35,N
393997270,2022-12-11,"August 05, 2026",50,U,United Kingdom,silver,23,561.25,0
376072589,08/16/2022,2026-08-19,32,Male,USA,brz,7,296.98,No
268599354,2024-03-15,2026-03-01,28,Female,United States,Bronze,3,161.82,Y
487768066,2025-07-25,2026-06-19,41,female,United Kingdom,Silver,8,441.32,No
944431149,16.05.2022,27.08.2026,58,Male,CANADA,Silver,8,608.86,FALSE
634129108,2023-02-07,2026-06-03,24,male,United States of America,Gold,14,1723.69,0
406010553,2025-01-20,03-May-2026,40,f,USA,Silver,25,1267.6,No
858422677,10.10.2025,16-Aug-2026,59,Male,U.S.A.,BRONZE,none,61.03,No
177222951,2025-11-06,2025-11-06,39,male,United Kingdom,Bronze,1,51.62,Y
204703836,2026/08/09,,53,Male,United Kingdom,Bronze,0,0.0,yes
697881429,21.01.2024,2026-07-12,46,Female,brazil,Gold,36,3578.1,N
126407276,01/08/2022,08/13/2026,51,Female,US,Platinum,62,5628.0,no
953884988,10/16/2023,,64,MALE,australia,Bronze,0,0.0,yes
960809914,22.10.2025,,29,MALE,U.S.A.,brz,0,0.0,Yes
635403584,2025-11-11,2026-01-31,29,F,US,Bronze,3,391.07,yes
961829993,2022-06-18,2026-08-14,51,male,United States of America,SILVER,10,1558.46,N
493045580,2024/10/01,2026-08-29,29,U,United States,Bronze,4,158.64,No
208340695,2025-03-25,08/02/2026,43,Male,N/A,slv,18,"$1,000.93",No
279842652,2019-05-20,2026-06-07,57,Female,USA,Gold,50,2262.68,no
457769333,2021-05-26,14-Aug-2026,46,Male,Germany,silver,22,1173.42,0
601687795,2025-12-27,2026/07/27,50,F,United States,Bronze,6,185.86,N
736680833,10/20/2023,2026-06-13,41,Male,BR,Silver,32,1066.03,No
496046117,2025-06-13,NULL,59,Male,United States,Silver,13,760.19,No
396573723,2022-07-02,08/06/2026,46,MALE,Australia,Platinum,N/A,"$6,939.29",No
849627273,"March 22, 2025","August 30, 2026",63, Female,UK,bronze,9,431.18,No
284825224,2022-02-14,2026-04-30,43,M,United States,Platinum,65,5120.37,No
885960513,2024-09-17,2026-08-30,23,Female,AUS,Silver,11,802.82,No
951788271,21.02.2022,2026-08-04,87,M,usa,Bronze,2,79.05,No
919654321,04/19/2025,2025-04-19,20,,United States,Silver,11,1100.69,Yes
690640289,02/26/2023,2026-02-01,58,male,United States of America,,-16,929.39,Yes
914986416,2024-02-18,07/29/2026,24,Male,germany,bronze,5,$404.14,NO
801582604,2022-05-17,29-Aug-2026,25,MALE,U.S.A.,Bronze,10,499.83,no
351705564,29.04.2023,07/28/2026,40,Female,united states,Platinum,75,8272.64,0
816876230,08/22/2022,2026-08-14,47,,United States,gold,38,2475.67,No
356626418,2026-02-08,"February 08, 2026",41,prefer not to say,United Kingdom,bronze,1,128.27,yes
128480466,10/23/2023,2026-09-01,63,Male,usa,Gold,30,3072.55,NO
814075516,"March 28, 2021",2026-06-30,,Male,United States,Bronze,7,319.71,No
686730914,2025-04-28,2026-07-19,57,Female,USA,BRONZE,1,84.47,No
416619138,08/13/2023,2026-08-15,34,Male,U.S.A.,PLATINUM,35,3989.14,No
451684599,06/15/2025,07/18/2026,34,Male,United Kingdom,bronze,1,61.11,FALSE
151908751,2025-03-09,,58,,United States,BRONZE,4,123.32,No
423806810,2025/06/27,2026/08/27,66,female,US,Bronze,4,367.81,0
112847446,06/04/2022,2026-07-13,65,Female,US,Bronze,12,438.41,No
949786152,2024-07-19,2026-08-15,67,FEMALE,United States,bronze,3,153.57,NO
829578545,2024-09-24,2026-08-17,26,male,United Kingdom,Gold,27,2803.99,No
690008431,2023/01/26,2025/05/12,56,Male,U.S.A.,Bronze,1,38.44,Yes
238912278,12-Mar-2026,2026-03-12,22,male,Brazil,unassigned,3,57.95,Y
999356625,2022-10-15,03-Aug-2026,,Male,India,Platinum,60,6781.05,no
561877323,2025-12-26,2026-04-18,28,Female,United States,BRONZE,-3,248.29,No
622195761,2021-05-30,2026-06-28,62, Female,United States,Silver,58,1031.97,No
824812772,2022-04-12,2026-08-01,68,Male,United States,Gold,56,3409.48,No
298588461,2024-03-31,2025-12-15,46,Female,United States,Bronze,4,236.95,1
255917276,08.04.2025,2026-07-12,53,Female,Canada,Silver,-21,1685.32,No
718187976,2024-02-08,2026-07-29,46,M,IN,Bronze,6,133.06,No
739429089,2023-11-17,,20,Male,USA,Silver,20,1069.53,No
667442056,2024-02-08,08/04/2026,46,Female,Brazil,Silver,16,754.06,
448437146,04/30/2026,2026-04-30,24,female,united states,Bronze,3,123.87,
545717420,2022-10-06,02-Jun-2026,41,Female,United States of America,Silver,13,1115.75,No
265529109,13.11.2022,2026-08-14,62,female,United States of America,Gold,44,2267.12,No
563195125,08-Jan-2026,24-Jul-2026,46,femail,IN,,7,368.55,N
817094450,"February 16, 2021",2026-08-06,50,Female,CANADA,gold,20,2278.15,No
598549475,02-Apr-2024,2026-08-02,70,Female,USA,Silver,16,1224.11,N
620156181,"August 17, 2022",2025-09-04,37,Female,United States,brz,4,192.89,Y
835765801,04/02/2024,NULL,31,Male,CA,silver,26,1643.47,No
157022924,07/15/2024,2026/07/16,22,MALE,United States,N/A,44,"$4,708.89",No
177550038,2022-09-24,2024-04-14,39,Male,United Kingdom,Bronze,7,247.04,Y
773710088,2023-12-20,28.01.2026,37,Male,US,Silver,7,1149.37,Yes
566601778,2024-08-08,2026-03-01,62,Male,U.S.A.,SILVER,14,704.18,Yes
668821343,2024-10-06,2026-08-10,27,m,United States,Bronze,6,296.7,No
848047118,04/20/2024,25.08.2026,25,Female,United States,Bronze,5,395.95,no
982794187,2022-04-12,2026/07/02,32,Male ,U.S.A.,Silver,18,578.73,No
671019659,"June 27, 2021",2026-06-07,29,Female,USA,Gold,45,2292.15,No
976415656,10/10/2025,,76,Female,canada,  Bronze ,0,0.0,yes
952428796,07-Nov-2021,2026-07-20,40,female,United States,Gold,96,4590.62,N
269743345,04/03/2022,03/01/2026,48,Male,United States of America,BRONZE,5,330.03,Yes
558084488,25-May-2022,03/19/2025,36,male,usa,bronze,15,150.26,Yes
960186563,12-Jun-2021,05.08.2026,56,Female,United States of America,bronze,15,485.49,FALSE
491100555,2024/12/28,2026-07-10,29,FEMALE,United States,  Bronze ,9,435.86,no
516921834,2024-08-22,,27,male,USA,bronze,0,0.0,Yes
635901876,2020-12-27,02-Aug-2026,23,M,United States of America,  platinum ,79,7971.33,0
803112157,2025-05-14,07/23/2026,33,F,United States,Silver,18,803.58,no
598946735,2024-07-06,18-Aug-2026,66,Other,CANADA,Silver,15,552.64,No
967689941,2025/06/11,2026-08-09,85,Male,United States,bronze,7,546.41,N
470422967,28-Jan-2023,2026-09-01,24,Male,U.S.A.,Platinum,65,7938.55,NO
211246826,2022-11-30,,87,Unspecified,United States,Platinum,103,6149.26,no
963410212,2024-09-29,06/28/2025,,female,United Kingdom,Bronze,1,87.66,Yes
137305443,01-Sep-2023,06/18/2025,48,Female,United States,Bronze,6,374.15,Y
275438216,"February 18, 2023",03/01/2026,31,Female,US,Silver,8,1030.87,TRUE
453027209,24.10.2023,30-Aug-2026,69,Male,United States,gold,31,2690.63,No
985889260,2022-12-10,07/03/2026,29,Female,United States,Bronze,7,$443.39,0
324934234,2024-11-10,2026-04-16,26,female,Canada,Bronze,14,429.78,No
552005732,12/01/2025,2026-08-22,71,Female,United States,Silver,3,652.72,0
445772151,2023-05-06,2026-08-15,57,MALE,CA,  brz ,9,265.8,FALSE
130385161,02/14/2023,12.07.2026,59, Female,AU,Silver,9,,NO
235045640,2025-09-01,,33,female,United States,brz,0,0.0,Yes
912859821,2026-05-22,2026-05-22,unknown,Female,India,bronze,3,133.79,yes
853902278,04/18/2022,07/19/2026,55,Male,United States,Silver,25,1821.29,No
944176137,05/11/2020,"June 17, 2026",49,Male,United States of America,silver,12,1138.19,no
798731312,2021-09-12,2026-06-23,22,M,United States,,NULL,549.86,N
203654268,05/02/2021,2026-08-02,64,Male,United States of America,Silver,13,$638.78,No
480462537,2024-01-22,2026-07-29,,Male,United States,Silver,17,738.58,No
397035258,08/20/2024,07/10/2026,62,m,United States,Bronze,10,486.11,no
324132854,2023-11-15,2026-04-16,29,Male,USA,Bronze,5,165.99,FALSE
305590190,07/22/2024,06/22/2026,37,Male ,United States,Bronze,3,126.03,0
887868341,2022/04/03,2026-06-21,,Female,USA,Silver,13,802.16,no
441335559,2021-08-09,2026-06-10,43,,Germany,Bronze,8,-340.73,No
851167019,2024-09-03,2026-03-01,24,male,United States of America,Bronze,1,$44.50,yes
180685345,2024-06-20,2026-08-03,32,Male,United States,Bronze,14,325.39,No
620872558,2024/04/14,06/28/2026,25,Female,England,Silver,14,1251.75,No
126583868,2020/10/24,2026-03-14,47,unspecified,India,Bronze,7,224.16,No
398329501,11/20/2023,03/30/2026,50,Other,germany,slv,17,734.79,No
685147860,15.06.2020,2026/08/07,49,M,--,Silver,10,734.09,No
744780392,2024-11-22,,65,Female,usa,Bronze,15,328.39,No
241283166,01-Nov-2021,"July 12, 2025",68,Male,United States,Bronze,11,316.24,1
705378831,09/14/2025,25-Aug-2026,54,F,India,Gold,-15,"$2,897.37",NO
500435658,2022/05/08,2026-06-25,55,Female,United States of America,Gold,29,2755.41,No
271526669,2026-03-14,2026-03-14,50,Male,Canada,BRONZE,1,26.90 USD,1
481775387,28.12.2024,2024-12-28,25,Female,Canada,bronze,2,$120.86,Yes
650621236,2023-10-30,2025-09-14,52,Female,MX,Bronze,1,58.24,Yes
515878590,11/25/2020,2026-08-28,38, Female,United States of America,Bronze,29,348.62,No
441051875,12/02/2022,"March 01, 2026",28,Male,Germany,Bronze,10,473.5,yes
525308193,01/08/2025,14-Jul-2025,45,Male,U.S.A.,Bronze,2,120.28,Yes
345618487,2022-02-25,08/25/2026,24,MALE,US,Bronze,7,354.31,0
500923213,27.10.2024,2026-06-12,31,Female,Australia,Silver,23,831.23,N
809374563,2024/10/07,2026-07-18,53,female,United Kingdom,Bronze,5,215.66,No
514440075,2024-10-25,2026-03-31,39,Female,United States,Bronze,3,93.07,FALSE
554645675,05/26/2024,,44,Male,United States,silver,20,742.14,0
967866576,2022-03-20,04/03/2026,23,male,Brazil,Silver,28,707.19,No
717463533,06/11/2023,22.08.2026,42,Male,USA,Silver,21,1463.41,No
350610268,03/31/2022,"March 29, 2025",26,Female,Canada,brz,7,$230.76,yes
857544554,2024-06-04,"December 20, 2025",35,Female,Mexico,Bronze,3,224.9,1
363571147,2026-01-27,2026-07-27,43,FEMALE,United States,Bronze,2,74.84,No
755524632,2025-07-02,"July 02, 2025",49,Male,Canada,Bronze,1,54.27,Y
546512976,2024-06-23,2026-08-12,21,Unspecified,United States of America,Bronze,5,149.78,No
595276415,"November 23, 2024",2026-07-20,29,Male,U.S.A.,Bronze,9,328.45,no
471611746,2025-07-20,,28,prefer not to say,UK,brz,0,0.0,Yes
325476851,2022-02-22,2026-03-11,29, Female,DE,Silver,10,636.78,N
624350014,2025-05-08,,50,Male,United States,bronze,3,269.63,Yes
649685871,09/07/2025,2026-01-01,27,Female,USA,bronze,1,79.17,Yes
615309224,10-Jul-2026,,23,F,NULL,none,0,0.0,Yes
950231376,2025-01-12,28-Jul-2026,31,Male,MX,Bronze,4,244.83,No
833267988,2025-05-25,,21,M,UK,Bronze,0,0.0,Yes
784506149,20.03.2022,07/25/2026,26,,United States,Platinum,37,4049.12,0
946051816,2022-12-24,2026-08-10,59,Male,United States,slv,21,1252.54,FALSE
198860021,04/30/2022,2026-08-23,30,Male,United States,Bronze,6,190.39,No
464474911,2023-06-19,2024-07-07,75,Female,United States,Silver,23,927.2,Yes
308126032,11/07/2023,,56,M,United Kingdom,none,11,309.09,N
265840634,2022-11-21,2026-03-01,26,Female,U.S.A.,Bronze,1,81.03 USD,Yes
249260945,09/26/2021,2026-08-17,57,Male,australia,GOLD,41,3969.22,N
384040201,2022-07-24,2025-12-19,56,m,United States,silver,16,730.21,Yes
250679515,2022-11-29,2025-11-11,32,Female,Deutschland,  Silver ,11,761.32,Yes
598396537,"December 26, 2021",06/20/2026,28,F,United States,silver,12,674.14,No
561340000,2022-03-11,2026-03-01,35,M,US,Bronze,4,288.59,Y
918824490,2024-01-18,2026-08-18,67,F,united states,bronze,3,104.55,No
473617190,02/15/2021,23-May-2026,30,Male,Australia,Gold,71,3316.69,No
461170702,2022-08-04,2026/05/26,67,f,Brazil,Platinum,62,"$4,349.90",No
517679236,2023-03-12,06/21/2026,51,MALE,United States,Bronze,12,126.71,no
767652431,2025-06-18,25-Aug-2026,39,M,United States,Bronze,8,331.66,No
431586234,19-Feb-2024,2026-08-16,30,female,United States,Silver,11,1275.92,No
597654187,"September 17, 2022",2026-08-28,28,Male,USA,Gold,20,2002.09,No
730962320,2023-08-30,2026-07-13,32,male,usa,Bronze,1,67.9,No
187704314,27-May-2023,28-Jun-2026,50,Male ,United States,Silver,13,1311.58,N
442669710,26.07.2025,07/27/2026,52,male,Mexico,Bronze,4,$121.19,
330960298,2024/12/03,2026-05-18,44,Female,USA,bronze,10,267.44,No
488372671,2024-03-25,2026-07-24,68,Female,United States,Silver,9,598.72,No
974488590,11.09.2025,2026/08/31,32,Female,DE,Bronze,4,330.04,No
274834381,20-Sep-2021,2026-07-08,41,Female,Canada,Gold,37,1843.77,NO
430306506,2023-09-17,01.03.2026,42,M,AUS,bronze,2,88.64,Yes
391780792,07/15/2024,,75,Male ,Canada,Bronze,0,0.0,Yes
580186203,2025-02-17,14-Aug-2026,28,f,United States,Bronze,3,84.58,0
271022443,2022-11-25,,32,female,United States,bronze,0,0.0,Y
647920075,2026/08/03,08/03/2026,42,Male,US,Bronze,1,17.77,Y
449140640,10/27/2024,24.08.2026,61,F,,brz,9,256.84,No
918389506,2025-06-10,2026-08-15,70,Female,INDIA,none,7,147.72,no
930468332,"April 28, 2026",2026/04/28,N/A,Female,USA,Bronze,3,104.57,Yes
729244441,2025-12-14,,?,Male,United States,Bronze,0,0.0,Yes
722420261,2023-09-03,2026-06-26,47,f,USA,Gold,54,3034.66,No
635276893,21.08.2022,30.05.2026,65,Female,united states,Gold,68,3062.59,No
818981532,2022-05-10,"July 30, 2026",55,F,australia,slv,42,,No
447092547,2021-10-26,2026/07/16,42,femail,United Kingdom,Gold,45,2036.99,0
323985097,11/19/2024,2026-06-26,33,Male,CA,Gold,7,1463.71,No
242666235,2023-10-21,2026-07-31,NULL,Unspecified,Australia,brz,,506.77,No
250245670,02.01.2022,2026-07-29,50,Female,India,  Silver ,20,542.99,No
176569178,2024-12-25,"August 23, 2026",25,male,United States,Bronze,5,118.95,no
260315814,2023-03-28,2026-08-09,47,FEMALE,United States,GOLD,31,2576.64,N
537406766,2023-10-14,2026-07-22,46,f,United States,Bronze,5,420.36,No
644630612,16-May-2024,"January 13, 2026",40,Female,Brazil,Bronze,6,$374.27,Yes
224263684,2024-02-05,03/11/2026,27,female,United States,silver,14,928.44,No
880464397,2022-04-26,2026-05-05,59,female,United States,Gold,75,2156.13,0
830226664,2020-11-14,09-Aug-2024,52,Male,United States,Bronze,5,337.95,Y
151965272,2026-04-25,2026-04-25,30,Female,Australia,Bronze,6,688.75,yes
272387565,06/13/2023,2026-08-07,46,Female,CA,silver,11,596.68,NO
324902446,2022-06-08,07/07/2026,88,Female,US,Bronze,26,319.66,FALSE
210941963,2022-11-27,01/20/2025,56,male,Brazil,Bronze,12,403.88,Yes
299628044,2021-01-23,"October 15, 2025",47,M,Australia,Bronze,2,129.21,Yes
859954802,2026-01-10,2026-01-10,45,FEMALE,United Kingdom,Bronze,5,283.69,YES
115511880,"February 03, 2022",2026/07/07,41,M,Canada,Gold,30,2631.51,FALSE
794708477,23-Nov-2020,2026-07-01,22, Female,US,Bronze,7,617.84,No
507951093,2020-09-08,,51,female,USA,Silver,10,779.75,No
397709485,"August 02, 2022",2026-08-15,45,Male,USA,gold,33,3249.01,No
527406145,2024-12-14,2026-08-29,30,non-binary,USA,Silver,15,1112.66,N
923759969,2025-12-04,2026-08-12,63,MALE,United Kingdom,BRONZE,9,376.03 USD,No
271987194,03-Nov-2020,07/20/2026,48,F,USA,Gold,46,4060.12,No
958401397,10-Apr-2023,2026-07-29,41,Female,United Kingdom,Gold,44,2468.71,NO
124135972,2022-12-03,2026-08-10,26,Female,canada,Gold,25,3665.27,No
614530110,2023-01-04,2026-08-05,60,prefer not to say,United States,Bronze,12,224.01,no
648980009,2021-06-23,2026/08/13,36,F,United States,Gold,42,2572.12,No
343898908,2020/07/29,2026-07-07,42,m,United States of America,Silver,15,677.59,No
210669912,2023-08-13,08-Apr-2025,50,Male,USA,Bronze,13,462.24,Y
339453499,2023-03-05,07/08/2026,39,Male,US,GOLD,-25,"$1,815.57",NO
561780585,2022-04-27,2026/07/21,41,F,Canada,bronze,7,237.53,No
347264678,07-May-2026,05/07/2026,23,Female,USA,Bronze,3,127.02,Yes
343390865,08.09.2020,12-Aug-2026,32,U,US,Silver,29,1571.66,No
270665511,2024-11-23,06/23/2026,62,Male,US,silver,5,536.87,No
355443293,2023-12-08,2026-08-07,53,Male,Germany,SILVER,13,-545.86,no
420013481,2023-03-04,2026-07-08,36,female,U.S.A.,silver,47,1255.21,No
385259161,2025-08-13,2026-08-29,52,MALE,India,Silver,9,516.3,No
526964674,2025-11-29,,49,OTHER,Brazil,Bronze,0,0.0,Yes
751553015,2024-05-07,11-Nov-2025,53,Other,United States of America,Bronze,8,493.76,Yes
668901407,2024-08-16,2026-08-22,79,N/A,United States,Silver,21,850.45,No
579589611,2024-11-06,07/23/2026,73,Male ,canada,SILVER,10,824.62,no
701980468,2024-07-04,2026-06-03,26,Male,Canada,Silver,27,$758.12,No
812509621,04/29/2023,06/11/2026,54,Female,USA,Gold,,2873.49,No
374295179,2024-11-03,2024-11-03,, Female,United States,Bronze,7,276.79,Yes
164620555,05/23/2021,2026/07/31,72,Male,USA,Gold,58,2886.08,No
948400241,06/19/2024,"November 18, 2025",69,Unspecified,India,Bronze,9,$477.47,Yes
424588554,2025-12-15,2026-07-04,25,Male,United States,Bronze,5,423.36,No
304975585,2025-06-03,2025-10-29,55,male,united states,Bronze,6,138.13,yes
691974399,2022-05-16,2025-06-18,25,m,United States,Bronze,2,173.92,Yes
578229102,27-May-2021,2025-05-04,,Male ,BR,Bronze,3,165.9,Y
394778887,2022-09-09,10-Jun-2025,73,Other,United States,Silver,12,1381.22,1
382575196,2024-02-01,"November 08, 2024",65,Female,US,Bronze,3,175.9,Yes
774307991,2026-01-26,2026-01-26,39,Male,United States of America,BRONZE,1,65.12,YES
568510055,2025-03-03,2026-03-01,unknown,male,UK,Bronze,3,337.15,1
544019252,2022/09/20,,66,female,Canada,Bronze,0,0.00 USD,Y
662039030,"November 28, 2024",08/08/2026,35,Female,United Kingdom,Gold,35,2957.67,No
837351427,2024-06-19,2024-06-19,33,Other,usa,Bronze,2,65.7,yes
841066203,2021/01/11,2026-08-21,56,Male,United Kingdom,Gold,27,"$1,856.15",No
540817491,2021-06-11,2026-08-14,60,male,australia,Gold,42,2444.67,NO
492747520,28-Mar-2023,2026-08-19,29,male,DE,silver,10,995.35,N
792324280,2024-08-25,11.03.2026,37,Unspecified,United States,brz,7,539.2,No
895305129,2024/04/02,2024/06/17,28,Female,BR,Bronze,2,130.87,TRUE
381039601,2020-05-10,2026-08-21,48,Male,United States,Gold,62,2949.92,No
200703925,2022-07-14,05/07/2026,40,femail,United Kingdom,Silver,16,1536.83,No
774912410,2023-04-18,24.08.2026,36,Female,Great Britain,Plat,56,4349.54,0
513483996,2024/12/22,"March 01, 2026",36,Female,Mexico,Bronze,4,-152.09,Y
973157920,2024-11-04,26.08.2026,31,M,Canada,Bronze,11,397.53,N
929642062,04-Jan-2023,2025/09/27,55,M,United States of America,bronze,1,$21.40,Y
235413621,03/22/2022,2026-06-25,57,Female,US,silver,60,786.18,No
283880684,08/08/2024,2026-06-15,25,F,Canada,Silver,20,995.75 USD,NO
638234783,2024-07-10,02-Aug-2026,52,M,uk,Gold,25,"$3,927.01",FALSE
772424765,2025-06-24,2026/08/27,72, Female,United States of America,BRONZE,6,490.13,N
831244925,10/25/2023,03-Aug-2026,24,Female,United States,SILVER,38,-1683.59,No
470641497,2021/10/04,2026-07-08,48,Other,united states,Gold,61,2767.02,No
132204762,2023-02-07,09-Jul-2026,34,M,United States,Bronze,,309.3,no
514634311,2020-12-25,2026-08-26,44,Male,United Kingdom,Gold,66,2305.44,N
517313658,2024-05-28,2026-03-01,51,Female,India,bronze,none,59.08,Y
617849981,02/10/2025,2026/05/27,35,Female,USA,Silver,-5,603.9,FALSE
302946542,11-Dec-2024,01-Mar-2026,26,Male,United States,Bronze,2,96.17,Y
643690507,2023-10-19,2026-08-07,25,,United States,Bronze,7,402.6,no
865735498,"October 27, 2022",2026-01-20,76,Female,usa,Bronze,13,$298.66,1
251736205,2023-12-08,2026/09/04,53,Male,United States of America,Gold,13,1676.67,No
179149174,07/30/2023,2026/06/26,74,F,United States,Silver,25,948.27,No
717775374,2024/08/28,2025-04-10,44,Other,United States,Bronze,8,,TRUE
417448696,2023/07/08,17.07.2026,51,Male,Australia,Gold,13,1621.94,No
835620205,02-Apr-2023,2026-02-26,22,FEMALE,United States,Bronze,1,29.76,1
283877514,"June 21, 2026",06/21/2026,37,Unspecified,United States,bronze,1,110.84,yes
229093947,2025-07-30,03/01/2026,53,Male,India,bronze,2,$162.07,yes
732403233,2023-02-01,,34,Male,MX,Silver,32,935.48,N
606782216,12-Apr-2026,2026-04-12,35,Male ,United States,Silver,5,1303.44,1
934478995,2025-09-17,09/17/2025,30,Male,USA,brz,-2,160.61,YES
576941516,2023-01-12,08/19/2026,55,Female,United Kingdom,silver,10,966.67,N
782002429,16.03.2026,16.03.2026,46,F,United States,bronze,3,171.39,1
190883691,06/06/2020,2026-07-15,,Male,United States of America,Silver,16,898.63,No
997071970,2024-06-14,2026-03-01,26,Female,United States,Silver,10,776.94,Yes
625054472,04/08/2025,21.12.2025,74,M,United States of America,BRONZE,1,131.52,1
188218805,11/26/2024,08/29/2026,58,Female,USA,Silver,10,$522.34,NO
811999436,2024/10/09,,57,Female,India,Bronze,0,$0.00,Yes
629171045,"June 26, 2021",2026-08-15,42,M,Australia,Bronze,23,308.03,No
766722729,2025/01/22,2026-08-27,71,MALE,United States,Silver,6,,No
187947941,2024-12-27,2026-03-26,63,Female,AU,BRONZE,1,27.65,No
471654882,2023-05-06,2026/07/16,41,Female,US,Silver,27,640.78,no
743043738,2022-07-12,2026-08-10,37,M,Can.,Silver,3,680.85,FALSE
592036859,14-Nov-2021,2026-08-01,43,Female,U.S.A.,Silver,14,479.71,N
120027411,2023-07-23,06/20/2026,20,Female,germany,BRONZE,2,62.11,no
910034412,2021-12-11,2025-12-15,27, Female,United States,brz,7,463.85,Y
206809183,2024-02-04,17.09.2025,72,FEMALE,England,Bronze,2,56.46,Y
154389224,04/15/2025,2026/08/22,-,Female,United States,Silver,13,1107.71,No
545578293,04/25/2023,2026/08/01,59,female,USA,Bronze,9,257.61,No
500133155,07/08/2025,,24,M,England,bronze,0,0.0,TRUE
705988835,2025-04-01,28-Jul-2025,68,Female,Canada,BRONZE,4,253.23,Yes
486766243,2025/01/05,16-Jul-2026,31,Female,Germany,silver,5,647.04,No
230594129,08/12/2025,2026-07-23,32,Male,USA,Bronze,7,444.99,No
137905724,2023-08-14,2026-03-01,19,Female,,BRONZE,1,86.65,Yes
855261262,03/26/2021,2026-04-27,60,prefer not to say,United States,bronze,1,48.29,no
947503015,12/07/2023,2026-07-02,65,Female,U.S.A.,Silver,27,1009.13,No
851971785,24.07.2020,09/14/2024,42,female,Brazil,Bronze,3,434.74,1
442041458,07/05/2025,31.03.2026,68,Unspecified,U.K.,Silver,24,$603.50,no
150660941,2025-10-05,2026-01-30,52,Female,United States of America,brz,2,125.55,Yes
994306092,2023-11-10,2026-06-04,42,femail,United Kingdom,Silver,10,624.4,No
345033089,11/12/2020,2026-07-06,38,Male,NULL,silver,9,627.05,No
936228708,2024-01-01,2026-07-29,41,f,United States of America,Silver,18,604.72,0
645030439,2023-01-15,05/29/2026,62,Female,Mexico,Gold,17,2243.3,No
253580531,2026-02-13,2026-03-01,72,female,brazil,Bronze,2,115.65,Yes
796499274,07/30/2025,,27,FEMALE,UK,unassigned,0,0.0,1
829542086,,2026-08-26,54,Female,USA,Silver,16,815.78,No
584975706,2025-07-17,,42,m,India,Bronze,0,0.0,Yes
591396114,2024-04-11,"June 24, 2026",22,m,uk,Bronze,20,337.95,FALSE
838110811,06/03/2022,2026/06/17,26,Male,United States of America,Silver,17,580.24,No
343581359,19-Jun-2024,2025-04-07,,M,usa,Bronze,1,53.7,yes
269805806,2023-01-06,01.03.2026,54,Female,Brazil,Bronze,3,135.5,Yes
768447826,04/22/2024,25-Jun-2026,23,Female,MX,silver,34,1013.22,0
911509566,30-Aug-2025,08.11.2025,30,M,United States,Bronze,3,83.6,Yes
129946419,2022-06-17,2026-06-28,64,F,United States,Bronze,12,608.68,0
996830743,2025-04-18,2026-06-05,41,Female,US,Bronze,6,$141.93,No
287524594,2021/12/16,27-Apr-2025,25,Male,Brazil,Bronze,2,44.47,Yes
265286194,"April 17, 2023",2026-07-15,25,male,Australia,Silver,15,1069.69,No
776617924,2026-03-23,,46,Female,Brazil,Bronze,0,N/A,Yes
224037305,2022-08-11,08-Aug-2026,44,Male,canada,Bronze,8,478.86 USD,N
565471253,22-Feb-2023,2026-08-22,56,Male ,MX,Silver,6,879.45,N
445382757,2022-01-15,07/30/2026,55,Male,usa,Gold,46,2320.4,0
331707710,2023-04-11,2024-08-21,59,F,,Bronze,1,64.08,yes
104370217,11-Nov-2023,,26,prefer not to say,United States,Bronze,0,$0.00,YES
983437545,2025-06-07,2026-08-27,41,f,AU,brz,4,508.61,no
902575970,2025-08-05,07/22/2026,38,FEMALE,United States,brz,9,247.61,0
479609750,01/27/2023,10/13/2024,56,Male,US,Silver,9,missing,TRUE
757567185,07-Dec-2021,2026/05/08,32,Male,US,gold,94,4168.6,No
161963680,2025-07-14,2026-08-08,23,Male,United States,Bronze,2,103.52,No
796447740,2022-01-28,2026-07-21,22,Male,United States,Gold,64,"$2,060.59",no
904138337,2020-11-20,2026-08-13,32,Other,united states,platinum,60,4442.79,No
891175744,2021-03-20,2026-08-25,47,Male,United States of America,brz,7,178.49,FALSE
328071723,04/29/2023,2026-04-10,75,Male,Germany,BRONZE,8,608.09,N
977936284,2022/09/07,06/12/2026,21,female,US,bronze,7,330.22,0
310513027,13-Jan-2022,2026-04-29,28,m,USA,slv,22,1245.54,No
352584029,2024-04-26,2025-03-04,28,Male,United States,none,10,1091.4,Yes
914449742,2023-10-14,2026-03-01,44,Female,Brazil,Bronze,1,88.77,1
624614639,2021-05-13,2026-03-01,51,,usa,Bronze,8,636.35,
223634139,2026-01-04,2026-01-04,69,F,Brazil,Bronze,1,12.71,1
458339891,"August 27, 2022","June 22, 2026",,female,Canada,Silver,18,1501.72,no
428331631,06/30/2024,2026-07-28,42,Female,USA,Bronze,4,$307.55,No
246997457,2024-12-10,2026-07-05,44,MALE,Canada,Bronze,11,467.28,N
100664681,2021-12-19,09/02/2026,,Female,United States of America,Bronze,3,101.04,NO
433562370,2022-07-22,2026-05-31,53,Female,US,Gold,36,1713.3,0
124343189,2021/12/07,2026-08-20,69,F,United States,Gold,44,1617.33,FALSE
714982290,2025-09-11,09/11/2025,38,Female,United States,Bronze,2,110.13,Yes
962637555,2024-04-20,2026-03-01,45,Male,BR,Bronze,2,73.89,1
975267777,2022-01-06,12.11.2024,51,Female,USA,Bronze,4,252.05 USD,Y
341113395,2025-04-02,"August 29, 2026",N/A,female,mexico,gold,28,,No
522219667,2023-04-20,2026-08-29,33,female,United States,Bronze,4,189.19,
379350792,"April 13, 2024",2026-08-15,47,femail,india,BRONZE,14,491.54,NO
957376225,2021-09-22,2026-07-08,31,F,brazil,Bronze,3,207.15,
916666124,2024-08-18,2026-06-10,65,N/A,United States,Bronze,7,403.17,No
338104983,2023-11-22,05/07/2026,55,F,United States of America,Gold,64,2557.59,N
740041167,2021-02-12,2026-08-27,28,N/A,US,Silver,22,1021.17,No
137337635,2023-02-12,2026-08-30,29,Female,unknown,Silver,28,1869.18,No
756188689,2025-03-20,2026-03-11,21, Female,IN,SILVER,8,635.8,No
366374646,11/05/2023,04/01/2026,46,male,United States of America,Bronze,6,$430.75,No
597800950,2026-03-26,,44,MALE,México,Bronze,0,0.0,yes
545267334,16-Dec-2023,2026-06-10,66,Female,Brazil,Silver,20,1297.37,NO
876736337,2025-02-19,07/05/2026,40,prefer not to say,AU,bronze,4,214.14,N
814069510,2024-11-01,2026-05-27,31,Male,brazil,Silver,33,1832.15,FALSE
316285294,2022-07-31,2026-07-06,27,Male,Canada,Silver,none,$793.62,0
580701934,21.03.2024,2025-02-09,61,F,United States,Silver,6,1193.85,Y
791218801,2024-01-21,25.08.2026,66,Female,usa,BRONZE,10,404.63,NO
824207907,2023-04-10,08/24/2026,28,Female,Canada,Silver,17,1482.5,NO
266823738,2026/03/30,08/11/2026,32,m,USA,bronze,3,363.45,No
611431239,2019-07-05,2026-06-05,41,Male,,Gold,35,2262.8,No
401413043,2024-12-31,08/23/2026,28,Male,United States,GOLD,37,1684.85,NO
519553354,2022-11-13,2026/06/25,69,Male,United States,  Bronze ,18,548.37,N
709338400,"July 25, 2022",2024/05/10,26,Male,NULL,Silver,5,718.04,Yes
899008559,12.11.2023,08/29/2026,48,Male ,BR,Silver,37,,no
689693351,03/03/2024,25-Jul-2026,40,Female,India,bronze,5,$276.84,N
763570506,2022-04-24,2026-07-29,23,Male,United States of America,Silver,-38,1198.02,No
379031507,2024-09-23,2026-08-22,21,Male,United States,Silver,14,1163.31,NO
278432452,2025-09-15,2026-08-25,58,Female,USA,Bronze,4,220.4,No
121920977,05/31/2023,08/02/2026,36,F,USA,Silver,26,1015.75,NO
541607072,02/19/2026,2026-02-19,28,male,India,bronze,2,174.97,Yes
567865320,2024/08/31,10/27/2025,25,female,United Kingdom,Bronze,4,600.07,Y
496909155,2026-06-20,"June 20, 2026",43,Male,USA,Bronze,1,$24.57,YES
233636575,2022-12-29,08/18/2026,32,Male,US,BRONZE,6,$264.59,0
416475910,03/31/2026,,32,Female,usa,Bronze,0,0.0,Y
910295255,2024-02-07,08/28/2026,39,N/A,canada,silver,14,-1513.37,No
728051352,2024-08-21,2026/07/06,52,male,USA,Bronze,11,369.84,No
607525340,2020-06-28,2026-06-02,24,Male,United States,Silver,44,1968.81,No
171094137,08/28/2024,2024-08-28,30,Male,USA,Bronze,6,157.22,Yes
635069914,21-Mar-2022,2026-06-14,64,m,United States,Bronze,16,354.17,No
139151800,2024/04/20,2026-08-10,24,Male,United States,Bronze,6,178.27,no
747549263,"April 10, 2021","April 28, 2026",38,Male,United States,Gold,N/A,3934.4,N
163146416,04.08.2022,2026-01-03,24,M,CA,Silver,12,668.85,TRUE
814557013,"October 03, 2020",05/03/2026,56,femail,US,Gold,37,2385.49,N
637582418,2021/10/02,2026-06-20,37,Female,United States,Silver,N/A,869.44,N
165782256,2022-03-17,2026-06-14,21,Male,CANADA,Platinum,71,7725.59,No
871344921,2025/06/01,2025-08-01,26,Unspecified,United Kingdom,brz,2,75.88,1
615176281,06/14/2024,2026-08-24,75,Male,United States,Silver,39,962.36,No
920833030,2025-08-17,02.08.2026,37,U,US,Bronze,1,177.77,
913066648,2025-07-17,2026-08-05,24,f,United States,bronze,7,417.96,No
304398654,2021/12/24,2026-06-01,61,male,United Kingdom,Gold,38,2345.58,0
317650346,2023-02-15,25.07.2026,40,Female,US,Bronze,18,457.71,No
346052810,2024-09-01,2026-08-11,41,male,United States,Silver,27,1289.35,FALSE
104151375,,2026-05-19,41,male,AU,bronze,1,63.86,Yes
537806869,2023-04-15,0000-00-00,46,U,Canada,Bronze,4,199.67,FALSE
967824149,2023-03-12,20-Jul-2026,67,Other,USA,SILVER,17,755.31,No
555549829,09/12/2024,03-Aug-2026,42,female,US,Platinum,16,3778.26,0
386273594,2022-09-20,2026-08-19,24,F,Canada,Bronze,6,563.02,no
983113144,2026-08-03,,55,femail,Canada,Bronze,0,0.0,Yes
389279031,04/04/2024,25-Aug-2026,50,,US,Bronze,-5,382.55,NO
102433789,2025-12-11,11-Dec-2025,51,Male,United States,,1,60.9,TRUE
992798967,28-Oct-2025,10/28/2025,33,Unspecified,Canada,Bronze,1,53.53 USD,1
838879685,2022/03/17,,33,f,United States,BRONZE,0,0.00 USD,Yes
401592483,2025-02-04,2026-06-22,38,Male,Mexico,Gold,10,1457.92,N
346916198,03/20/2021,2026-07-31,37,male,United States,Gold,35,2015.86,No
233972558,2022-01-22,2026-07-10,40,Male,canada,Bronze,15,292.63,0
436692899,08-Jul-2025,2025-10-23,41,FEMALE,USA,Bronze,2,61.45,Y
632860881,2025-03-07,08/06/2026,75,Male,US,Gold,11,2215.57,No
720022327,06-Aug-2024,2026-03-01,61,female,Deutschland,bronze,15,263.3,Yes
242418252,2022-06-16,,67,male,United States,silver,19,620.77,No
619142189,21.02.2025,2026-03-28,64,Female,USA,Gold,21,1504.84,no
579417281,2024-02-19,2024-12-30,65,Female,usa,BRONZE,1,37.28,Yes
103617016,2022-09-12,08/09/2026,19,male,USA,Silver,18,2007.73,No
165538643,2024-08-09,"June 08, 2026",30,Male,USA,Gold,44,3725.64,No
534912906,03/21/2022,2026-03-01,63,Male,India,Silver,16,1248.43,Yes
426475640,05-Mar-2021,2026-07-21,29,Female,USA,slv,17,892.93,No
718495021,"June 21, 2025",07/30/2026,47,,U.S.A.,BRONZE,8,377.44,No
811745144,2023-08-23,08/24/2026,31,Male,USA,Silver,27,"$1,217.47",No
412363557,2021/07/15,02-Jul-2026,78,Female,India,Gold,46,2159.11,No
699054206,2024-07-17,2026-08-03,55,Female,USA,platinum,31,3545.67 USD,FALSE
154104044,2022-04-17,2026-07-06,60,Female,Australia,silver,8,477.89,No
311322511,07.02.2025,,42,Female,United States of America,Bronze,0,0.0,Yes
985297510,2024-06-06,2026/08/19,34,other,United States,bronze,8,266.22,no
471165655,17-Nov-2024,09/15/2025,51,Male,US,Bronze,9,296.74,TRUE
786925048,2025-08-12,2026-03-01,38,Female,Canada,Bronze,1,17.95,Yes
135729808,2024/02/24,"August 29, 2026",37,Male,United States of America,Bronze,16,295.23,no
181677753,2025-10-30,2026-08-25,53,Female,USA,BRONZE,12,394.98,No
148782701,2026-06-09,2026-06-09,41,Female,USA,BRONZE,1,106.11,Y
487142070,2024-02-26,01.03.2026,42,Female,India,Bronze,2,146.39,1
772432247,2026-02-26,2026-03-01,46,Male,usa,Silver,5,453.35,YES
249784961,2023-01-18,2026-07-01,40,unspecified,INDIA,silver,26,1372.16,No
881867496,06/26/2026,,33,Female,United States,Bronze,0,0.0,yes
932446897,04/08/2022,2026-07-27,45,Female,United States of America,Gold,29,2347.05,No
886256940,2023-12-08,2026-07-02,55,Female,Brazil,Bronze,7,168.33,N
179556913,2025/10/14,01-Sep-2026,19,Male,India,Bronze,4,NULL,No
574003950,29-Feb-2020,2026-08-04,38,FEMALE,IN,Gold,25,2816.68,N
353300814,2023-06-02,2026/07/25,57,M,AUS,silver,22,675.41,No
509359994,2025-01-10,2026-09-01,54,,Brazil,Bronze,9,332.9,no
236309690,2024-02-27,2026/08/08,71,,United States,Bronze,2,261.14,No
830131167,"January 03, 2026",03-Jan-2026,66,Female,US,Bronze,2,98.31,1
291608372,03/22/2021,2026-05-04,59,female,US,Gold,27,2530.14,No
392243481,2023-10-26,2026-06-18,55,,United States,Bronze,-999,450.5,No
357932096,2023-03-30,2026-06-24,66, Female,Australia,Bronze,2,72.21,NO
505175820,2023/10/25,2026/08/24,47,Male,Canada,Gold,50,,No
956801607,"November 17, 2021",07/18/2026,46,M,Deutschland,Plat,101,"$3,509.33",N
467607692,2020-09-14,2026-08-28,45,Male,Brazil,Gold,41,2605.94,No
455264590,2025-04-25,"June 08, 2026",26,FEMALE,Mexico,Silver,18,1028.51,no
823706051,2026-07-15,,24,F,united states,bronze,0,0.0,Yes
444727388,05/27/2023,2026-07-09,35,male,US,Bronze,8,297.85,No
483619946,2023-06-11,2026-08-02,44,Unspecified,USA,silver,15,1027.26,NO
158982327,08/21/2025,2026-08-24,22,Female,india,Bronze,7,578.32,No
495106718,2024-01-06,2026-07-17,36,female,United States of America,Bronze,5,130.84,N
651159801,2020-05-21,"June 21, 2026",25,F,CA,Silver,16,1447.17,0
138024168,2022-05-15,16.02.2026,51,male,U.S.A.,,11,$563.34,1
620714689,2025-11-12,2025-11-12,49,M,USA,Bronze,1,42.89,TRUE
339959283,2023-03-03,2026-08-08,70,Male,U.K.,slv,43,1662.77,No
154920346,2023-02-16,2026-07-04,64,Female,usa,Silver,32,1511.58,No
465778218,2023/05/20,25-Jul-2026,37,F,IN,Gold,21,1640.88 USD,No
377441858,2024-01-12,"January 06, 2026",34,male,Germany,  Bronze ,7,328.93,1
249780770,2020-09-09,07/27/2026,63,Male,uk,Silver,16,1579.93,No
672322318,"May 16, 2026",,29,male,,Bronze,0,0.0,1
928378055,06/28/2022,2026-08-04,64,female,United States,Bronze,8,535.12,NO
306649982,04/20/2023,2026-03-01,26,Female,US,Bronze,5,284.0,Y
241578102,2024-12-03,2026-03-01,63,Female,Canada,Bronze,,31.0,Yes
334240860,2025-12-14,2025-12-14,37,Male,United States,bronze,2,201.75,yes
374769541,08.01.2025,03/01/2026,76,Male,USA,brz,2,$130.74,Y
448901792,06/18/2023,09/05/2025,60,male,CA,Silver,26,510.69,Yes
438686908,30-Apr-2020,12-Nov-2025,60,f,Australia,Bronze,4,313.6,yes
523325858,03/26/2025,15-Jun-2026,46,Male,United States,Bronze,7,333.24,No
737491905,2024-09-20,08/25/2026,49,Male,MX,Bronze,28,441.11,N
886572192,21-Sep-2024,22.07.2026,50,Male,India,Silver,11,1359.29,No
368953011,2022-08-23,2026-08-10,25,male,United Kingdom,SILVER,22,1643.54,No
882281831,"January 13, 2026",2026-07-15,57,Female,AU,N/A,3,124.4,FALSE
380534298,09/28/2025,2025/12/24,20,F,canada,Bronze,2,101.89,Yes
869715243,01.05.2020,2026-08-14,54, Female,australia,Gold,38,2365.41 USD,No
114111689,2023-06-25,2025-12-06,34,Male,United States,bronze,2,68.06,Yes
155165283,2024-10-18,"May 15, 2026",66, Female,USA,Bronze,3,$156.60,no
113803526,11/14/2021,2026-06-05,44,Female,Brazil,Silver,13,720.03,0
160558875,2025-05-15,,36,f,mexico,brz,0,0.0,Yes
469358308,15-May-2020,2026-08-28,56,Male,India,Bronze,4,164.83,no
606974519,2022-11-02,2026-06-02,55,Female,AUS,Silver,22,1299.37,N
183041385,2024-10-09,01/25/2026,46,Female,United States,Bronze,7,$306.21,Yes
482525924,2022/10/09,,34,Female,USA,bronze,0,0.0,Yes
113300429,25-May-2022,2026-07-21,41,Male,--,gold,10,1538.69 USD,0
948537881,2025-01-10,2026-08-10,70,F,U.S.A.,SILVER,11,587.82,No
729008478,31-Mar-2022,31-Jul-2026,67,f,united states,Gold,23,2162.47,0
419010732,2023-03-23,2026-08-24,25,m,United Kingdom,Gold,58,3314.52,No
157462158,"October 28, 2025",,26,M,USA,Bronze,2,160.86,Yes
385656086,25-Mar-2025,"July 08, 2026",24,male,USA,Bronze,6,170.42,No
688630684,20.06.2023,2026-03-01,49,m,United States of America,BRONZE,11,518.93,Yes
267738719,2022-04-04,07/06/2026,60,Female,United States,Silver,16,868.43,No
629169664,2025/07/13,11/09/2025,58,M,US,Bronze,3,160.36,Yes
961581909,2025-12-06,09.08.2026,49,FEMALE,Canada,Bronze,3,179.5,No
702136773,03-Jul-2024,2026-05-03,44,Female,India,Silver,7,779.65,0
547840778,"January 05, 2025",2026-03-01,57,Female,United States,Silver,11,862.61 USD,Yes
147001906,22-Jun-2025,2025-06-22,41,Other,united states,Bronze,3,80.63,yes
299488605,03.08.2025,2025-10-21,45,M,United States,Bronze,2,74.28,Yes
217835736,2023-01-03,27.07.2026,68,female,United Kingdom,Platinum,42,3614.11 USD,No
397938089,2023-03-04,"August 07, 2026",49,Female,IN,Silver,16,873.56,No
831370429,2022-09-08,2026-08-27,33,F,DE,Platinum,55,6239.61,No
418762953,2026-01-23,,24,Female,United States,Bronze,0,0.0,1
990450319,"July 25, 2022",28.06.2026,79,Other,USA,Gold,12,1712.29,No
482527719,2024-05-03,08/23/2026,39,male,Canada,Bronze,8,413.51 USD,0
168771955,2022-08-14,2026-08-05,38,Female,Brazil,Gold,42,2441.48,FALSE
105809723,"May 27, 2025",2026-09-03,41,Female,US,Bronze,1,$68.90,0
565803601,2024-12-29,01/06/2026,,female,USA,Bronze,1,41.7,Yes
570459973,25-Jul-2022,2026-06-13,40,Male,U.S.A.,GLD,15,-1427.11,N
551922637,05/28/2022,08/20/2026,49,Male,Canada,Silver,17,1734.12,No
403178168,05.06.2022,2026-09-02,49,Male,germany,Gold,19,3033.83,No
197668821,2026-07-21,,35,Female,U.K.,bronze,0,0.0,Yes
896368292,2021-11-28,,77,OTHER,UK,Bronze,5,382.93,No
788186316,"May 25, 2024",2026-08-24,34,FEMALE,Mexico,Silver,5,$846.97,no
404561591,2021-02-21,2026-09-01,62,Female,United Kingdom,brz,6,275.57,0
700720761,2022-05-24,08/28/2026,43,N/A,US,Bronze,9,298.47,No
292536301,04-Dec-2022,06/08/2026,50,MALE,United Kingdom,Bronze,7,443.28,FALSE
632394482,2021-04-27,2026-07-04,57,Female,United States,silver,20,1868.82,No
223932885,2023/12/19,2026-08-04,28,femail,U.S.A.,Bronze,6,465.07,N
208235746,2026-02-05,,,f,United States,Bronze,0,0.0,YES
180334358,11/19/2024,N/A,32,female,United States,Bronze,2,227.45,No
770866100,2024/12/29,2026-08-08,61,Unspecified,United Kingdom,Silver,9,678.21,N
367329788,2020-03-29,08/18/2026,53,prefer not to say,United States,Silver,28,1802.85,No
904109770,"October 02, 2023",08/18/2026,26,prefer not to say,uk,Silver,5,571.56,NO
371908207,2023-03-11,2026-07-07,30,F,USA,Bronze,2,N/A,
268096932,10/16/2022,2026-07-26,38,Male ,United States,  Gold ,51,3107.88,no
110709222,03/03/2025,2026-08-12,61,Male,CA,Bronze,10,364.31,N
434673160,2026-02-25,2026-02-25,59,male,United States,Bronze,3,196.55,Yes
287703556,2023-05-24,2026-08-08,55,m,United States,Bronze,2,145.68,no
133789651,2023-04-27,23.03.2026,69,,usa,Bronze,3,72.42,No
918477584,10/23/2024,01-Aug-2026,24,F,U.S.A.,Bronze,6,533.79,0
128962552,,2025-10-24,31,,U.S.A.,Bronze,2,226.75,Y
908601689,2024-11-26,"January 17, 2026",39,Male,US,bronze,1,48.65,Yes
823783216,"May 09, 2025",08/08/2026,45,f,United Kingdom,BRONZE,11,347.46,No
297051535,2022-11-26,08/18/2026,70,prefer not to say,United States,Bronze,2,97.06,N
440601013,06/06/2024,"July 03, 2026",34,Male,United States,Bronze,3,315.44,no
458111562,2022-02-06,2026-08-23,40,male,australia,Silver,24,1089.25,N
158777315,2021-11-06,"July 29, 2026",63,m,United Kingdom,  Platinum ,67,4303.11,No
288425623,2021-06-07,2026-07-09,42,m,canada,Silver,25,673.71,no
963563751,2019-08-24,2026-08-16,49,F,united states,Silver,14,1206.46,No
875634803,03/05/2025,04-Aug-2026,22,M,United Kingdom,SILVER,13,864.12,No
200324089,2025-11-13,2026-04-06,40,F,United States,Bronze,8,261.36,0
526109149,10/26/2024,2026-08-27,71, Female,CA,GOLD,18,3453.0,no
630524081,2024-07-18,2026/05/16,36,Female,United States,SILVER,18,681.59,No
886746047,09.07.2021,2026-07-25,71,Female,USA,Silver,none,1636.57,No
774454080,2026-05-12,12-May-2026,27,M,US,Bronze,3,136.3,Yes
218138263,27.04.2021,2026-08-05,61,MALE,US,Gold,13,2117.44,No
261768491,10.05.2023,2026-08-20,27,Female,U.S.A.,silver,15,963.27,FALSE
873680022,2021-05-21,2026-08-14,24,Female,United Kingdom,Bronze,5,NULL,No
544579376,2025/09/02,08/04/2026,20,Female,United States of America,Bronze,2,160.34,No
832638119,"August 25, 2023",2026-06-30,33,female,United States of America,Silver,-18,741.11,No
920040794,04-Apr-2022,2026-08-21,74,OTHER,australia,Bronze,14,670.14,No
863288407,2020-02-05,"August 03, 2026",44,Female,Brazil,Gold,19,1680.32,no
653158318,2023-04-30,"August 14, 2026",38,Female,U.K.,Silver,20,$841.80,
345758398,2022-12-14,2026-08-03,38,F,Canada,Platinum,36,4486.4,No
544390131,2025-12-21,2026-07-14,61,male,United States,Bronze,2,170.76,FALSE
493206228,"September 30, 2019",2026-08-03,45,Female,US,Silver,77,"$1,563.30",NO
261139500,"July 10, 2023",2026-07-18,26, Female,US,Gold,28,3378.14,No
426200718,2023-04-22,2026-08-08,42,male,Canada,  Bronze ,1,47.02,No
894200812,2022-06-30,NULL,67,Male,Mexico,GOLD,52,3293.18,No
235626419,2023-10-22,2026-07-24,55,M,Mexico,silver,24,1562.76,No
916060413,"March 03, 2021",2026-08-06,29,Female,US,silver,21,1482.37,No
313982981,2025/03/11,2026-03-01,62,Female,United States,Bronze,2,$94.86,yes
651391885,2025-05-21,2026/08/22,83,Female,brazil,Bronze,12,265.07,No
866426456,2020-08-28,2026-07-02,,Male,United States,SILVER,97,1841.88,No
337731057,2019-12-28,2026-07-28,48,Male,United States,Silver,49,835.00 USD,No
852174450,10/20/2022,28-Jun-2025,46,Male ,Canada,bronze,6,-328.81,Yes
234984330,2024-04-10,08/07/2026,,Female,UK,Silver,11,572.83,N
792736217,2021/07/13,"August 08, 2026",54,Female,Brazil,silver,26,811.46,0
500377285,06/12/2025,12-Dec-2025,27,unspecified,United States,silver,4,559.7,Yes
365186622,2023-12-11,2026-06-05,30,m,U.S.A.,Silver,10,725.12,No
325221789,2022-07-09,2026-08-05,32,Male,UK,slv,19,735.73,No
126384492,03.10.2022,03/01/2026,35,F,United States,Silver,11,510.35,Yes
588015469,17-May-2021,2026-08-03,42,Female,United States of America,Bronze,11,566.18,NO
770520801,2023-11-08,2026-04-29,24,Female,Canada,bronze,25,382.03,No
116991028,12/31/2022,08/09/2026,34,Male,United States,bronze,2,$142.68,No
884173059,2024-09-16,06/25/2026,56,non-binary,Canada,silver,14,N/A,No
677925601,09-Jan-2023,,29,Female,United States,Bronze,8,385.16,Yes
172469786,2025-03-01,10-Jul-2026,44,M,India,Silver,13,930.85,0
983915930,01/06/2020,2026-08-29,56,Female,United States,Gold,89,3877.49,No
882521651,05/03/2021,2026-08-07,,Other,Mexico,Gold,56,2690.17,No
954086670,2023-02-26,2026-08-05,43,M,U.K.,BRONZE,9,474.46,No
965486735,2025-06-23,,50,Female,Canada,bronze,2,$68.76,Yes
451045993,23.04.2025,08/08/2026,49,male,USA,Bronze,3,246.64,No
536631711,2025-12-26,2025-12-26,38,Female,Australia,Bronze,6,447.39,Yes
626861323,17.10.2021,27-Jun-2026,37,Female,Canada,Platinum,42,4704.65,NO
672516966,08/06/2022,2026-06-22,37,Male,United States,Silver,29,1840.23,No
712737124,10.12.2023,2024-07-16,33,female,usa,Bronze,1,82.95,Y
313150554,2026-02-18,2026-08-29,45,Female,Canada,Bronze,1,43.89,No
183963636,,2026-07-12,43,Female,India,SILVER,17,1776.79,N
774481477,2025-09-30,,35,Female,--,Bronze,0,0.0,Yes
829402853,2022-11-12,01-Aug-2026,37,FEMALE,Canada,Silver,24,2251.51,NO
538461015,23-Nov-2024,2026-08-03,31,Male,Canada,Silver,15,1444.04,No
699159148,05-Oct-2020,2026/07/28,85,FEMALE,USA,Platinum,32,3387.97,no
655640352,02/04/2023,2026-08-09,30,Male,United States,Silver,9,1485.67,No
596847830,2025-10-24,06/06/2026,32,Male,Canada,Silver,11,880.48,No
174255187,2025-07-30,2026/08/27,57,F,United States,Silver,7,$690.11,No
411956292,2024-07-31,04/12/2026,34,Male,United States,Gold,31,"$3,346.52",No
999176952,2021-02-16,07/07/2026,41,Male,USA,  Gold ,44,1596.5,
720316267,2026-07-18,,64,F,Mexico,BRONZE,0,0.0,Yes
974943733,"June 21, 2023",2026-07-30,74,Male,united states,bronze,2,246.94,No
602638334,2024-10-21,,39,MALE,United Kingdom,bronze,4,396.34,no
982951741,2020-07-27,07/24/2026,32,Female,United States,slv,32,1848.3,no
667401268,30.05.2022,2026-08-28,60,Male,canada,Platinum,42,4534.54,FALSE
883314674,12/26/2022,02.08.2026,37,Male,Canada,silver,27,-906.54,No
453569398,2021-07-13,2026-08-19,,Male,U.K.,Bronze,4,123.6,No
499698440,"October 01, 2021",28-Aug-2026,37,Male,India,Gold,21,1883.55,No
762341212,03/21/2024,"September 02, 2026",28,Other,CANADA,brz,13,535.42,No
229340429,12.10.2023,01/28/2026,39,other,United States,Bronze,7,340.77,Yes
775066126,03/01/2022,2026-09-03,25,F,United States,,9,384.64,N
747231001,2026/06/07,,38,MALE,United States,bronze,0,N/A,TRUE
593170428,25-Jun-2023,08/12/2026,39,Male,United States,Silver,10,867.48,No
797323915,2024-08-18,"August 02, 2026",44,female,Canada,Silver,12,809.35,No
621067061,2021-01-02,2026-08-13,60,Female,United States,silver,34,1087.96,FALSE
323356544,21-Feb-2023,2026-02-05,49,Female,US,Silver,14,654.86,Yes
366448463,2026/06/22,,25,unspecified,USA,Bronze,0,NULL,Yes
906828494,09.11.2025,2026-04-09,50,Female,USA,Bronze,9,355.93,no
338971658,03/06/2026,2026-03-06,44,F,United States,bronze,4,323.52,Yes
422993393,2025-05-15,08/13/2026,64,Female,Brazil,Bronze,7,160.58,No
361663212,2026-03-17,not available,54,Unspecified,USA,BRONZE,9,348.18,Y
910852258,07/01/2025,08/18/2026,67,Female,United Kingdom,Gold,13,2876.12,No
730415411,2025-07-16,08/20/2026,57,N/A,NULL,Bronze,5,244.93,No
466904445,2021-11-19,2026-06-16,59,M,IN,Platinum,71,3392.89,0
597962891,30-May-2020,17.07.2026,37,M,USA,Silver,16,1026.93,No
993629558,2025-10-23,07/24/2026,49,Female,united states,Silver,8,$676.65,N/A
412924068,2022-10-22,2026-07-09,27,F,India,Silver,24,1263.01,No
221146959,"March 24, 2025",2026-08-03,57,MALE,United States,slv,33,1502.32,No
175718139,04-Feb-2025,08/16/2025,38,Female,germany,Bronze,4,216.09,yes
381176388,2021-09-14,2026-07-12,56,Female,United States of America,  silver ,17,1590.75,no
822095738,02-Feb-2023,2026-08-05,35,Female,Brazil,slv,36,1685.03,N
515590227,11-Jul-2024,2025-12-30,26,Female,India,Silver,3,554.29,Y
693129526,2025-08-18,2026-05-27,58,N/A,INDIA,Silver,14,1344.96,No
101130969,06/21/2026,,32,Female,germany,Bronze,0,0.0,Yes
719684856,2020-05-25,22.06.2026,23,Male,usa,Platinum,60,4247.57,N
167056454,29-Apr-2022,2026-08-13,51,F,US,Gold,28,2547.3,NO
122573010,2020-12-27,2026-07-01,61,Female,CA,Gold,none,2755.96,no
652175996,2025-04-11,2026-03-29,54,Male,Australia,SILVER,18,"$1,472.53",no
906156482,2022-09-22,2026-08-29,32,Male,India,Silver,21,778.3,N
984551732,2023-01-23,2026-05-07,28,Female,Australia,Silver,15,-2022.85,No
489735133,"January 17, 2020",2026-08-15,,Male ,England,BRONZE,7,481.89,0
190995711,2026-04-01,,66,Other,United States,BRONZE,5,195.86,0
355789141,2022-01-01,2026-05-26,50,Female,INDIA,SILVER,19,940.94,No
959788072,2021-10-22,2026-07-26,50,Male,UK,Silver,34,1840.78,No
698044138,2023-12-28,2026-08-12,42,unspecified,USA,Gold,28,"$2,319.25",No
386484362,2025-11-13,,23,F,USA,Bronze,4,$214.75,No
311886250,2021-03-20,2026-07-04,58, Female,Canada,Gold,66,3741.82,No
178710141,2023-11-29,,34,male,UK,Bronze,0,0.0,Y
291322306,25.04.2024,2026-09-04,69,Female,India,slv,10,638.77,FALSE
694504020,2026-05-25,2026-05-25,40,male,United States,Bronze,2,$360.16,YES
766772914,27-Oct-2025,"June 08, 2026",57,M,U.S.A.,  brz ,1,33.68,No
661441676,2023-01-10,2026/08/30,34, Female,United States of America,Bronze,4,237.72,No
137100380,2024/04/06,2026-08-07,41,FEMALE,US,silver,18,1335.7,No
992878088,2023-04-11,2026-08-06,47,M,US,Gold,26,2783.53,No
249481236,2022-01-13,2026-08-12,40,Female,U.S.A.,Silver,26,-1424.26,N
823307230,2023/11/24,,57,male,USA,Gold,35,2433.97,no
471649829,2021/06/08,"June 27, 2026",57,male,Canada,Silver,22,827.22,FALSE
842289382,,2026-07-03,20,Female,USA,Silver,35,1446.75,N
951127570,01/18/2025,15.08.2026,42,Female,uk,Silver,20,941.05,No
801264915,2024/10/17,2026/03/01,44,F,United States of America,Bronze,1,24.21,Yes
771995793,05/17/2026,,,male,USA,Bronze,0,0.0,Yes
743772106,2025-03-04,06/24/2026,71,FEMALE,USA,Silver,10,482.66,No
245763622,2024-11-29,06/26/2026,36,Male,Canada,brz,8,,No
885174316,2025-09-25,2026-08-23,?,,United States,Bronze,6,430.57,No
264759893,2025-04-03,,65,Female,usa,Bronze,8,268.53,Yes
779326236,2023-12-16,2026-08-20,32,Female,U.S.A.,gold,47,3245.01,FALSE
286155553,2022-01-16,2025-08-03,43,,Germany,Bronze,8,367.97,yes
521095800,10/10/2025,2026-07-18,67,Female,Brazil,bronze,6,468.02,no
608112949,2023-08-10,2026-08-06,37,female,canada,Bronze,4,,0
167672368,08/30/2025,07/08/2026,42,Female,Brazil,Bronze,,333.84,N
643716321,10-Aug-2025,04.08.2026,44,Male,India,Bronze,2,$75.23,No
894833359,2026-08-02,,31,female,US,BRONZE,N/A,$0.00,Yes
655761417,2024-06-16,2025-08-18,55,Female,Australia,silver,21,1116.03,1
751784994,2026-01-30,,46,Male,australia,Bronze,0,0.0,yes
970305423,"April 10, 2022",08/02/2026,27,FEMALE,United Kingdom,Bronze,2,$62.31,no
920033663,2021-02-20,2026-07-20,52,Female,CA,platinum,53,3503.11,No
607311588,2022-11-22,"August 18, 2026",52,Male,DE,BRONZE,20,327.44,0
858797255,2024-07-29,2025-03-25,28,Male,United States,Bronze,3,,1
696485891,08/07/2020,"July 21, 2026",30,Female,US,Gold,15,1643.89,No
681080479,24.05.2023,2026-08-11,45,male,United States,bronze,2,172.72,No
818418548,2026-07-17,,27,Male,usa,Bronze,0,0.0,Yes
614895657,2025-07-19,2025-07-19,43,female,USA,bronze,1,73.52,yes
963628066,03.12.2025,2026-03-01,34,Female,United States,Bronze,9,278.87,Yes
485696763,2023-09-23,2026-07-05,34,Unspecified,USA,silver,,1596.26,No
783329041,2023-01-20,2026-03-01,54,femail,United States,Bronze,1,82.81,Yes
808190238,2025-05-29,2026/08/06,23,Female,United Kingdom,Silver,21,$630.87,0
248962067,2020-09-23,,40,Female,India,Silver,22,629.2,0
796943425,2022-05-24,08/28/2025,30,unspecified,Australia,BRONZE,7,307.01,Yes
288411073,2024-05-15,2025-06-21,N/A,Female,canada,Bronze,3,278.2,yes
728932815,28-Apr-2024,2026-07-25,37,Male,united states,Gold,29,,No
489498329,2024/06/10,08/12/2026,33,other,UK,Bronze,2,265.93,No
649331469,2023/05/26,2024-08-09,34,Male ,United Kingdom,slv,4,722.46,Yes
475760952,18.07.2023,"August 01, 2026",52,non-binary,mexico,Silver,20,$762.90,FALSE
244453943,05-Apr-2023,2026-08-30,28,male,Canada,Gold,6,1771.75,No
164989159,2024-07-27,,33,F,US,Silver,16,"$1,954.27",No
299410530,2021-02-15,2026-03-01,67,Female,usa,Bronze,4,145.18,Y
658020900,2021-04-08,2026-07-09,86,Unspecified,DE,silver,19,"$1,640.55",N
139674993,04/23/2023,2026-08-02,27,Female,CA,Platinum,42,3783.48,N
887174511,2025-10-27,10/27/2025,59,Unspecified,United States,Bronze,3,146.47,Yes
886763243,03.07.2023,2026/01/04,41,F,United States,Bronze,2,75.0,Y
986984949,2023-11-14,21-Aug-2026,45,Female,India,Bronze,-999,681.95,No
469495306,2023-04-26,2026-08-16,35,Female,United States,Bronze,13,533.54,N
738703284,02/20/2024,2026-07-25,40,f,United States,BRONZE,1,80.02,no
316650423,2025-03-05,2026-03-11,30,male,US,Silver,9,672.39,No
345225592,2024-07-03,05.08.2026,51,Female,USA,SILVER,4,639.82,NO
835826486,2025-07-15,,72,Male,United States,Bronze,0,-245.43,Yes
442496598,18-Mar-2024,2026-02-02,35,Female,U.S.A.,Bronze,2,86.68,Yes
483622351,2024-06-15,20-Jul-2025,27,Male,canada,Bronze,3,111.74,Yes
738518320,2021-02-14,2026-07-31,34,female,Mexico,gold,17,3140.73,No
216823818,2025-02-07,07/24/2026,42,Female,USA,Silver,12,1157.5,No
517680192,05-Aug-2023,2026-09-02,28,female,India,Bronze,2,158.35,No
879402126,2023/02/11,"August 23, 2026",40,Male,UK,Gold,60,3012.54,No
470995915,12.03.2025,2026-08-12,37,Male,United Kingdom,Bronze,7,150.06,No
772181710,2023-06-04,2026-06-19,55,femail,United States,,32,3586.96,No
280265416,05-Oct-2022,11-Aug-2026,-,Male,U.S.A.,silver,29,1763.73,No
500648129,2026-04-24,,41,Other,US,Bronze,0,$0.00,Y
437222737,11-Jan-2023,2026-08-11,35,Male,India,Silver,12,673.36,0
618868594,2024-11-10,08/06/2026,NULL,female,India,Bronze,1,73.34,0
978306234,2025-06-23,2025-06-23,40,Female,United States,Bronze,4,206.87,Yes
276137829,2023-10-30,24-Aug-2026,48,Female,US,Bronze,1,84.93,No
171379422,2023-08-03,2026-07-14,39,Female,United States,gold,62,"$2,597.57",No
336264682,"January 27, 2022",2026-09-04,65,male,united states,Bronze,6,456.17,N
419933662,18-Sep-2023,2026/07/26,29,other,uk,Silver,18,939.68,No
682655797,01-Dec-2024,08-May-2026,57,femail,United States,Silver,25,1094.45,FALSE
207152015,2023-01-08,2026-08-03,49,Male,India,Silver,25,1545.43,NO
774022655,2024-10-30,2026-07-21,44,M,United States,Bronze,4,122.44,No
429657347,2026/02/02,08/02/2026,31,MALE,,Bronze,none,77.84,N
557590071,2023-07-24,15.07.2026,31,Male,United States,bronze,7,299.95,NO
990284629,2025-04-12,2026-05-27,59,Male,United States,Silver,18,767.24,N
837219793,2020-06-06,2026-07-20,29,female,Canada,Platinum,54,5699.6,No
300248536,2023-04-08,2026-07-22,44,FEMALE,United States,Silver,25,1187.57,N
752967607,2020-08-28,21-Jun-2026,39, Female,Canada,silver,16,556.94,FALSE
431023596,2021-05-07,2026-07-19,37,Female,United Kingdom,GOLD,35,4100.18,No
175116441,,,52,female,united states,Bronze,0,0.0,Yes
647268451,2025-01-14,2026-08-08,69,F,united states,bronze,10,599.17,No
370994709,09/21/2022,2026-07-30,34,Female,Australia,bronze,10,257.43,No
553815528,"May 11, 2023",2026-04-23,-,M,Australia,Silver,18,649.21,N
771034020,10/20/2021,07.06.2026,66,Male,US,BRONZE,4,185.73,No
352033116,05/12/2025,2026/08/16,38,Male,U.S.A.,Bronze,5,369.76,No
272877584,2023-06-24,2026/08/12,58,Male,united states,  Silver ,13,873.87,No
938860352,2024-09-15,2026-06-10,75,f,United States,Gold,26,2606.66,no
953665092,"October 17, 2022",03/01/2026,44,Male,,Bronze,3,233.6,Yes
866341987,2020-06-20,2026-08-19,35,f,United Kingdom,  Silver ,19,660.27,0
864615094,05-Jul-2024,"June 03, 2026",46,,United States,Gold,6,1604.62,no
443619923,2025-07-29,11-Sep-2025,49,Male ,United States,Bronze,2,192.59,Yes
992406399,2022-08-28,,59,Male,United Kingdom,Bronze,0,0.0,Yes
141782151,2024-11-30,2026-02-16,51,M,United States of America,bronze,1,19.58,Yes
400473317,2023-11-08,2026-07-29,26,male,United States of America,Bronze,4,227.0,No
844922579,12/06/2020,2026-03-12,53,F,Canada,SILVER,31,$852.89,No
342774445,2024/08/01,2025-09-25,22,M,United States,Bronze,4,198.75,1
550923766,2024-07-27,07/01/2026,47,f,,Gold,45,3803.01,No
805895791,2024-03-17,18-Aug-2026,34,MALE,US,Bronze,16,350.6,No
120065334,07.02.2025,06/24/2026,58,male,US,silver,19,1140.98,No
489706451,2026-02-16,08/24/2026,49,M,United States,Silver,8,902.24,No
654402241,22-Oct-2023,03/09/2025,59,Female,Germany,silver,17,811.11,Yes
386307040,2021-11-13,"February 23, 2026",43,Male,DE,Silver,12,-1143.23,Yes
770249689,15-Jul-2023,,29,F,USA,brz,0,0.0,YES
316117559,2026-04-29,,31,Male,United States,Bronze,-1,0.0,Yes
142666226,06.03.2024,"August 13, 2026",39,Female,India,BRONZE,7,481.07,No
869033324,05/13/2026,,34,Female,United States,Bronze,0,0.0,Y
481550136,2023-05-13,2025-03-24,43,Female,Germany,bronze,1,27.46,Yes
552750540,2024-12-08,,43,MALE,Canada,bronze,0,0.0,Yes
397728876,2022-10-26,2026-03-25,34,F,Brazil,brz,15,$487.58,no
971354861,2024-12-03,"October 11, 2025",62,Female,U.S.A.,Bronze,4,114.05,yes
476978750,10/20/2022,"August 24, 2026",56,Other,india,bronze,13,549.24,0
734038334,2023-02-08,2026-07-25,23,Male,india,unassigned,N/A,3584.7,0
878873791,2026-04-10,2026-04-10,42,male,United States,bronze,1,17.54,Yes
609012738,03-Feb-2023,2026-03-01,31,MALE,Canada,bronze,1,40.23,Yes
309924401,2023-07-19,08/15/2026,66,other,U.S.A.,Bronze,10,433.68,0
284337931,03-May-2023,2026-08-11,29, Female,United States,slv,13,822.56,No
313233247,03.08.2023,2026-08-31,60,Female,United States,Bronze,1,22.39,no
848924851,2023-07-19,"August 21, 2026",48,Male,DE,,27,1924.14,no
981542845,05.10.2022,26-Feb-2026,39,FEMALE,BR,Bronze,3,110.63,Y
370231807,2026-04-23,2026-04-23,76,male,Canada,Bronze,2,281.77,No
999967565,2023-03-25,2026-09-07,20,female,Australia,Silver,37,797.84,no
892676627,2025-04-17,07/18/2026,38,Male,canada,Silver,22,1270.52,no
752845416,08/19/2019,"May 06, 2026",66,male,united states,Gold,40,2517.98,no
626253050,12/18/2023,2026-06-01,53,female,India,Silver,9,570.32,No
491034098,2023-02-11,15.08.2026,51,Female,United States,Silver,15,558.04,No
306083596,05/15/2021,07/09/2026,38,MALE,India,Gold,33,4572.72,No
606424163,2023-08-12,2026-08-19,71,N/A,usa,SILVER,12,519.86,No
807728692,"March 07, 2025",2026-06-13,44,female,Australia,Bronze,9,353.67,No
155092152,2024-02-29,,34,femail,united states,BRONZE,0,0.0,Yes
137244118,03/22/2021,2026-08-29,48,other,United States,Gold,53,3147.64,NO
579552844,"February 12, 2025",2026-08-18,70,Female,UK,Silver,8,930.35,No
548134762,04/15/2026,,27,male,MX,Bronze,0,0.0,N/A
383561133,27-Mar-2026,,52,Male,Mexico,Bronze,0,0.0,Yes
708784162,16-Aug-2026,,43,Male,USA,Bronze,0,0.0,Yes
453178991,2024-01-04,2026-08-13,37,MALE,United States,Gold,24,1989.71,No
620925079,2025-09-05,2026-04-22,26,Unspecified,USA,Bronze,4,$194.84,0
279593123,01.03.2023,14.08.2026,35,MALE,USA,Bronze,4,248.64,No
410672650,"October 18, 2024",2026/08/08,51,female,united states,Bronze,-6,337.95,NO
792259992,10/31/2020,09/01/2026,67, Female,United States,Gold,44,3234.65,0
140470207,12-Sep-2025,2026-08-23,22,Female,uk,Bronze,1,82.88,no
316779681,2026-01-25,01/25/2026,36,Unspecified,United States,Bronze,4,128.99,1
845564897,2023-11-17,2026-09-02,46,m,US,Bronze,11,398.34,No
323202455,2023-05-20,2026-06-14,34,F,BR,Silver,4,792.54,N
142347257,2020-07-23,08/21/2026,28,Female,Mexico,Silver,20,627.29,No
564506467,2024-06-12,not available,59,Male,Germany,silver,29,1095.22,FALSE
956103705,2023-02-19,2026/05/21,31,Male,United States of America,Bronze,N/A,262.88,N
966463901,31-Dec-2025,2025-12-31,61,f,United States,Bronze,3,66.5,Yes
767165652,25-Sep-2023,2026-05-26,67,m,Canada,Silver,8,738.19,No
533398610,"September 17, 2023",2026-08-08,30,Male,Brazil,silver,30,1189.55,No
791682537,2022-10-19,08/13/2026,34,M,AUS,bronze,9,351.63,FALSE
102349127,2023/12/03,2025-08-18,21,Female,United States of America,Bronze,2,34.99,YES
517386112,2023-12-25,2026-08-30,46,Male,AUS,Silver,8,1211.67,N
303475312,2023-07-04,2026-01-03,53,MALE,United States,bronze,2,125.32,1
812291483,08/02/2022,2026-03-01,45,Male,canada,Bronze,7,427.87,Y
656564470,2023-08-23,2026-07-31,46,female,United States,Gold,53,2335.43,No
900530452,2024-08-13,2026-03-01,,Male,United States,Bronze,2,83.33,Yes
356594114,2024/10/27,,57,M,Germany,silver,20,756.43,FALSE
472017587,2023-03-01,2026/08/08,60,Female,United States,NULL,3,190.0,0
644088005,2023-02-09,08/18/2026,39,Male,Germany,Silver,26,$783.55,No
268121750,2021-01-23,22-Jul-2026,36,female,Brasil,Silver,20,916.05,no
396765340,22.11.2023,03/01/2026,54,Male,United States,Bronze,4,400.61,yes
531610693,2024-01-23,2025-09-25,19,F,United States,Bronze,9,298.47,Yes
250604420,2022-01-26,2026-09-02,37,Male,usa,Bronze,8,155.67,no
758106434,2023-01-10,15-Jul-2026,28,Male,United States,SILVER,54,1499.61,No
787806429,07.08.2020,08/27/2026,32,female,Canada,Gold,49,3033.67,No
419696253,12/16/2024,2026-08-20,42,m,US,bronze,2,120.01,no
541222883,2022-03-31,2026-03-12,45,Female,usa,  SILVER ,16,1244.96,0
323850246,2022/02/21,N/A,95,MALE,India,Silver,18,1292.86,No
320288206,03-May-2023,11/04/2025,,F,United Kingdom,bronze,3,99.27,Y
486322227,2025-01-30,2026-03-01,30,F,usa,SILVER,5,668.48,YES
398841840,2025-11-27,,42,MALE,United Kingdom,Bronze,7,330.69,0
399649001,"January 15, 2025",2026-08-22,44,Unspecified,United States,silver,14,518.44,NO
617288440,2025-02-21,06/30/2026,23,Female,Canada,Bronze,3,146.95,0
776611807,2023-01-30,2026-08-08,unknown,Female,United States,brz,23,438.71,N
950152135,2024-11-27,08/07/2026,34,male,Deutschland,Bronze,3,134.42,No
432649247,11/07/2023,2026-08-03,70,male,canada,silver,13,1134.94,No
481584798,10/20/2025,2026-08-15,26,Female,Canada,,12,1094.17,No
313655851,22-Jun-2022,2026-09-04,31,Female,NULL,Platinum,67,"$4,403.89",NO
342920844,2021-09-15,2026-05-04,59,Unspecified,US,Bronze,9,291.62,No
588510420,2024-09-04,,NULL,female,USA,Bronze,0,0.0,Yes
366188992,2023-07-31,"July 28, 2026",unknown,MALE,United States,Bronze,9,441.63,No
123047306,22.10.2022,2026/08/27,53,Male,DE,Bronze,4,272.99,NO
917835415,01-Jan-2026,09/01/2026,26,U,United Kingdom,Bronze,-6,$362.40,No
686182703,03.10.2024,"July 05, 2025",29,Unspecified,US,Bronze,5,226.58,Yes
103590520,"May 23, 2021",2026-07-02,23,Male,United States,Gold,18,1815.31,No
714269481,2024/03/26,2026-08-27,32,,United States,Silver,13,1122.24,N
191109790,04/19/2020,2026-03-01,30,Female,MX,silver,7,1457.66,Yes
186707897,2026-01-17,2026-04-17,28,Female,germany,Bronze,9,290.47,no
762688547,2022-09-10,"December 11, 2025",41,Male,United States of America,Silver,10,562.87,Yes
199374229,2024-10-07,05/20/2026,43,Male,United States,Silver,14,960.11,No
781074541,22-Nov-2022,"July 15, 2026",19,,Canada,Silver,23,760.45,N
403886546,10/13/2025,02.01.2026,-,MALE,US,Bronze,4,$262.08,Y
823605899,"January 07, 2022",2026-06-30,40,Female,United States of America,Gold,12,2087.38,No
381393763,"February 29, 2020",08/22/2026,27, Female,india,Gold,26,3428.2,No
156904979,06/17/2024,17-Jul-2026,53,M,USA,Silver,14,521.22,No
926601341,2023/08/22,2026-07-31,57,Female,united states,GLD,7,1675.81,No
882771969,"May 13, 2025",07/12/2025,33,Male,United States,Bronze,1,57.14,Yes
906684910,28.08.2025,02.08.2026,67,Male,Australia,brz,3,613.45,No
735899546,2022-06-26,2026-08-03,N/A,Male,United Kingdom,Silver,27,$787.65,No
561221169,2020-02-04,24-Aug-2025,61,Female,india,Bronze,2,30.86,1
239286394,13.02.2025,,26,Female,USA,Bronze,0,0.0,Yes
283761026,2026-08-16,,25,F,United States,Bronze,0,0.0,1
783863174,2023-12-23,2026-08-16,38, Female,usa,platinum,31,6668.43,0
311449726,2025-08-05,26-Aug-2026,24,Male ,US,Bronze,1,40.54,No
691559398,09/26/2020,16.08.2026,49,F,Canada,Gold,12,1478.13,No
442233336,2024-04-25,,35,Male,usa,Bronze,0,0.0,Yes
951174890,2024-05-25,21-Aug-2026,29,Female,England,N/A,16,709.95,0
945352010,2026/06/11,,27,unspecified,India,Bronze,0,0.0,Yes
549116334,2024-12-27,2026/07/25,55,,US,Bronze,1,74.1,N
486412053,2021-11-11,07/07/2026,85,female,USA,platinum,72,6236.34,No
919815717,2024-12-22,2026-08-08,30,Other,India,bronze,8,347.54,No
830310027,03/26/2025,2025-08-18,38,Female,USA,Bronze,4,103.48,Yes
730192077,2024-04-12,2026-08-28,39,MALE,India,,19,629.18,No
411636641,2025-02-08,2025-09-17,69, Female,India,silver,16,1163.7,Y
287159046,2022-03-26,2026-06-16,20,Male,usa,BRONZE,2,87.78,No
674395275,09-Jan-2025,01.03.2026,55,Female,USA,Bronze,4,124.97,Yes
205976658,2021-10-31,2026-07-28,37,female,IN,Gold,29,2375.99,No
300553219,08/10/2021,2026-07-30,54,F,Canada,silver,NULL,1116.01,
405182408,2024-01-31,2026-08-02,54,male,United States,Silver,28,1736.29,N
668826749,16.03.2026,2026/03/16,33,male,United States,Bronze,7,164.3,1
662131078,2023-01-20,2026-07-17,63,male,Canada,Silver,6,670.85,No
921812464,03/19/2026,2026-03-19,61,Female,UK,Bronze,2,255.36,YES
548726235,10/23/2025,2026-04-28,40,Female,United States,Silver,7,1737.92,no
555403056,05/09/2024,11-Dec-2025,51,N/A,DE,Bronze,7,518.58,1
767154877,2024-06-07,2026-07-20,34,female,usa,Silver,20,544.58,No
739176019,2025-03-04,07/09/2026,33,,Mexico,Gold,16,2536.33,No
840384626,2025-05-14,,31,F,United States,BRONZE,10,183.46,No
392887763,07/15/2025,2026-03-01,29,Female,UK,Bronze,6,458.47 USD,
600080125,2026-01-30,2026-02-12,46,Male,United States,BRONZE,5,176.8,YES
819880238,09/09/2025,16.08.2026,57,male,United States,Bronze,13,416.18,0
139025929,08/19/2024,08/29/2026,48,Male,U.S.A.,Bronze,2,152.55,No
557784332,2023-11-03,05.09.2026,44,Male,United States,Gold,22,3303.23,No
997405329,"May 15, 2021",2026-01-01,73,Female,USA,bronze,2,208.93,TRUE
720535816,2021-10-13,07/02/2026,68,Male,CA,Silver,33,1110.88,No
579431270,2024-12-15,07/09/2026,38,Female,U.S.A.,BRONZE,7,247.79,No
116503999,10/19/2021,2026-07-21,91,FEMALE,UK,Bronze,12,309.84,No
945368738,04/13/2023,07/14/2026,32,F,US,Silver,25,652.53,No
190366414,2020/08/29,2026-09-03,53,Female,United Kingdom,Bronze,15,,no
793703255,2021-08-07,13.07.2026,63,m,Germany,Silver,21,735.21,N
901013200,2025-12-18,07/11/2026,25,male,United States,Bronze,2,308.21,NO
793416082,04/30/2022,08/16/2026,68,Male,United States,Gold,18,2253.55,FALSE
288047292,31-Mar-2025,2026-08-02,41,Female,United Kingdom,,16,1343.26,No
287173963,10/24/2022,2026-07-04,28,Unspecified,United States,Silver,18,-806.65,0
988576552,19-Aug-2023,09/06/2026,52,Female,United States,Bronze,9,499.37,No
580265699,2021-10-24,2026-07-11,45,F,United States,Silver,19,1135.27,no
423609512,2021-03-07,,65,MALE,USA,Bronze,0,0.0,Yes
654190714,2023-04-30,08/29/2026,40,female,United States,Silver,24,919.09,No
170831241,10/13/2022,2026-06-21,35,Female,United Kingdom,Gold,18,2009.12,0
146171849,2022-06-30,2026-01-13,48,Male ,United States,Silver,14,$726.99,YES
527448962,"February 26, 2026",2026-02-26,24,unspecified,United States,Bronze,1,50.77,YES
340395618,11/16/2023,,38,other,Mexico,BRONZE,4,143.86,No
625706275,2022-07-14,2026-08-19,28,Female,UK,Bronze,3,,no
787705096,10-Jul-2025,2026-03-01,36,MALE,United States,Bronze,1,47.91,yes
588881238,2023-06-20,2025-08-26,54,Female,Canada,Bronze,8,260.26,YES
461233939,"March 14, 2021",08/02/2026,35,Male,United States,Silver,19,866.44,0
467111362,2025-03-07,2026-07-04,51,prefer not to say,United States,Bronze,8,306.69,No
868505186,17.11.2022,2026-08-19,24,Female,Australia,Bronze,8,322.70 USD,No
761095557,2024-10-30,,,Male,United States,Bronze,-999,0.00 USD,Yes
567137720,09/13/2024,30-Jul-2026,37,Female,usa,slv,12,1370.24,N
248444629,2024-04-29,,60,female,United States,Bronze,0,0.0,TRUE
982376865,03-May-2024,29-Oct-2025,44, Female,US,Bronze,2,58.35,Yes
767746974,2024-09-27,,56,Male,United States of America,Silver,13,488.71,No
958696826,10/26/2023,2025-04-22,59,male,USA,Bronze,3,$157.62,yes
785570629,2024-04-10,2026-08-31,63,Female,India,Bronze,7,248.04,FALSE
524542735,14.07.2024,2026/06/27,28,Female,USA,Silver,20,1925.95 USD,no
572089537,2024-03-26,2026-04-17,26,F,Brazil,Silver,9,893.91,No
664848720,2021-05-14,2026-07-16,41,Other,USA,Gold,23,2892.34,0
235592145,02/04/2023,2026/08/06,64,Female,Brazil,Bronze,4,-,No
548972722,2021/11/01,06/10/2026,28,Female,Canada,bronze,12,451.84,No
909841045,03/03/2023,2026-07-21,56,Male,United States,silver,12,646.13,NO
756608002,,2026-08-28,29,male,usa,Silver,28,"$1,011.26",no
150230843,2024-09-28,2026-03-01,51,MALE,USA,Bronze,3,147.21,YES
492377621,14.06.2023,05-Jul-2026,36,F,Canada,Bronze,8,244.52,N
716165823,2021-01-30,"December 06, 2025",69,Male,,SILVER,7,841.26,yes
531624131,2022-10-28,2026-08-16,22,Male,United States,Silver,40,"$1,491.70",No
197100482,2021-06-03,2026-07-17,53,m,Mexico,Silver,27,1206.19,No
336781533,2026-06-16,2026-06-16,58,Female,CA,Bronze,2,145.71,Yes
247622318,2023-07-19,2026-08-08,73,Male,India,Gold,18,2416.66,N
573736677,08/09/2023,09.08.2023,50,Female,united states,Silver,9,809.16,YES
613569825,2022-01-15,2026-07-25,N/A,f,DE,Silver,20,610.38,No
134952357,2021/01/15,01.03.2026,22,Male,United States of America,brz,2,46.64,Yes
297477430,06/09/2024,12-Jul-2025,43,Female,Brazil,Bronze,1,91.45,Yes
102040367,2025-04-06,08/07/2026,?, Female,U.S.A.,Silver,9,"$1,149.25",No
523774663,05/14/2025,2026-08-17,43,Male,United States,bronze,5,135.49,N
216647802,2023-12-31,06/20/2026,36,Female,United States,Gold,26,2115.68,No
448833184,04/28/2026,28.04.2026,37,Other,usa,Bronze,3,-480.91,Yes
451030393,05/23/2023,18-Jun-2026,40,male,United States,silver,27,781.99,No
292437156,12/14/2021,08/26/2026,30,F,United States,Silver,16,1428.13,No
635524145,2024/09/22,2026-07-20,31,f,United Kingdom,Bronze,5,596.03,No
745838929,02/27/2022,2026-07-29,83,Unspecified,U.S.A.,Silver,19,1371.8,0
469592864,01-Dec-2025,08/20/2026,19,Female,Canada,Silver,9,$586.60,N
924401253,2022-12-05,2026-07-14,38,Male,BR,Gold,36,3422.11,No
523978905,2024-02-19,2024-11-27,51,FEMALE,,Bronze,5,245.93,1
128916932,2024-06-19,"July 31, 2026",31,male,United States,bronze,12,512.87,No
987215829,2022-11-23,2026-08-21,54,Female,United States,brz,3,,No
815127800,2025-03-23,2026-08-17,39,Other,United States,bronze,3,94.74,No
618659153,2024-11-23,2026-06-14,35,MALE,United States,Silver,10,986.97,no
483104374,07-Jan-2024,03/01/2026,36,male,United States,Bronze,2,81.39,Y
651006617,2024-10-10,01/13/2025,24,Female,U.S.A.,Bronze,1,114.61,Y
506309074,"December 28, 2025",2026-08-27,40,F,Australia,Bronze,2,353.23,N
995148350,"February 17, 2026",02/17/2026,71,M,U.K.,Bronze,1,57.78,yes
600006728,2023/07/27,2026-03-01,62,Male,U.S.A.,BRONZE,7,395.5,yes
440628199,08/13/2023,2025-07-26,33,F,United States of America,Bronze,5,158.03,yes
891935083,05/19/2022,2026-03-01,22,femail,United States of America,Bronze,6,299.7,Y
757427454,2026-05-11,,55,Female,,Bronze,0,0.0,Yes
661247918,10-Feb-2022,2026-08-24,75,Male,USA,Silver,8,725.13,No
248662793,2026/06/12,,50,FEMALE,usa,BRONZE,0,0.0,Yes
847244529,08/21/2024,2025-07-18,49,M,United States,Bronze,6,$466.98,1
667743351,2022-09-07,,46,Male,usa,Bronze,10,355.99,No
652089974,2024/03/26,2026-06-10,-,M,,Gold,-42,2051.04,no
697241345,11/26/2020,,61,Male,United States,PLATINUM,23,3602.89,No
268525065,07/28/2024,08/17/2026,24,Male,United States,Bronze,4,105.53,No
248682488,2020-12-03,08/29/2026,48,F,United States of America,Gold,114,3508.06,N
642841168,"May 31, 2023","August 28, 2026",51,prefer not to say,US,Gold,39,1820.24,N
846050855,2023-02-24,2026-07-12,37,Female,United States,PLATINUM,37,6004.17,NO
129785741,2021-07-09,2026-09-05,44,MALE,DE,Silver,9,696.42,FALSE
499322618,10/14/2025,2026-07-31,72,Male,Brazil,Bronze,5,661.88,No
865161908,02/25/2021,2026/07/21,65,Female,CA,Gold,39,1706.58,no
751083490,04.07.2023,"August 21, 2026",59, Female,United States,Silver,-11,551.73,N
987047535,"January 29, 2023",2025-10-11,41,Female,Germany,bronze,1,31.7,Yes
414157484,2020-12-17,04-Sep-2026,35,Female,India,Gold,29,2004.35,0
926057570,2025-11-04,2026-07-22,40,Female,United States,Bronze,4,186.38,No
885149073,"April 10, 2025",2026-07-21,53,M,Germany,Silver,14,658.73,No
420108717,2024-04-11,2026-07-31,43,F,Canada,Silver,17,1389.46,N
541020211,2023-02-04,2025-06-26,39,female,United States of America,Bronze,10,260.17,Y
865917531,"June 30, 2025",30-Jun-2025,30,female,United States of America,bronze,2,80.35,Y
721323354,22.02.2025,05/02/2026,67,M,United States,silver,5,636.66,FALSE
882997333,02/02/2022,07/10/2026,42,MALE,United States,Bronze,19,296.57,N
717469028,2023-04-03,2026-03-01,21,M,United States,BRONZE,2,73.63,Yes
821694382,2026-02-26,2026-02-26,68,Female,AU,Bronze,4,104.68,Yes
529794195,2023-11-19,2026/07/11,31,Male,USA,bronze,13,$482.24,N
134107532,2023-06-01,02/17/2025,,Male,mexico,BRONZE,NULL,412.53,Y
658776704,11/08/2024,01-Mar-2026,63,Male,Deutschland,bronze,8,615.46,yes
635507527,2021-08-15,2026-08-20,29,F,CA,SILVER,23,1232.83,FALSE
277360880,2023-11-24,2026-07-29,,f,India,silver,,1052.46,No
446560152,2023-11-04,2024-06-23,36,Male,Brazil,BRONZE,24,216.63,Yes
109622944,2026-04-17,04/17/2026,35,male,United States,bronze,1,46.59,Yes
282825713,09/23/2023,2026-09-04,49,M,NULL,Platinum,-999,7694.11,NO
736073830,02-Jul-2021,2026-07-31,38,F,United States,Silver,21,-1114.41,No
454803925,02/17/2026,2026-03-01,46,,usa,Bronze,3,116.64,Yes
268880102,2024-01-29,2025-11-29,42,Unspecified,UK,Bronze,5,113.99,yes
410706267,05/12/2024,08/25/2026,53,female,India,Bronze,,197.93,NO
340968800,06/23/2026,23.06.2026,46,M,USA,Bronze,1,56.04,Yes
330968470,2021-04-06,2026-07-12,38,M,united states,Silver,40,1344.98,No
727537496,2026-03-08,,48,Female,united states,bronze,0,0.0,Y
656713651,25.01.2024,2026-07-27,42,male,canada,Silver,17,1142.65,NO
245342553,"July 07, 2021",08/17/2026,70,Female,Brazil,Silver,33,1826.56,No
692602063,2026/05/26,,NULL,N/A,AU,Bronze,0,0.0,Yes
594929319,10/08/2025,10.08.2026,31,Unspecified,United States,BRONZE,6,266.81,No
173292249,25-Mar-2024,2026-08-23,57,Female,Mexico,Silver,11,810.84,No
619168772,"December 10, 2024",2026-08-20,54,Female,Australia,silver,6,725.01,No
770265256,12-Dec-2023,08/17/2026,32,Female,United States of America,Silver,12,832.47,N
415878962,2022-02-19,2026-08-21,29,Female,Brasil,Gold,60,2225.48,no
882163926,2023-06-10,08.08.2026,59,F,US,Platinum,39,4334.18,No
185664989,2024-02-16,,34,male,United Kingdom,Silver,28,1298.77,No
129036269,2024-11-11,2026/07/18,57,M,Germany,Silver,19,1281.82,No
342587701,2023/03/08,03/01/2026,42,Male,United States,Silver,7,525.93,Yes
330118235,2025-07-26,09/28/2025,47,F,US,brz,6,360.07,Yes
919262596,2021-04-01,2026-08-22,37,m,Brazil,GOLD,50,2028.93,No
622784484,2025-12-16,2026-01-16,35,Unspecified,IN,Bronze,4,94.5,Yes
360223806,2023-11-22,2025-04-29,66,Male,Canada,brz,2,100.47,Yes
636920461,30-Nov-2022,09/04/2026,29,female,Brazil,Silver,9,1261.35,No
982711173,04/11/2025,"March 01, 2026",51,female,US,Bronze,2,66.48,1
552661619,2023-02-22,11/09/2025,59,Male,AU,SILVER,9,missing,Yes
720000105,2025-05-25,2025-07-21,69,Male,NULL,bronze,4,130.83,Y
836945214,"July 30, 2022",09-Jan-2025,66,f,United Kingdom,Bronze,1,34.49,Yes
757354483,2022/12/04,2025/09/01,,Female,United States,BRONZE,5,338.75,Yes
705484620,2021-09-04,08/30/2026,43,Female,United Kingdom,Platinum,102,8660.06,No
747682095,2023-11-27,07.02.2026,71,Male,Canada,Silver,11,,Yes
655219800,2023-11-16,2026-07-23,46,F,USA,bronze,4,196.90 USD,No
153322638,2023-09-05,N/A,63,Male,Germany,BRONZE,9,441.42,No
122329095,2022-01-17,2026-06-25,23,Female,US,Gold,33,1454.07,N
487626939,2020-11-03,2026-07-24,56,Male,USA,GOLD,36,"$3,045.55",no
617852816,16-Nov-2023,"August 05, 2026",45,Female,USA,Bronze,4,181.3,No
890416724,28-Jun-2024,,48,M,US,Bronze,0,0.0,Yes
488256652,11/30/2022,06/24/2025,45,Male,United States,Bronze,10,369.63,yes
356210813,2023-04-18,2026-08-25,35,Male,United States of America,Silver,33,828.44,No
565471787,2024-01-07,2026-08-04,43,Female,United States,Bronze,9,314.67,0
107890564,"August 28, 2023",2026-08-04,59,Female,Brazil,slv,12,794.32,No
659782602,2022-03-27,06/21/2026,43,M,United States,Silver,31,781.32 USD,No
626151794,17.07.2025,,29,MALE,United States,Bronze,0,0.0,Yes
487891953,2024-04-01,,53,Female,canada,Bronze,9,251.82,0
659037491,08/30/2023,2026-07-10,62,Male,United States,Bronze,12,295.33,No
251634033,2025-11-26,2026/09/04,53,Female,Canada,Bronze,4,438.41,No
862282814,12/13/2022,2026-07-23,36,MALE,Mexico,Silver,28,1040.77,no
504647658,"May 09, 2023",2026-06-11,46,F,United States,SILVER,34,1778.71,No
108358220,2024-05-11,2026-07-03,28,male,United States of America,Bronze,12,347.22,0
302466921,"March 05, 2024",2026-03-11,39,Male,usa,slv,14,910.17,No
970132026,03-Jul-2025,2026-06-06,51,Female,U.S.A.,Bronze,6,137.49,FALSE
362708158,2024-04-10,07/30/2026,72,F,USA,silver,13,547.57,No
686752527,12/27/2023,2024/12/13,36,unspecified,United States,BRONZE,N/A,32.51,Y
620617469,2025-05-04,2026-01-14,46,Female,AU,Bronze,3,106.92,Yes
555318838,21-Apr-2026,"April 21, 2026",62,Female,usa,BRONZE,1,52.95,Yes
991106531,03-Jun-2023,2026-08-18,36,Male,U.S.A.,GOLD,31,3613.0,No
309716173,05.11.2023,27-Aug-2026,44,Female,USA,Bronze,8,445.18,No
151612708,2023/07/14,2026-08-02,31,F,UK,Bronze,5,$363.54,N
802508083,"November 15, 2023",15-Apr-2026,77,Male,United States,Bronze,11,352.36,No
113666843,10-Apr-2021,08/26/2026,48,Male,United States of America,Silver,30,751.08,N
794420409,2021-01-22,08/07/2026,40,Other,Australia,SILVER,23,1507.78,no
425133993,13.10.2025,2026-07-12,23,female,United States,Bronze,5,231.23 USD,No
958424435,2024/05/08,2026-09-03,56,femail,United States,bronze,6,245.87,no
926997660,2024-05-15,07/15/2026,25,Unspecified,MX,Silver,13,1143.02,FALSE
578883671,2021-03-05,2026-08-02,46,Female,USA,silver,64,1478.43,No
512104855,2025-09-04,05/08/2026,,Female,united states,Bronze,8,,No
815440191,31.12.2021,07/20/2026,57,FEMALE,canada,BRONZE,12,226.09,No
524605864,2024-09-03,01-Mar-2026,63,F,U.K.,Bronze,-999,42.69,yes
892472879,"January 29, 2022",2026-06-26,48,female,United States,Silver,22,795.83,No
102968278,2024-10-13,2026-08-29,42,male,United States,Silver,8,$785.84,No
951468799,2023-10-24,2026-08-27,32,Male,germany,Silver,27,1945.62,No
596344794,2023-12-26,"August 08, 2026",22,Female,DE,Bronze,5,missing,No
678453257,12/23/2021,08/19/2026,39,m,DE,Silver,8,-613.03,No
616209217,12/15/2023,2026-06-10,49,Male,USA,brz,2,77.22,No
865413158,01/10/2026,,35,F,United States,Bronze,0,0.0,Yes
453677007,23-Sep-2022,2026-04-22,53,Male,canada,,19,672.49,No
895099662,2023-11-20,2026/06/29,44,Female,United States of America,Silver,4,548.29,N
495847677,2023-06-18,08.07.2026,34,Male,Australia,SILVER,11,842.98,0
370293848,2026-02-09,2026-03-01,65,Female,Mexico,bronze,1,54.24,Y
651796177,06/26/2022,"July 25, 2026",47,MALE,United States,Silver,28,723.03,0
697898741,2024-10-24,06/21/2026,44,,USA,Bronze,9,371.45,No
449922372,2022-04-01,2026-06-09,32,F,Canada,Bronze,5,224.61,N
352713847,2022-07-17,2026-08-16,40,Male,USA,BRONZE,25,339.25,No
629744780,"April 18, 2020",2026-07-27,39,Male,AU,Platinum,98,10681.94,No
451242855,12/18/2024,06/16/2026,,Female,United States,slv,12,1386.79,No
727993092,06/17/2025,2026-08-27,22,M,US,Bronze,-4,158.3,No
427219243,"October 06, 2024",2026-02-06,37,Male,Mexico,bronze,2,46.47,yes
249436789,2022-10-17,11/26/2024,60,Male,United States,SILVER,14,1061.96,yes
565431450,2022-07-19,2026-08-21,49,MALE,United States,Bronze,11,351.6,FALSE
145203062,20.09.2023,2026-09-03,65,Female,Germany,  Bronze ,10,491.69,No
401472409,2021-04-12,2026-06-11,26,male,united states,Bronze,11,323.41,No
145940634,2022-09-29,2026-07-26,53,male,USA,Silver,29,650.43,No
181535512,05.01.2026,,39,femail,United States,Bronze,0,0.0,Yes
503091875,09/29/2020,2024-08-24,72,Male,US,unassigned,18,562.34,Yes
867493935,08/01/2025,30.07.2026,41,Male,BR,Silver,5,644.13,FALSE
715375062,"March 26, 2024",2025-07-13,64,Male ,United Kingdom,Bronze,5,276.69,yes
698508527,2024-10-25,2026-07-21,68,Male ,united states,Bronze,6,297.34,NO
426223135,26-Aug-2024,,22,Male,United States,Bronze,0,0.00 USD,1
877798750,2024-12-06,2026-06-22,57,Female,United States of America,SILVER,25,2075.89,no
733425634,2025-03-22,"September 28, 2025",54, Female,MX,Bronze,7,529.93,Yes
277906706,2026-01-21,,50,Male,US,Bronze,0,0.0,TRUE
440853167,07/16/2022,07/12/2026,54,M,,Bronze,29,570.86 USD,0
499203617,2022-11-20,2026-08-16,28,MALE,BR,Silver,17,684.59,0
444492020,2023-04-28,2026/07/04,30,Female,Canada,bronze,7,361.84,No
242168750,2023-05-26,2026-07-18,53,Female,australia,BRONZE,3,370.34,No
456319754,28-Aug-2025,,44,female,United States,bronze,0,0.0,Y
697041159,2024-10-06,12/18/2024,32,Female,INDIA,  brz ,3,140.0,Y
200182663,07/21/2023,2026-08-10,25,Female,Australia,Silver,16,1138.95,No
702571963,2024-12-06,2026/07/23,,Male,MX,Silver,20,1946.57,0
739556560,2021-12-28,2026-05-19,23,Other,USA,Bronze,6,284.73,No
259683456,2023-11-23,2026-07-31,34,Female,United Kingdom,Gold,15,2049.44,No
774242220,05/04/2021,2026-07-20,34,unspecified,United States,platinum,47,5691.7,No
250836796,12.02.2026,2026-02-12,71,male,IN,bronze,none,312.29,Yes
256952016,04/04/2023,2026-08-30,47,Male,United States,silver,14,$685.34,N
908661523,04/14/2026,,39,Female,US,BRONZE,0,0.0,Yes
793425534,04/09/2024,2026-07-18,31,female,BR,Silver,22,1521.34,No
508529884,10/08/2024,2026-08-18,54,Female,India,,22,578.43,NO
377843532,2023-08-12,27-May-2026,24,,United Kingdom,Gold,49,2805.64,No
198003923,2024-09-24,2025-10-13,36,Male,US,Bronze,1,157.03,
753960834,2026-02-09,2026-05-21,?,,US,Bronze,3,69.41,No
665642183,2023/06/10,2026-07-14,45,F,usa,GLD,42,3853.27,No
170912763,2024-11-12,2025-02-09,56,Male,United Kingdom,Silver,16,$769.33,Yes
997828527,2026-01-01,2026-01-01,34,Male,US,Bronze,1,57.56,Yes
551500486,29-May-2022,2026-02-14,23,U,CA,Bronze,1,55.77,Yes
897530132,2023-12-01,2026-08-04,32,Male,United States,SILVER,4,$473.48,N
629303975,2023-02-20,06-Jul-2026,49,Male,United States of America,GLD,27,,0
210428294,"March 21, 2024",2025-10-15,33,Male,United Kingdom,silver,12,774.61,Yes
781511066,07/13/2024,2026-08-05,54,Male,United States of America,bronze,9,345.26,FALSE
625876139,2022-05-01,2026-08-18,51,male,United States,Silver,15,754.63,No
438188887,2024-04-18,,53,M,United States,Bronze,0,0.0,1
941508228,"February 15, 2026",2026-08-19,41,Male,U.K.,Bronze,4,238.88,No
961063923,2026-06-20,,unknown,Female,usa,Bronze,0,0.0,1
461299911,2020-12-30,22-Jun-2026,43,M,Mexico,bronze,11,$417.33,No
410191893,09/01/2021,"July 01, 2026",72,Male,U.S.A.,Platinum,40,4806.09,No
958476743,05-Sep-2024,,19,male,United States,Silver,36,1221.34,FALSE
152185352,2026-06-30,2026-06-30,26,male,United States,Bronze,2,88.16 USD,Yes
259251561,11-Dec-2024,04/18/2026,67,female,India,Bronze,3,155.18,No
903204024,03/16/2025,,57,F,United States,Bronze,4,445.31,N
395570806,2025-01-22,2025-10-28,31,m,united states,Bronze,2,108.28,Yes
560963106,05/27/2020,,29,Other,CA,Silver,11,747.54,N
645098423,15-Jun-2026,,87,femail,USA,Bronze,0,0.0,Yes
139272780,02/14/2026,08/28/2026,35,female,United States,Silver,6,N/A,No
372440795,2021-07-11,2024-05-29,41,Male,usa,,6,$274.48,TRUE
780061113,2024-07-14,"October 15, 2025",23,male,Canada,Bronze,,261.21,Yes
592881781,2026-02-01,2026/06/19,60,Female,U.S.A.,Bronze,1,23.12,No
523310078,28.06.2022,2026-08-06,34,male,Australia,Gold,27,2052.31,No
891654037,2024-06-21,08/19/2026,56,male,United States,Silver,20,990.35,N
241018909,2025-03-02,,35,Male,USA,bronze,0,0.0,YES
526357255,2023-11-21,08/14/2026,30,Female,United States,Bronze,3,123.9,No
905767254,07.02.2026,03/01/2026,30,Male,IN,Bronze,4,147.03,YES
725451914,2021-09-12,,47,Other,US,Silver,26,1426.52,No
135581004,2025-12-05,06/30/2026,25,Female,canada,bronze,2,151.33,No
722673064,2026/07/13,,61,male,United States,Bronze,0,0.0,Yes
704963980,2024-05-27,2025-08-14,67,m,,Bronze,4,170.32,Yes
645574696,2021-10-23,03-Aug-2026,48,f,United States of America,silver,34,1239.7,N
195573538,02/20/2026,,44,Male,uk,bronze,0,0.0,Yes
856295548,09/21/2025,2026-08-23,50, Female,united states,Bronze,4,286.93,No
944307916,27-Jun-2023,08/30/2026,56,Male,United States,Silver,28,1340.12,FALSE
232774952,2022-06-20,2024-10-21,40,Male,United States of America,Bronze,2,140.92,yes
781027806,07/22/2022,2026-06-07,81,Other,Mexico,SILVER,42,644.54,No
440028319,2021-12-20,2026-08-13,58,F,U.S.A.,Silver,47,1788.59,No
403368544,2025-10-01,2026-08-31,50,M,usa,Bronze,none,273.8,No
837181958,"August 07, 2022",2026/06/03,46,F,India,Bronze,15,404.55,0
712596083,2026-03-07,,20,Female,United States,Bronze,0,0.0,Y
667265625,2023-08-14,"June 29, 2026",46,male,CA,silver,21,882.0,N
270578868,2025-01-20,21-Jun-2026,47,femail,Canada,silver,13,925.59,No
373173024,20-May-2024,2026-08-28,33,unspecified,UK,Silver,9,1578.09,No
159040517,10/19/2024,03/01/2026,37,Female,Germany,bronze,4,409.1,Y
887065468,2024-06-02,2026-08-06,26,Other,United States,Bronze,4,59.39,No
431695491,04/28/2021,2026-08-11,31,M,U.S.A.,Gold,42,3216.66,no
850932917,06/15/2024,12.07.2026,68,M,United States,Bronze,-5,$135.12,No
750720679,09/17/2022,12.08.2026,71,Female,INDIA,unassigned,76,4052.73,N
111742183,12.12.2025,2025-12-12,66,male,Canada,Bronze,1,76.4,TRUE
306178011,2025-01-15,11.08.2026,40,M,USA,Bronze,10,330.1,No
125320663,2021-08-21,2026-09-01,48,Female,United Kingdom,Silver,19,1106.79,NO
396969205,02.04.2023,2026-08-08,56,F,MX,Silver,21,2171.44,no
400187467,05-Jul-2026,,67,Male,United States,bronze,0,0.0,Yes
869793212,09/21/2023,2026-07-11,49,F,USA,Silver,19,600.22,no
535699407,2021-11-09,23.08.2026,66,Female,United States of America,Gold,38,3057.2,No
344261299,2024/07/22,06/27/2025,37,Female,Brazil,Bronze,2,232.49,yes
771587601,04/20/2023,2026-03-01,34,FEMALE,US,Bronze,2,119.54,Yes
719398769,2021-08-24,"July 27, 2025",39,Female,USA,silver,5,549.38,yes
808790216,2026/02/21,2026-02-21,42,Male,Canada,Bronze,1,59.45,Yes
200924129,2025/12/18,,61,Female,Can.,Bronze,0,0.0,Yes
464456923,2022-10-09,2024-10-07,23,female,India,Bronze,2,41.73,yes
224880221,2024-10-30,18-Aug-2026,23,Male,canada,Bronze,5,221.9,N
499700409,2021-12-31,2026-06-08,35,Male,United States,Gold,25,3166.37,no
352775656,2024-10-04,,39,Female,Brazil,Bronze,0,0.0,yes
803472848,2024-11-19,2025-11-27,31,Male,United States,Bronze,5,411.2,Yes
600952593,2023-02-15,2026-08-11,29,unspecified,US,Silver,30,1414.5,No
864415554,2020-06-27,04/03/2026,74,Male,usa,Gold,75,2299.21,No
159289564,2022-07-04,2026-07-09,36,FEMALE,United States,Bronze,13,447.89,No
675169441,23-May-2022,08/08/2026,48,male,Canada,brz,2,$159.05,NO
802359763,2020-07-08,10-Jul-2026,23, Female,Mexico,Gold,28,1942.91,no
584754481,2023-09-13,08/14/2026,90,Female,uk,slv,23,910.81,No
625848503,2024-04-27,26-Aug-2026,57,femail,United States,silver,36,760.66,N
325204477,07/26/2026,2026-07-26,27,Female,United Kingdom,Bronze,1,19.1,Y
901434080,29-Apr-2024,2026-07-28,61,Male,England,Bronze,4,126.36,N
338803052,2025-11-30,11/30/2025,27,Female,United States,BRONZE,1,41.3,Yes
620366060,"July 11, 2023",06/15/2026,43,M,Canada,Silver,16,$803.70,No
349000900,10-May-2024,2026-03-01,38,Female,United Kingdom,Bronze,9,652.21,Yes
980795480,"March 18, 2024",2026-08-28,68,Female,United States,Bronze,6,278.83,no
851249163,2021-08-30,08/13/2026,19,female,USA,Silver,-12,779.04,FALSE
527327411,2023-07-12,28-May-2026,52,f,United States,Silver,26,1593.91,no
653031726,2024-04-22,03/01/2026,46,Male,United States,bronze,5,226.57,yes
502196672,2025-08-23,2026-08-27,27,N/A,germany,Silver,11,840.47,no
830815455,2022-03-26,04.02.2026,39,unspecified,UK,Bronze,7,304.02,yes
617965103,2024-11-23,2026-07-30,-,FEMALE,united states,Gold,,2710.09,No
727173469,2023-07-22,08/23/2026,N/A,femail,canada,SILVER,25,1120.37,No
787944465,2025-03-06,2026-07-13,32,Male,India,Silver,14,802.23,No
995866147,26.11.2021,2026/08/10,54,Male,United States,Silver,14,788.36,No
320150226,2022-01-25,03-Jul-2026,?,f,United States,Gold,92,2634.35,No
601121960,2025-10-17,01.03.2026,43,Female,United States,Bronze,2,116.33,YES
210204812,12/31/2022,08/29/2026,49,Female,USA,bronze,7,124.36,NO
128410768,20-Nov-2025,2026-07-18,47,Male,Brazil,brz,9,341.13 USD,N
689941809,2022-08-19,2026-07-05,20,Male,United States,Silver,26,1369.38,0
883236766,"June 19, 2025","May 31, 2026",72,unspecified,,silver,12,794.42,No
393431946,2026-04-12,2026-04-12,63,M,United States,bronze,1,38.49,Yes
158531992,2026-01-13,01/13/2026,57,Male,United States,SILVER,7,598.46,Yes
247771551,11/25/2021,2026-05-25,22,Male,United States,  brz ,15,296.69,no
338227746,2020-01-01,2025-08-07,43,Unspecified,United States,Bronze,5,456.57,Yes
494854562,2025-10-22,08/05/2026,62,male,INDIA,Bronze,2,89.6,no
581379108,2020-05-30,08/26/2026,29,Male,United States,Platinum,63,5187.29,FALSE
656808641,"August 11, 2022",2026/09/02,38,Female,United States,Silver,14,$954.51,No
557114382,2025-05-05,"July 30, 2026",39,Male,United States of America,Silver,18,1055.82,no
426762287,2025-02-13,09-Aug-2026,41,Female,UK,slv,4,693.46,No
543769520,2025-05-19,2026-08-16,71,female,United States,bronze,7,279.06,NO
446009107,07/20/2023,2025/10/22,47,Female,United States,Bronze,8,366.42,Yes
369650119,2025-01-27,2026-06-13,50,F,Canada,Bronze,4,225.93,No
859930130,2024-03-04,2026-06-04,35,Male,United States,Silver,none,1092.04,No
334504453,2023-12-15,2026-07-22,42,Female,USA,Platinum,30,3771.15,No
285402278,2024-01-11,2026-08-13,41,femail,United States of America,Silver,22,,No
619380059,2025-12-24,,60,Male,United States,Bronze,0,0.0,Yes
745646860,2023-07-26,14.02.2025,54,m,India,Bronze,5,$201.71,Yes
647807850,2024-05-28,2026-09-06,27,N/A,United States,silver,13,567.71 USD,No
440804249,"June 07, 2022",2025-02-11,36,Male,United States,bronze,1,$33.75,unknown
314763499,2024-02-02,"August 16, 2026",31,female,US,Silver,32,1280.44,No
784770819,,"August 29, 2026",47,Male,Mexico,silver,34,1409.84,0
927645665,2022-08-07,2026/02/15,56,Female,United States,Bronze,2,140.8,yes
477923680,2025/02/28,08/22/2026,24,f,United States,Bronze,12,NULL,0
556606734,01/05/2024,06/21/2026,40,male,United States,bronze,8,562.01,No
440976842,25-Apr-2022,02.07.2026,24,Female,IN,GOLD,62,2996.72,No
792410529,02/16/2024,"April 08, 2026",88,prefer not to say,Brazil,Gold,19,3044.14,No
306283177,2021-04-11,07/27/2026,36,F,England,Silver,10,733.53,No
801306781,2024-04-16,2026-07-03,54,Female,uk,Bronze,6,351.2,no
551506550,2020-05-03,08/18/2026,64,Male,Canada,Platinum,70,5430.34,N
516598429,29-Jan-2025,,43,M,United States,Bronze,0,0.0,Yes
735101619,2020/07/27,19-Aug-2026,24,FEMALE,United States,  Platinum ,-999,4895.7,
150427981,2022-05-23,2026-07-30,20,Other,United States,Silver,17,1394.76,No
756539079,2025-06-24,08/06/2026,58,Male,USA,BRONZE,3,176.06,No
533516799,05/25/2022,07/26/2026,24,Male,USA,Silver,17,1116.2,FALSE
237189084,07/16/2026,2026-07-16,44,Female,Australia,Bronze,2,47.68,Yes
439653899,26-Sep-2021,30.08.2026,57,Unspecified,Mexico,Gold,30,2974.15,no
249525306,05-Aug-2024,,39,Male,USA,Silver,24,657.15,0
496599453,2023-07-14,2026/08/20,70,Other,BR,Bronze,11,567.83,No
925941889,2021-04-09,2026-07-25,66,Male,usa,Gold,20,2084.19,No
633705958,"April 03, 2026",,39,male,Mexico,Bronze,0,0.0,Yes
285044117,2025/07/21,07/21/2025,56,Male,,Bronze,3,,YES
261882267,26.12.2023,08.08.2026,38,Female,United States,silver,25,947.4,0
914910641,2022-09-27,2026-08-03,,f,US,Bronze,5,234.67,no
638363351,24.08.2025,08/26/2026,60,M,MX,Bronze,4,83.08,0
376054449,01/02/2024,08/09/2026,22,female,United States,gold,61,3024.71,No
455362676,2022-07-09,2026-08-11,55,F,England,silver,27,$906.61,No
157468917,2022-10-10,30-Aug-2026,40,Female,US,BRONZE,6,111.08,No
913700514,12/18/2023,05/17/2025,40,Female,DE,Bronze,7,445.45,Yes
330052871,2024-01-02,2026-08-02,48,Male,Mexico,Gold,44,1774.09,FALSE
391071818,08/11/2022,12.08.2026,49,Female,United States,slv,36,1667.14,No
241177969,"September 27, 2023",2026-07-27,25,Female,Germany,Silver,13,893.99,N
636289363,2023-02-27,"August 27, 2026",59,female,USA,Silver,13,978.14,No
470584847,2025-07-16,,68,Female,USA,bronze,5,123.48,Y
884335774,2024-11-16,26.07.2026,42,female,usa,Bronze,7,353.55,No
196410539,2024-08-23,2025-12-18,36,F,United Kingdom,silver,9,442.65,Yes
590412907,14-Jul-2024,2026-08-26,40,Male,Brazil,Silver,14,$745.04,No
869475665,02/09/2024,24.07.2026,80,MALE,US,bronze,5,184.4,No
388849051,2020-11-16,2026-04-13,62, Female,India,Silver,14,1450.71,0
997219791,"April 08, 2024","March 28, 2026",73,Male,Mexico,gold,26,1541.82,N
483843172,2022-08-22,2026-04-08,56,MALE,Germany,SILVER,29,996.55,No
856826561,04/09/2022,22.08.2026,29,Female,india,BRONZE,-7,249.44,No
166528996,2026-01-12,2026-01-12,74,female,US,Bronze,6,183.68,Yes
249527345,"June 10, 2022",08/23/2026,48,Male,United States,SILVER,32,"$1,097.91",No
122210453,03-Jun-2022,2026-08-30,72,N/A,United States,Silver,16,1025.03,N
250774864,04/07/2023,2026-04-13,41,Female,United States of America,Silver,19,606.66,No
763721675,05/26/2025,09-Aug-2026,32,Male,UK,Bronze,3,97.71,0
598749418,2025-04-10,2026-04-15,42,Male,United States,Bronze,6,311.84,No
764818469,"July 23, 2024",2026-07-08,40,Female,Australia,Bronze,16,485.51,No
230810126,2023-01-01,2026-07-05,32,Male ,Mexico,silver,14,556.59,No
138994943,2025-04-09,2026-05-16,42,Female,United States,Bronze,2,181.05,N
963831415,2024-07-03,2026-07-09,56,Male,MX,GOLD,13,1536.28,No
357445598,"September 07, 2022",2026-08-21,25,F,United States,Gold,20,2454.05,No
837297596,2020-11-02,2026-08-30,35,Female,Canada,SILVER,7,907.24,0
641409158,2023-07-05,2026-07-30,42,Female,United States,Gold,57,4216.07,no
749505450,"May 10, 2021",08/18/2026,33,female,United States,Silver,9,475.18,No
985602318,12/06/2024,,31,M,Germany,Bronze,7,336.70 USD,no
303630142,04/13/2022,,36,Female,United States of America,Bronze,17,522.69,No
551687301,2026-05-16,2026-05-16,52,Female,United States,Bronze,3,213.73,yes
360819473,12/05/2022,2025-08-23,52,Female,usa,Bronze,5,425.62,Yes
848533962,2023-03-07,08/13/2026,23,M,Brazil,Bronze,6,289.7,No
515866883,2023-11-09,07/07/2026,35,male,United States,,12,395.62,No
642353895,"June 29, 2023",2026-07-24,59,Male,Australia,Silver,39,1802.42,No
953681353,2022-08-29,2026-07-04,48,Female,U.S.A.,Silver,35,883.31,N
476285873,19-Sep-2025,26-May-2026,37,F,Deutschland,Bronze,6,419.91,No
998022093,2023-01-27,2026-07-27,51,male,United Kingdom,Silver,18,811.41,No
728205544,01/20/2023,01-Aug-2025,49,Female,United States of America,Silver,9,1328.34,TRUE
254447661,03/27/2026,,54,Male,USA,bronze,0,0.0,Yes
173229595,04/10/2023,2026-08-28,62,Female,brazil,BRONZE,3,281.25,no
918529438,2020-04-07,2026-07-26,,f,germany,GOLD,33,2179.39,No
181986968,12/10/2023,08/12/2026,27,Female,india,Gold,26,"$1,934.01",No
786226781,17-Jan-2022,07/19/2026,69,Male ,Canada,Bronze,11,397.83,No
636013218,05/01/2025,2026-03-11,58,Male,India,bronze,6,292.46,no
423084642,2024-05-11,"July 16, 2026",59,MALE,US,Silver,7,659.42,0
138023569,2022-07-02,09.08.2026,50,f,usa,Silver,28,1257.23,No
598069798,2020-10-19,2026-08-09,33,F,CA,  Gold ,74,2570.32,N
961835916,06/17/2026,2026-06-17,63, Female,Mexico,Bronze,1,185.84,Yes
195084169,20-Oct-2024,02/05/2026,24,Female,USA,,1,51.26,Y
527381587,2025-01-15,2025-12-27,38,M,Germany,Bronze,11,400.11,Yes
426825229,2024-10-08,2026-03-01,46,femail,United States,  Bronze ,5,581.21,TRUE
177339191,2024-05-13,2026-05-19,41,Male,united states,Silver,34,1654.38,No
594259308,11/28/2025,2026-08-05,45,Male,India,silver,12,677.25,no
708205880,08/07/2024,"September 02, 2026",35,unspecified,USA,slv,11,-,No
377109458,08/06/2025,,34,Male,US,Bronze,3,62.82,Yes
244455928,2022-11-04,26-Aug-2026,24,male,INDIA,Silver,16,783.99,FALSE
424727584,2023-01-11,2026-08-06,38,Female,Canada,Gold,-25,1617.64,No
235607908,"January 31, 2023",2026-08-05,46,Male,United Kingdom,Silver,58,942.2,No
342063610,2022-08-15,2026/07/27,26,Male,USA,Bronze,6,209.92,No
179002844,2025-09-23,2026-03-01,?,Female,UK,Bronze,6,190.11,Yes
945136301,24-Jan-2026,2026/08/09,38,female,Canada,Bronze,18,642.79,No
838710042,2025/12/27,2026-07-19,41,Female,United States,bronze,5,251.66,NO
782019490,04.04.2025,2026-07-15,57,male,Brazil,gold,16,1849.06,unknown
933566161,2021-11-15,2026-08-10,48,Female,Australia,Silver,18,2061.46,No
634636874,06/06/2022,2026-03-11,64,FEMALE,United States,GOLD,38,1797.6,No
777945594,05/05/2021,2026-07-24,59,Male,United States,silver,17,1180.57,No
272153643,2022-11-03,13-Jul-2026,23,F,U.K.,Silver,14,1032.01,0
213274167,2021/05/20,08/31/2026,46,Other,U.S.A.,Gold,36,2916.45,No
773468891,2024-03-18,03.08.2026,46,Female,Brazil,Platinum,58,3620.99,No
693326013,2023-11-23,07/07/2025,53,Female,Australia,Bronze,,235.54,Y
490213460,03/16/2023,2026-08-18,23,F,unknown,Silver,16,1161.86,N
514615358,11.12.2023,,30,Male,mexico,Gold,21,1990.47,No
895789690,07/26/2022,05.06.2026,23,f,DE,SILVER,,1566.57,No
348101349,2025-01-14,"March 01, 2026",51,MALE,Canada,Bronze,6,365.53,
309635918,06.06.2021,,53,Male,unknown,bronze,0,0.0,Yes
810874977,14-Mar-2024,2026-08-30,61,Female,United Kingdom,Silver,7,,No
542068315,04/10/2021,2026-07-12,23,Female,usa,SILVER,22,1328.0,No
263190991,01/14/2026,2026-03-01,59,m,united states,Bronze,none,$146.02,yes
490224783,07/25/2025,15.02.2026,54,male,United States,Bronze,3,115.01,Y
346775899,02-Dec-2021,02-Mar-2025,40,M,India,Bronze,2,53.05,Yes
427934463,2023-08-20,2026-06-07,51,F,,SILVER,32,663.38,No
469446805,2024-10-21,2026-07-30,64,Other,UK,Bronze,2,405.19,N
105230062,18-Oct-2021,10-Aug-2026,23,F,,Gold,62,2240.69,no
572653742,05-Aug-2023,"August 23, 2026",51,MALE,india,Silver,39,1635.3,no
761480349,2025-10-03,2026-07-26,79,F,United Kingdom,BRONZE,2,112.33,FALSE
349599889,2025-02-12,12-Feb-2025,23,Female,United States,Bronze,1,96.91,yes
743824593,2021-03-21,07/16/2026,40,M,United States,Silver,11,804.59,No
986724585,09/09/2023,03/01/2026,43,Female,Germany,brz,3,158.29,TRUE
531675172,2023-03-22,2026-07-29,29,Female,India,Silver,5,626.94,No
433431664,2024-09-09,"March 01, 2026",63,MALE,India,Bronze,3,48.45 USD,YES
304634216,2024-02-19,16.05.2026,53,,Canada,Gold,19,3467.65,No
615176281,06/14/2024,2026-08-24,75,Male,United States,Silver,39,962.36,No
663597730,13-Jun-2026,2026/06/13,39,male,United Kingdom,Bronze,1,191.95,1
127221531,10-Nov-2024,2026-08-19,71,Unspecified,US,Silver,14,1515.11,No
774628894,2021-11-26,2026-03-28,44,Female,united states,Silver,11,$839.06,N
220872965,2026-06-29,29-Jun-2026,61,N/A,United States,Bronze,4,334.04,Yes
440177024,11/28/2025,,41,Unspecified,usa,BRONZE,0,$0.00,Y
644063775,2023-01-20,,43,Male ,United Kingdom,Gold,21,2982.5,No
864377567,"July 14, 2024",2026-03-01,52,Female,CA,Bronze,4,402.83,Yes
241128372,2023/07/03,09-Jul-2026,50,Other,United States,Bronze,8,342.43,N
243831920,12/15/2023,2026/07/31,34,Female,Mexico,Bronze,1,$69.04,No
199721727,14.05.2025,2025-07-15,34,unspecified,Mexico,bronze,10,403.69,Yes
137514163,2021-09-13,2026-08-15,36,Male,Canada,brz,12,479.05,NO
128084608,05.06.2026,2026-06-05,64,Male,United States,bronze,2,$97.33,Yes
618793921,10/03/2025,03.10.2025,31,FEMALE,United States,Bronze,3,198.1,Yes
348383783,28.01.2024,2026/08/01,46,male,United States,Bronze,6,339.46,no
222013256,2022-08-08,2026-09-01,37,FEMALE,United States,Bronze,11,331.56,N
405938462,13-Sep-2023,"August 16, 2026",54,female,United States,Silver,28,1276.83,No
765316069,26-Feb-2020,2026-08-12,50,male,UK,Silver,15,1373.99,0
319244719,2022-08-16,2026-07-15,62, Female,US,Silver,22,827.78,No
197412211,"February 15, 2025",2026-09-04,46,Male,BR,Bronze,10,$526.73,No
984210555,2023-06-22,2026-07-31,,Male,Brazil,Gold,15,"$1,645.79",N
452279409,2024-11-24,23-Jul-2026,32,Male,United States,silver,10,1281.51,No
568065874,2024-06-09,"June 04, 2026",53,female,United Kingdom,Silver,14,1730.83,No
574249472,04.08.2019,2026-08-21,37,Male,United States,gold,29,1753.37,No
552324362,2023-05-09,"August 22, 2026",22,female,United States,Silver,10,757.24,N
279672740,2020-09-09,2025-02-13,30,MALE,Canada,Bronze,7,471.82,Yes
688123502,2021-10-05,2026/08/05,41,f,England,silver,5,471.35,N
183744666,"December 14, 2022",2026-07-14,36,Male,United Kingdom,Silver,60,1529.82,No
690539132,09/05/2025,,49,female,United States,SILVER,,622.61,No
552766689,08/22/2021,03/01/2026,54,Male,US,Bronze,4,238.25,Yes
115167906,13-Nov-2019,2026-08-19,38,Male,Canada,Gold,59,NULL,No
145324233,2024-07-31,,,Female,Germany,Silver,17,1375.01,No
684078438,09-Aug-2021,2026-08-11,39,Female,United States,GOLD,31,2815.26,No
418622065,03-Mar-2026,03/03/2026,50,F,United States,Bronze,1,74.84,yes
447787677,05.07.2024,19-Jul-2026,38,Male,USA,Silver,15,1981.22,No
113530150,2024-11-13,2026-08-01,20,F,United States,brz,6,610.4,NO
916446562,2024-12-07,04-May-2026,83,Other,USA,Silver,15,686.51,N
970952638,2024-06-08,2026-08-07,28,Female,Australia,Bronze,7,559.47,No
666071739,2024-09-12,04/19/2025,50,Female,United States,Bronze,2,114.31,Y
408819757,2021-07-02,07.11.2024,34,Female,BR,Bronze,3,267.83,Y
653257532,2024-06-18,2026-08-29,44,Female,U.S.A.,Silver,26,644.34,no
953180156,2025-07-21,2026-05-30,64,Male,Canada,BRONZE,7,247.69 USD,No
264667331,2026-05-12,2026-05-12,40,Male,,bronze,1,55.29 USD,Yes
800971113,2022-01-10,28-Aug-2026,52,F,United Kingdom,Bronze,16,549.64,no
592658809,09.02.2021,22-Aug-2026,45,Female,Mexico,slv,32,1378.21,No
899077021,07-Apr-2024,2026-03-01,59, Female,Can.,Bronze,7,128.74,Yes
311633971,2022-07-05,2026-09-06,34,Female,US,Silver,-15,2101.68,no
127516937,12/04/2025,01/07/2026,46,femail,United States,Bronze,1,47.84,Yes
310053624,04/08/2024,2025-04-20,45,Female,Germany,Bronze,15,340.83,Yes
864384200,2023-02-07,08/24/2026,39,F,United States,GLD,24,1846.24,N
360226965,"October 12, 2023",2026-07-18,33,male,Great Britain,Bronze,1,40.06,NO
382365476,2022/04/17,2026-06-30,55,Male,United States of America,Gold,30,2495.33,No
974565099,2023-06-20,2026-08-19,71,Female,Germany,Silver,23,738.38,FALSE
460193171,2022-11-24,2026-07-04,50,Unspecified,U.S.A.,bronze,1,42.9,No
239504642,2023-06-19,2026-08-08,35,FEMALE,Mexico,Gold,26,2894.8,No
911518746,2026/01/07,2026-08-18,41, Female,United States,Silver,13,N/A,No
101039466,2026-06-02,2026-06-02,31,male,MX,Bronze,1,56.52,Yes
579853095,2023-05-14,05/24/2026,43,Male,USA,none,24,1035.83,no
824716954,05/18/2026,,74,F,Mexico,Bronze,0,0.0,Yes
185685820,2023/04/03,2026-08-16,38,Male ,US,Gold,36,2955.54,0
201571071,2025-01-23,09/04/2026,58,M,DE,Bronze,11,348.69,0
236182587,2024-04-14,,60,Male,Germany,Bronze,1,75.9,No
609722347,2021-11-14,2026-06-25,34,Female,India,BRONZE,3,-138.52,No
183333786,2025-02-24,2026-07-12,58,female,United States,Silver,18,772.9,No
397302496,2024/12/07,2026-08-30,54,Unspecified,US,Gold,25,2935.07,no
712493801,2022-08-24,2026-07-20,37,Female,United Kingdom,Bronze,3,85.85,no
362102663,2019-09-24,2026-07-30,40,Male,usa,Gold,53,"$1,825.91",N
951018270,2023/07/16,"September 07, 2025",56,,USA,Bronze,-999,358.33,Yes
314390475,"May 23, 2023",2024-02-08,55,Male,India,,13,755.12,Yes
847746925,24.11.2021,2026/07/30,30,Female,US,Gold,62,3281.26,No
871221659,2025/04/20,07/15/2026,43,male,USA,silver,5,1312.96,0
617907612,07.09.2022,2026-03-01,,male,India,bronze,8,184.71,Yes
519356859,2023-08-27,2025-02-24,39,Other,Great Britain,Bronze,2,228.75,yes
730219466,2022-09-18,2026-08-11,58,Male,United States,Gold,-30,2659.76,No
424152907,"August 13, 2023",,30,M,U.S.A.,Gold,35,2584.6,No
842878189,05/10/2025,2025-05-10,41,Female,United States,Bronze,3,150.48 USD,Yes
518430363,2022-11-17,06/19/2026,43,m,United States,silver,16,1486.74,0
771763409,2023-03-17,25.04.2026,30,male,United States of America,Silver,8,500.55,no
904468322,2022/06/11,2026-08-20,33,female,US,Silver,35,1292.12,No
786914786,2021-01-05,2026-07-27,75,Male,U.K.,Bronze,11,706.01,0
799414490,,2026-08-21,45,male,USA,silver,43,-1003.34,No
562193960,04-Apr-2022,2026-07-25,57,F,United States of America,Silver,23,590.23,No
480778791,2021-06-24,"July 21, 2026",57,Male,United States,Silver,29,571.25,No
440850980,2023-03-15,,51,Male,US,Silver,14,"$1,146.27",N
530328896,2021-06-24,2026-08-22,51,MALE,United States,Gold,46,4331.73,No
976053959,2021-11-20,2026-07-20,41,Female,United States,Gold,56,-2931.64,No
264626769,2024-06-07,2026-07-20,27,Female,usa,Gold,27,2328.23,0
310539569,2024-02-17,14.07.2026,24,Female,DE,bronze,4,195.28,No
442095922,10/30/2024,2024-10-30,33,male,Germany,Bronze,2,$55.96,yes
246003837,2024-11-02,2026-09-01,47,Male,U.S.A.,Bronze,25,313.76,No
485843798,2024-09-16,2026-05-31,33,Female,unknown,Bronze,2,80.35,0
442364292,2023-11-20,08/19/2026,54,Male,US,Platinum,41,3483.5,No
953949074,"October 26, 2024",2026-08-08,27,Female,Australia,Silver,33,619.94,0
577796735,2023-01-01,06.12.2024,54,Male,united states,BRONZE,2,109.85,Yes
968124812,2023-08-16,"August 22, 2026",31,Female,United States of America,Gold,31,2401.68,no
662531778,2022-10-11,11/09/2025,28,Male,,Bronze,8,413.33,Yes
531476815,2024-04-15,2025-08-19,53,Male,Canada,Bronze,3,140.2,yes
557265617,18-Jan-2024,2026-08-28,33,Unspecified,australia,Silver,20,1162.07,0
776792046,2021-04-26,2026-07-24,36,M,United States of America,Silver,8,847.35,No
774521120,2020-12-16,2025-07-05,35,Female,US,BRONZE,2,157.33,1
748558776,2025-10-04,2026-07-30,59,Male,Canada,Bronze,1,57.86,N
432998877,08/19/2022,06/20/2026,39,Male,Canada,Gold,37,,0
863062611,06/05/2024,2026/08/07,45,male,United States,  gold ,17,2623.38,N
255299533,2022-11-17,2026-06-14,34,Male,usa,Bronze,4,$105.65,N
529678218,2022-02-27,"June 24, 2026",36,male,USA,SILVER,13,1067.25,No
907760806,"November 02, 2023",2026-03-01,43,M,Canada,SILVER,9,674.28,Yes
101019688,2026-01-25,25-Jan-2026,47,Female,BR,  Bronze ,1,53.26,TRUE
973387132,2025/10/20,09.02.2026,34,male,USA,Bronze,2,133.58,Yes
609418675,10/12/2025,2026-08-01,22,Female,United States of America,Bronze,2,68.39,FALSE
649351347,21.09.2019,2026-03-01,52,FEMALE,brazil,Bronze,2,139.58,Yes
988254486,2023-05-12,2026-07-31,?,Female,usa,silver,9,689.06,No
641720228,01-Jun-2022,2026/08/28,44,Female,united states,Gold,36,4300.56 USD,No
669314239,"March 02, 2022",14.07.2026,47,Female,Australia,Gold,36,2121.93,no
673097864,"December 20, 2021",08/25/2026,34,Female,England,Silver,15,757.5,No
550377766,2023-06-16,2026-03-01,44,F,India,Bronze,4,180.65,Y
990949203,2025-10-02,03/01/2026,45,female,United States of America,brz,5,243.85,Yes
625140912,2023-09-07,2026-06-29,70,Female,Canada,Silver,16,733.3,No
683393760,07/22/2024,2024-12-03,22,Male,INDIA,Bronze,1,37.29,TRUE
469976576,05/29/2025,06/19/2026,39,male,United States,Silver,18,$571.82,N
343167543,2023-04-21,2026-08-30,26,M,United States,Bronze,3,236.32,No
921948835,2020/10/20,02.09.2026,26,Other,United States,Silver,18,1089.02,no
426210730,12/23/2023,2026-06-25,,M,United States,Gold,32,"$3,539.34",NO
106823128,24-Jul-2023,31-Jul-2026,41,Female,United States of America,Gold,18,1458.54,No
901098236,05-Aug-2025,2026-07-19,25,MALE,Australia,Bronze,1,missing,No
586760210,"February 15, 2025",,28,Male,USA,Bronze,0,0.0,Yes
321399180,2026-04-03,04/03/2026,18,Female,Mexico,Bronze,1,$46.90,Yes
544406049,2025-06-10,2026-07-21,N/A,MALE,United States,bronze,6,345.43,
210754061,"November 03, 2023",2026-08-06,69,Female,CANADA,Silver,,555.19,No
651146737,2022-01-25,2026-08-16,31,Male,United States of America,Bronze,7,113.32,No
494360153,05/14/2021,2026/08/31,55,Male,UK,gold,48,2372.73,No
473164427,"January 10, 2023","July 09, 2026",41,Male ,N/A,brz,3,619.37,0
958684186,2022/10/21,09/03/2026,38,Other,CA,,NULL,1572.21,No
253977119,2024-02-15,12-Jun-2026,45,MALE,MX,bronze,21,559.04,No
299926478,2024-07-07,03/01/2026,68,male,usa,Bronze,3,95.01,Yes
864362574,"August 08, 2020",2026-07-16,29,M,brazil,SILVER,27,705.23,N
216058640,28.07.2025,10/29/2025,32,N/A,USA,bronze,6,196.69,yes
975267777,2022-01-06,12.11.2024,51,Female,USA,Bronze,4,252.05 USD,Y
516741457,2025-03-23,2025-03-23,55,Male,Canada,Bronze,13,592.06,Y
709486555,06-Nov-2021,2026-08-24,26,male,Canada,Platinum,36,3620.27,N
563106738,05/14/2020,2026-08-15,36,Male,United Kingdom,Gold,32,3379.42,N
342648418,2024-02-11,2026-07-26,37, Female,United States,slv,23,904.58,NO
170585344,09/19/2025,2026-08-21,36,Male,Mexico,Bronze,9,377.28,no
159976475,2025-04-21,2026/07/09,70,male,United States,slv,8,1131.86,No
519930443,12/22/2025,,50,Male,United States,N/A,4,123.91,Yes
571345076,2026-02-25,,36,Female,United States,BRONZE,-1,0.0,Yes
564544951,04/20/2025,2026-08-28,NULL,,United States,silver,25,1450.24,No
432123495,26.04.2022,2026/08/27,30,other,DE,Silver,6,914.0,N
610073190,2024-04-30,,42,Male,AUS,BRONZE,0,0.0,Y
266407310,2024-03-11,08/15/2026,28,Male,India,gold,49,2655.4,No
298053562,2026-04-18,,31,female,México,bronze,0,0.0,Yes
127171534,2024-02-22,2026-08-17,31,m,united states,Silver,,539.74,No
455489013,2025-10-12,10/12/2025,32,Male,United States,Bronze,4,349.08,
458108473,2021-09-03,08/31/2026,35,Female,United States,Silver,19,"$1,291.39",No
143156526,2026-06-20,,20,Female,US,Bronze,0,0.0,yes
620924262,2025-11-01,2026-07-08,31,female,United States,Silver,5,903.57 USD,unknown
858106580,2025-06-03,2026-09-01,46,female,canada,silver,13,$843.17,0
589226830,08/15/2023,13-Aug-2026,50,F,United States of America,Bronze,9,384.55,No
676425703,2023/11/13,01.03.2026,57,M,AU,Silver,8,538.35,Yes
150013474,2023-10-10,07/09/2026,57,Male,United States,Bronze,16,136.55,No
312451235,07/02/2022,07/31/2026,55,Female,United States,Silver,12,-,0
797113186,2024-10-22,2026-06-05,30,other,United States,Silver,13,945.05,No
366650257,"August 19, 2019",2026/07/27,33,Female,USA,Silver,N/A,989.43,FALSE
133827668,2023-02-12,2025-04-23,53,Male,uk,Bronze,13,443.98,Yes
807570989,2023-02-05,2026-07-25,58,Female,Great Britain,Silver,24,1738.83,No
717551395,11.02.2026,08/11/2026,61,Female,CANADA,Bronze,5,342.38,No
136500810,2023-08-23,08/28/2026,21,female,United States,silver,10,469.64,No
967633333,03/15/2024,2026-03-01,34, Female,India,Silver,9,562.93,Y
298791244,09/08/2024,07/09/2026,67,Female,United Kingdom,Silver,18,1532.38,No
152311794,2025-08-23,,62,Female,United Kingdom,brz,0,0.0,Y
343222985,31.05.2025,2026/08/09,36,Female,United States,Silver,4,$692.26,N
326119473,2024-05-05,18-Aug-2026,28,FEMALE,United States of America,Gold,13,2020.65,No
355942466,2023-05-06,2026-06-20,72,Female,United States,Silver,20,1702.82,No
361928382,2022-07-04,07/27/2026,37,Unspecified,United States,Silver,28,1402.1,No
358350261,15-Feb-2025,2026-08-31,NULL,female,United Kingdom,Bronze,8,412.93,FALSE
232088446,2022/05/07,2026-06-14,62,Male,Brazil,Silver,28,908.27,No
394285963,2024-04-01,07/21/2026,21,prefer not to say,DE,  Gold ,44,3143.09,No
295954147,02/06/2021,07/22/2026,35,F,United States,silver,9,919.96,No
875634803,03/05/2025,04-Aug-2026,22,M,United Kingdom,SILVER,13,864.12,No
252214693,"October 30, 2024",2026/07/29,,F,UK,Bronze,4,418.0,0
212602097,02/17/2024,2025-11-24,23,Male,U.K.,Bronze,3,137.42,Yes
479645084,2021-03-27,2026-08-12,58,f,Canada,GOLD,50,"$3,587.69",no
831583168,2024-04-30,2026-08-28,56,female,usa,Silver,32,943.63,No
569363974,05/13/2023,2026-08-14,53,f,México,Silver,33,767.5,No
268574812,2026-06-29,2026-06-29,57,Male,United States of America,Bronze,2,149.48,1
919895723,2025-05-18,09.08.2026,23,F,Germany,,16,945.62,No
332954520,03/04/2025,2025-03-04,38,Female,Deutschland,Bronze,3,-153.11,Yes
589740006,05/06/2022,03/01/2026,24,M,England,Bronze,3,217.49,Yes
480588236,2024-01-30,not available,24,Male,United Kingdom,Silver,15,1122.83,No
798332061,2024-07-13,2026-08-25,32,Male,usa,Silver,9,822.65,0
818088402,10/12/2022,08/26/2026,70,M,australia,Silver,21,900.43,No
673307732,"June 18, 2026",2026-06-18,53,femail,US,BRONZE,1,46.19,Yes
697067645,2026-07-29,2026-07-29,44,Unspecified,canada,BRONZE,1,28.66,yes
847275957,2026-03-09,,46,F,India,BRONZE,0,0.0,Yes
134742546,2024-08-13,2026-07-20,62,Male,USA,SILVER,14,1464.7,No
769828925,11/13/2022,2026/05/07,59,M,India,Bronze,19,328.15,NO
185694854,31-May-2023,16.06.2026,25,m,United States,gold,33,2259.22,No
734479728,2024/12/23,"September 28, 2025",67,Female,canada,BRONZE,2,183.32,TRUE
145997889,04-Jun-2021,2026-06-24,70,m,United States of America,Gold,6,1602.89,
846704838,08.01.2022,2025/10/29,45,Female,US,SILVER,14,980.93,YES
560137189,2026/05/16,2026-05-16,31,Female,Australia,brz,1,45.37,Y
680119510,2024-05-05,,45,Female,uk,slv,9,858.11 USD,no
268386406,2023-11-29,2026-07-02,30,Female,BR,Silver,20,881.84,0
773460137,2026-01-02,,41,Male,DE,Bronze,0,0.0,yes
322827522,2022-04-12,,28,prefer not to say,Brasil,Bronze,15,419.58,No
706119539,2025-11-25,,51,U,Great Britain,bronze,0,0.0,yes
130015492,2024-08-03,2026-08-19,55,Female,Mexico,slv,7,652.03 USD,No
638656183,2022/04/02,05-Aug-2026,37,f,Canada,slv,16,812.31,No
578992138,2024-02-13,08/04/2026,-,Male,CA,Gold,23,1844.98,No
283107420,"November 05, 2024",2026-07-31,34,Other,united states,silver,15,967.95,No
257573304,2024-09-29,2025-04-01,31,M,Germany,BRONZE,7,$375.55,yes
939528166,28-Jan-2024,07/21/2026,34,Female,usa,slv,10,521.09,No
771828550,2021-09-12,2026-07-24,52,M,U.S.A.,Silver,47,966.08,no
873245756,2023-08-02,2026-08-17,23,Male,United States,SILVER,33,1604.8,No
255428229,2021-12-27,2026-06-29,52,MALE,uk,Silver,,1960.83,No
604793397,15.05.2021,2026-07-15,,Female,United States,Bronze,13,280.54,0
132641752,2024/04/23,2026-07-09,34,Male,United States,Bronze,8,274.42,N
779780380,2022-10-30,2026-07-31,55,Male,USA,Silver,19,587.71,NO
306235753,"June 09, 2022",2026-08-29,28,M,United Kingdom,silver,39,2038.52,FALSE
770147617,2025-03-08,11-Jan-2026,51,Male,India,Silver,10,669.6,Yes
451096111,2024/05/27,2025-10-22,45,unspecified,brazil,Bronze,2,$99.86,Yes
374832403,2021-02-28,2026-08-15,22, Female,United States,Silver,15,922.43,N
388147573,11.08.2022,31-Jul-2026,24,M,United Kingdom,Bronze,9,382.08,0
176468837,06/12/2024,09/04/2026,20,male,Germany,Gold,12,1753.86,N
672376328,11/05/2023,02.05.2026,38,Male ,germany,Bronze,11,154.62,No
671548010,2022-05-15,07/28/2026,NULL,Male ,United States,Silver,14,-742.71,No
409121241,2026-02-03,04.07.2026,40,female,United States,Bronze,2,275.96,FALSE
326710687,"March 06, 2022",2026/07/31,42,Male,USA,platinum,68,5217.33,No
356626418,2026-02-08,"February 08, 2026",41,prefer not to say,United Kingdom,bronze,1,128.27,yes
435287834,11/03/2021,2026-03-01,47,Male,United States,Bronze,-4,417.23,Yes
912482873,"April 28, 2023","February 01, 2026",58,Female,United States,Bronze,4,239.63,Y
149522162,26.02.2025,,29,Female,United States,Bronze,0,0.0,Y
394089421,22-Apr-2023,2026-08-27,25,Female,Australia,silver,19,806.04 USD,No
890943801,2024-04-18,30-Jul-2026,65,Male,USA,Bronze,8,314.64,No
195351044,19-Dec-2025,06.08.2026,46,Male,UK,  Bronze ,2,129.29,No
340167674,2024-01-21,2025-05-09,56,Female,United States,Bronze,3,$135.81,Y
642079298,2022-11-27,2026-06-21,55,Male,united states,Gold,18,2014.12,No
793301085,13-Sep-2025,2026-07-26,37,F,United States,Silver,17,542.25,0
930305550,28.02.2022,05/06/2026,53,Male,United States,Bronze,9,335.49,no
663946030,2022-02-16,"August 04, 2026",47,FEMALE,usa,Gold,41,2820.76,No
968754450,2023/07/14,2026-08-27,59,male,US,Silver,45,1481.07,No
153233612,2022-07-22,08/28/2026,35,N/A,United States,Bronze,6,108.33,No
576152481,2023-04-28,04/08/2026,68,M,USA,,9,401.29,No
864915399,2023-06-01,27-Apr-2026,23,Male,usa,Gold,31,2918.72,NO
437922093,10/27/2021,08/14/2026,68,Male,Brazil,Gold,11,1464.34,No
322411999,04.09.2023,2026-08-21,33,Female,DE,Silver,8,1235.49,No
311148447,09/03/2023,2026/08/29,40,FEMALE,IN,Silver,20,682.24,No
131882056,2024-07-05,08/05/2026,?,female,United States,Silver,19,1026.93,No
206004061,2025-04-27,,54,Male ,usa,Bronze,2,110.05,yes
617490256,01/11/2023,2026-08-13,24,F,USA,Bronze,1,47.98,No
881268992,2022-08-21,2025-08-10,78,Male,Can.,Bronze,4,229.23,Yes
830620877,12/30/2024,08/02/2026,20,Male,Canada,Bronze,14,,No
386342632,2025-07-30,2026-08-02,33,Female,United States,Bronze,12,380.66,No
405342161,07/16/2022,2026-07-26,39,Male,BR,Gold,34,1808.41,No
966138279,2024-10-30,04-Sep-2026,46,Female,U.K.,Gold,28,1924.21,0
138050982,04/08/2022,2026-08-16,67,female,USA,silver,4,766.02,No
366460476,09/07/2024,2026-05-14,59,FEMALE,,none,10,643.41,No
223098865,2022-06-20,2026-07-15,23,female,DE,gold,20,"$1,490.71",No
909917293,13-Aug-2025,03/23/2026,32,Male,IN,Silver,21,1062.76,no
826043213,2023-06-27,"July 22, 2026",52,Female,United States,silver,15,701.95,NO
668913047,2021-08-27,2026-07-29,60,M,,SILVER,27,1281.99,No
828112185,29-Jul-2023,22-Jul-2026,36,Male,Germany,silver,15,1172.71,No
488200120,2024/02/03,2026-08-11,30,MALE,canada,silver,15,665.49,NO
299640793,2020-03-25,2026-08-11,23,Female,United States,Silver,34,2272.23,No
409065180,14-Oct-2021,2026-08-04,52,Female,United States,GOLD,48,3689.8,0
746324372,04/10/2022,2026-06-03,33,male,United States,Silver,20,2236.29,No
843082994,"March 06, 2026",2026-08-31,29,Female,united states,brz,3,285.51,0
917958372,2024-08-11,07/24/2026,21,unspecified,USA,bronze,7,305.84,No
939677223,04-Dec-2022,2026-07-21,23,F,Brazil,Silver,5,594.01,No
695357185,2023-05-26,2026-08-25,57,Male,united states,Gold,21,1886.8,No
542599123,2022-04-21,08/28/2026,26, Female,US,Gold,-39,1778.35,No
619327261,2024-07-20,31-Jul-2026,44,Female,USA,bronze,1,17.17,No
586578140,2025-05-19,2026-07-22,,Female,United States,Bronze,9,457.57,No
576996299,2025-11-26,2026-08-29,49,Male,,bronze,5,447.52,No
810779353,2025/03/09,2026-09-06,unknown,Male,United States,BRONZE,12,$484.81,0
484820956,09/07/2025,2026-08-06,N/A,Male,Germany,bronze,9,439.91 USD,No
241854575,2024-11-14,2026-08-17,41,Male,United States,SILVER,21,1302.98,no
140524222,12/06/2023,26.05.2026,56,Female,CA,Gold,42,3612.85,no
798866534,11.09.2021,2026-07-22,56,Female,USA,  Bronze ,8,300.32,N
584372958,2023-02-27,2026-08-28,40,Male,united states,Silver,28,1602.13,No
678424529,2024-08-21,08/15/2026,35, Female,Brazil,Bronze,18,482.99,No
463426235,2025-01-10,01/10/2025,70,male,Australia,Bronze,5,$253.49,Y
731940075,2022-03-20,2026-08-17,74,female,United States of America,SILVER,12,609.96,N
255701286,2021-01-13,2026/07/27,46,Male,United States of America,Bronze,-14,603.24,No
737553648,2024-12-07,01.08.2026,55,Female,MX,Bronze,5,NULL,No
255040710,2022-02-28,08/23/2026,36,femail,United States,Bronze,6,169.05,No
401118400,2023/01/06,2026-09-02,42,Unspecified,United Kingdom,Plat,51,3870.91,No
416733463,06-May-2022,2026-08-03,39,Male,US,Bronze,6,291.83,N
146661734,2022-12-28,12.07.2026,unknown,N/A,USA,Platinum,41,6199.13,N
853078877,2020-11-16,"August 10, 2026",24,Male,United States,Silver,7,505.23,No
732868642,07/15/2024,2026-07-31,52,Female,AU,Bronze,3,221.06,No
840570289,13.11.2023,06-Sep-2026,29,M,Germany,Silver,22,567.71,0
566890656,2024-07-14,2026-08-31,38,male,United States,Silver,8,746.42,No
801888093,2023-12-01,03/01/2026,,female,United States,Bronze,1,46.4,Yes
920227960,01.07.2026,01.07.2026,47,Female,AU,Bronze,2,196.33,Yes
761668627,2024-12-24,"August 07, 2026",45,Female,US,slv,,757.37,No
297398462,"June 09, 2024",2025-10-25,50,F,United States,Bronze,1,61.33,yes
946665580,2024-10-17,08/11/2026,21,female,USA,silver,11,451.22,N
371835292,"June 13, 2023",2026-02-09,51,Male,United States,brz,2,126.62,Yes
636871696,2024-07-22,2026-07-28,81,Female,US,slv,N/A,1085.11 USD,0
164223488,12.11.2021,06/26/2026,44,,U.K.,GOLD,38,2545.85,No
927294078,13.01.2023,08/04/2026,39,Male,USA,Bronze,6,365.41,no
499535793,2023-04-15,2026-08-31,56,F,CANADA,Gold,38,1845.65,No
348007710,14-Oct-2024,2026/02/21,31,Male,usa,Bronze,5,109.65,Y
119433506,2025-08-23,2025/11/01,64,Female,England,Bronze,1,72.45,Yes
179371041,2024-09-19,05/08/2026,55,Unspecified,United States,Silver,8,1221.07,N
965950410,2023/01/01,2026-08-27,38,Unspecified,United States,slv,18,1616.52,No
830744787,"May 22, 2024",2026-01-14,31,Male,usa,Bronze,1,$67.57,Yes
992932571,01-Mar-2024,09/01/2026,58,male,US,Silver,34,1185.02,N
354822277,2026-03-04,,43,Male,United States,BRONZE,0,0.0,Y
814743000,2022-02-16,"May 04, 2026",60,Female,USA,Silver,77,834.55,No
372913643,2021-12-26,"March 22, 2026",49,FEMALE,USA,Silver,31,1072.39,No
976783863,12.10.2022,2026-03-11,26,male,United States of America,bronze,7,$351.17,no
713099036,07/24/2022,13-Aug-2025,33,Female,United States of America,Bronze,2,38.1,1
844625934,2026-06-20,2026-06-20,44,male,Canada,Bronze,4,$282.81,yes
897881181,2026-02-02,,28,Male,Australia,Bronze,0,0.0,yes
668280890,"June 12, 2023",2026-08-18,61,Female,USA,Silver,14,1990.82,No
804733983,04-Jan-2025,,49,Female,USA,Bronze,0,0.0,Yes
239309531,2024-07-06,04-Jul-2026,21,Male,United States of America,Gold,18,2066.7,No
295347958,20-Apr-2021,2026/07/25,60,N/A,CA,Platinum,74,5664.76,no
379729405,2024-05-14,03/01/2026,38,FEMALE,United States,Silver,4,483.59,1
120810078,2024/11/18,04/11/2026,34,Female,United States,Silver,18,656.93,N
357565582,2024-12-12,2026-06-24,62,MALE,,Gold,27,2182.85,No
112997995,2022-11-30,2026-03-01,,Male,US,Bronze,10,310.01,1
495624026,2023-12-13,,51,Male,United States,silver,13,661.63,1
163522369,2022-10-30,2026-08-07,53,Male,United States,Silver,38,1974.83,0
238186214,2023-05-10,11/12/2025,37,Male,Germany,Bronze,4,368.53,TRUE
979815580,2025-07-18,25-Aug-2026,32,Male,Germany,Bronze,15,587.31,No
872821631,2025-09-03,2026-09-01,59,female,United States,Bronze,9,414.90 USD,No
584847155,06/24/2020,2026-08-25,53,MALE,US,gold,38,1641.41,No
934255851,01.08.2024,,68,Male,United States of America,Bronze,0,0.0,
342651191,2022-05-29,"August 15, 2026",51,FEMALE,US,Gold,40,1831.2,No
302045963,2022-03-19,07/14/2026,30,Male,uk,Bronze,20,476.9,0
687465146,2022-05-21,2026-08-24,43,femail,US,gold,35,1935.7,0
808343418,2023-07-13,,51,Female,United Kingdom,Bronze,0,0.0,Yes
882500105,"June 01, 2025",2026-03-11,27,Male,USA,Bronze,4,282.54,0
982495891,2023-05-18,28-May-2026,62,FEMALE,United States,gold,56,5026.51,No
247466027,,2026-07-21,34,Female,MX,Bronze,3,206.11,No
438528526,20.08.2022,2026-06-19,36,Male,U.K.,bronze,3,60.63,N
211505321,2025-09-07,09/07/2025,43,male,Australia,Bronze,3,376.19,Yes
578046672,2026-05-01,05/01/2026,29,female,usa,brz,1,54.64 USD,Yes
364258690,22.07.2021,2026-06-10,59,,USA,PLATINUM,40,7062.41,No
187954103,2024-04-15,2025-03-20,32,male,australia,brz,2,129.08,1
727747483,03/19/2026,2026-03-19,44,Female,Canada,Bronze,3,181.4,Y
821112449,2025-05-11,2026/08/26,39,prefer not to say,USA,Silver,14,1270.83,No
303950776,15-Dec-2025,2026-08-09,41,F,usa,SILVER,12,1605.78,no
956929111,12/02/2022,05-Sep-2026,39,Unspecified,Germany,Bronze,8,281.19,No
127447570,07/05/2022,22.04.2025,53,Other,Germany,Bronze,3,161.47,Yes
110540986,2026-02-14,2026-02-14,46,female,India,Bronze,1,38.44,Yes
980501154,13.08.2025,,22,Female,United States,Bronze,0,0.0,Yes
579132003,2021-02-01,2026-07-20,31,Male,U.K.,Gold,54,1737.26,no
273272335,20.10.2022,2026-07-30,30,Female,NULL,bronze,18,473.96,No
662026198,2022-08-21,22-May-2026,57,Male,united states,platinum,46,4241.98,No
984846794,2024-06-30,2026-08-31,50,M,India,unassigned,10,697.39,N
748610946,2025-05-06,07/24/2026,20,M,México,Bronze,2,115.84,NO
994698451,2025-08-14,2025-08-14,22,FEMALE,USA,brz,5,370.81,Y
906868390,09-Mar-2022,2026/07/20,61, Female,Deutschland,Silver,6,1523.52,No
567487790,2021-11-07,09/02/2026,26,Female,United States,Gold,52,2392.79,N
195220893,05/30/2024,08/19/2026,63,F,,bronze,12,473.75,No
136506543,"May 06, 2023",2026/07/11,70,F,USA,Silver,22,628.51,N
430524890,2022-07-27,2026-09-03,58,FEMALE,USA,Bronze,3,298.52,N
806826165,"February 18, 2025",2026-07-11,33,Female,United States,Bronze,4,282.22,No
938380073,2022-01-22,28-Aug-2026,53,M,U.K.,bronze,6,216.18,No
361602753,2024/09/17,07/20/2025,45,f,usa,Bronze,5,332.4,YES
140921592,03/05/2022,2025-05-21,33,Male,UK,Bronze,2,37.36,Yes
442422304,31-Aug-2025,03-Aug-2026,31,Female,United States of America,Silver,8,1066.03,N
787899993,2024-06-01,08/22/2026,82,Male,U.S.A.,SILVER,18,"$1,620.05",no
784860600,2020-06-13,2025-06-01,36,Female,United States,Bronze,5,117.66,Y
324708612,07/21/2024,08/01/2026,40,Male,DE,gold,33,2684.79,N
844646063,2025-03-21,2026/08/10,68,Female,USA,Bronze,17,465.0,no
659051609,"December 09, 2021",11-Aug-2026,48,Female,Australia,,17,533.18 USD,no
273335758,2025/12/14,,27,Female,US,Bronze,0,0.0,Yes
572735258,12/30/2023,2026-09-05,37,Male,United States,Silver,7,776.64,No
792945316,2022-08-09,2026-03-11,,Male,US,Silver,7,537.85,N
996642919,2023-03-27,2026-08-24,44,MALE,United States,bronze,2,132.53,No
814013593,17-May-2026,,28,Female,usa,BRONZE,0,0.0,Yes
745725662,"September 10, 2024",,28,Male ,U.K.,bronze,0,0.0,1
373223595,2024-11-05,2024-12-29,56,female,United States,Bronze,1,39.65,YES
174623834,2026-04-01,01-Apr-2026,31,F,USA,brz,3,143.99,Yes
847460772,28-Aug-2021,08/02/2026,39,Female,usa,SILVER,,1519.88,NO
149592491,06/03/2021,2026-06-03,44,Male,United States,Silver,12,N/A,No
637205856,28-Dec-2021,2026-05-05,61,F,USA,Silver,26,1896.01,No
289504217,2023-06-21,19.06.2026,23,M,United States,Silver,21,1328.58,No
142147525,2023-10-29,"July 06, 2026",56,F,United States,BRONZE,9,248.9,0
753340884,2023-10-16,2026-03-01,70, Female,United States,Bronze,11,466.99,Yes
980257612,2023-07-01,2026/03/01,28,Male,united states,Bronze,1,31.36,Yes
346295738,05/15/2025,2026-02-05,25,female,USA,brz,4,334.26,TRUE
272969981,2023-08-06,2026-07-11,NULL,Female,U.S.A.,Bronze,10,245.08,FALSE
737872005,2026-01-03,2026-01-03,32,Male,USA,Bronze,2,$180.41,Yes
845459236,"February 11, 2025",01-Mar-2026,,Male,United States,slv,18,1059.1,TRUE
887164250,2025/08/01,2026-07-26,33,other,United Kingdom,Silver,12,1021.26,No
106841807,03-Mar-2022,2026/02/11,38,M,US,Silver,6,812.59,yes
838384313,13-Jan-2024,2026-08-09,43,female,Mexico,silver,16,1019.52,No
439767425,2025-12-11,14-May-2026,54,Male,U.S.A.,Bronze,2,76.52,FALSE
442610506,2022/08/18,2026-06-30,41,M,US,Silver,14,664.34,No
400866180,2025-05-11,01-Mar-2026,,Female,australia,bronze,2,102.82,yes
200552675,2024-02-26,2026-07-14,24,Female,India,BRONZE,1,71.52,No
658796806,2021-11-05,20-Aug-2026,50,Male,Australia,Silver,15,1075.03,no
588879074,2021-09-23,26.06.2024,58,Male,Germany,Silver,20,1141.64,Y
642704353,2024-07-18,2026-07-16,51,male,United States,brz,8,$188.75,No
448089177,2025-06-07,06/07/2025,35,Male,India,Bronze,1,53.65,Yes
254444667,12/07/2024,03/01/2026,21,MALE,US,Bronze,2,,Yes
930547495,04/24/2023,2025-07-12,33,M,United States,Bronze,21,253.86,Yes
648820695,08/01/2020,2026-08-31,45,male,United States,Gold,18,2127.94,No
168862155,2021-08-06,2026-07-25,60,Female,US,Gold,69,3397.8,no
864224299,2025-05-30,06/28/2026,27,Male,India,Bronze,2,131.25,0
934870493,22.06.2023,18-Jul-2026,45,O,US,  Bronze ,6,451.7,NO
998238797,2023-12-07,N/A,42,Male,Canada,GOLD,52,2751.84,No
129693541,2023-09-06,09/02/2026,NULL,f,MX,Platinum,-999,4983.55,N
420279384,"April 29, 2025",2026-07-22,39,male,Germany,Bronze,7,446.17,FALSE
444599870,2023-12-08,"March 01, 2026",43,F,United States of America,Bronze,4,235.93,Yes
617375648,2025-06-21,2026-03-01,29,female,australia,Bronze,3,321.71,Yes
134326641,"January 04, 2024",2026-06-24,35,f,United States,brz,7,$216.41,NO
394602483,2020-07-29,06/26/2026,40,Male,United States,Bronze,9,429.5,No
814936140,12.04.2023,07/12/2026,,Female,U.S.A.,Bronze,6,279.22,FALSE
751530873,2024-05-08,,24,F,australia,brz,7,595.93,N
749808706,2024-08-19,2026-07-06,53,Male ,United States,BRONZE,5,263.54,0
225167715,22.04.2024,14-Aug-2026,62,prefer not to say,United States,bronze,12,400.19,N
440272417,05.10.2025,2025-10-05,64,male,US,bronze,5,448.22,YES
481769034,"March 25, 2024",16-May-2026,37,male,Canada,Silver,15,523.91,No
912694697,26-Oct-2023,08/13/2026,64,femail,India,Bronze,,46.04,No
796348552,2021-08-05,03/01/2026,32,Male,BR,bronze,2,89.42,1
672369139,2021-11-30,2026-07-24,37,M,Brazil,Bronze,13,302.1,No
176607271,2022-03-26,07/14/2026,39,M,United Kingdom,BRONZE,10,708.65,no
281441332,2024-10-06,2026-08-09,34,male,US,Bronze,7,116.62,no
609576797,2026-02-20,2026-02-20,43,male,United States,Bronze,10,421.26,Yes
200772274,2025-11-03,07/07/2026,49,Male,United States of America,Silver,32,2129.45,
771082100,12/18/2023,2026-08-04,38,F,United States of America,Gold,25,3924.37,No
580033039,2024-12-25,30-Jul-2026,21,Female,United Kingdom,gold,27,"$2,057.33",No
769903428,"January 13, 2024",2025/10/12,27,f,USA,Bronze,8,360.55,Yes
752186736,2021-07-27,2026-06-25,34,Male,USA,SILVER,23,939.51,No
231829975,2024-01-27,"August 29, 2026",23,male,Canada,Silver,27,1003.18,No
174063242,2021/07/13,05-Sep-2026,20,Male,United States,Gold,66,3752.88,No
556124251,08/10/2022,2026-09-01,44,F,USA,Silver,21,1188.05,No
226153587,2022-09-18,08/11/2026,50,F,Brasil,Silver,9,579.31,No
168225057,12/28/2025,,46,MALE,united states,Bronze,N/A,0.0,1
429375236,12/21/2021,"July 17, 2026",32,Male,India,PLATINUM,76,4721.62,No
293669371,2021-01-01,2026-08-13,NULL,Male,United States of America,BRONZE,,388.48,0
829070967,10/06/2023,2026-07-14,68,Female,Australia,bronze,5,92.12,unknown
500950749,2022-11-18,08-Aug-2026,21,Female,United States of America,Gold,19,"$2,090.85",No
444559612,2023/11/14,08/11/2026,?,Male,United States of America,Silver,-18,1410.0,No
391519763,2022-02-22,2026-07-20,27,Female,United Kingdom,Bronze,3,127.23,0
145197502,2024-06-08,2026-08-11,41,Male,Deutschland,Bronze,3,212.29,no
648844783,05/07/2022,02.08.2025,34,Male,India,Silver,22,829.27,Yes
713925530,18.03.2026,2026-03-18,56,Male ,United States,,7,629.2,Y
924113526,09/01/2023,07/28/2026,46,Male,,Silver,20,1490.96,no
528812528,10.08.2019,2026-08-28,42,m,brazil,Silver,19,1077.4,0
966039995,04/12/2024,2026-07-15,33,F,USA,Bronze,4,289.58,No
425766775,2024-09-20,2026-08-11,63,Female,Germany,Bronze,2,82.94,No
333778243,04-Jan-2025,2025-12-11,33,Male,US,Bronze,5,472.79,Yes
433613437,09/21/2025,2025-09-21,38,Male,United States,Bronze,2,134.37,Yes
967071088,2020-09-05,2026-08-20,48,female,U.S.A.,  Gold ,47,3344.53,N
772289015,2024-09-15,"July 03, 2026",,Female,U.K.,Silver,38,,FALSE
929179339,2024-09-15,09/05/2026,50,Male,United States,Bronze,6,326.71,No
634720129,"June 27, 2023",2026-06-28,65,Male,--,Silver,10,547.36,No
629949147,2020-12-03,,?,female,USA,GLD,22,2178.0,No
747256484,02/14/2026,"February 14, 2026",35,other,United States of America,BRONZE,1,40.02,Yes
422953346,2021-12-19,,50,Male,USA,,0,0.0,Yes
502414060,2025-10-08,2026-04-21,-,Female,United States,Bronze,2,90.46,No
723284456,2025-02-10,2026-03-01,41,M,BR,bronze,10,511.99,Yes
382695238,10/30/2021,2026-08-10,27,Male ,Brazil,slv,41,1190.18,No
545392851,2025-07-23,2026-03-01,52,female,India,Bronze,1,26.1,Yes
428862216,2025-11-02,2026-08-25,27,Male,United States,silver,11,674.54,No
310512167,07/06/2024,26-Jun-2026,53,Other,US,Silver,9,742.68,0
746894240,2025-12-22,2026-03-01,N/A,MALE,Canada,,2,381.3,Yes
478304116,2025-02-21,02/21/2025,44,male,United States of America,Bronze,4,189.59,Yes
528077273,23-Nov-2019,2026-06-01,20,Male,United States,gold,27,2677.69,No
577067400,05/14/2023,2026-07-02,20,Female,brazil,Silver,25,835.33,No
468575745,2021-10-07,2026-04-27,43,Male,US,silver,11,1580.25,0
759710527,2025-07-08,07-Aug-2026,33,Female,INDIA,Bronze,2,347.86,No
448240704,2022-06-16,2026-08-23,61,Male,United States,  silver ,10,664.5,No
425929173,2020-07-07,2026-08-20,22,Other,united states,Gold,27,1487.67,no
469590075,,06/16/2025,29,Female,DE,Silver,14,592.65,Yes
451231110,2026-01-22,22-Jan-2026,45,MALE,USA,Bronze,6,184.51,Yes
710086534,2023-04-21,,44,Male,CA,brz,0,0.0,Yes
987078247,05/28/2022,2026-08-11,,f,United States,Silver,37,1349.29 USD,0
281831209,2023-01-22,01-Mar-2026,24,female,India,Bronze,6,345.15,Yes
884089282,05.09.2022,2026-07-03,37,Female,Australia,SILVER,15,771.66,no
577012742,2024-07-15,2026-08-23,31,M,United States,bronze,3,255.17,No
810908844,2023-08-05,2026-03-01,83,MALE,United States,BRONZE,2,49.68,Yes
585935291,2025-04-01,03/11/2026,43,M,United Kingdom,Bronze,11,633.02,No
425015378,22-Jan-2025,2026-08-01,44,M,United States of America,Silver,17,864.11,0
912857933,2025-07-06,06/11/2026,48,Female,United States,  Bronze ,6,236.64,No
856684694,2021/10/11,05/20/2026,77,F,USA,Silver,39,852.37,No
464298255,,2026-03-01,33,f,India,Bronze,4,189.41,Yes
890052260,2025/04/27,2025-04-27,69,Male,India,bronze,1,61.73,yes
577291451,08/06/2025,11/08/2025,32,Male,United States,Bronze,3,$119.38,YES
924841989,03/05/2023,06/09/2026,57,M,canada,Silver,24,1442.11,0
354147761,2019-11-16,2026-07-21,45,Other,U.S.A.,Platinum,122,6616.63,No
963599024,2024-08-14,04/30/2025,51,M,AU,Bronze,6,246.88,Yes
397617430,2023-05-05,2026-07-12,73,f,Canada,Gold,22,3058.32,N
662258888,2021-11-01,2026-08-26,52,F,united states,Bronze,6,377.95,No
820305564,2021-10-13,not available,58,Female,uk,Bronze,12,568.54,No
639373414,2025/03/10,2025-09-19,46,Male,Canada,Bronze,none,502.68,Yes
358194105,2020/04/24,2026-07-13,30,F,Germany,Gold,32,4224.76,0
623353428,2024-09-17,2026-08-05,45,Female,U.S.A.,bronze,9,225.26,No
717143885,2023-05-20,2024-05-08,39,Male,United States of America,Silver,4,500.72,Yes
134735281,28-Jan-2022,08/02/2026,25,female,US,Silver,8,774.25,No
256937105,2022-02-17,24.08.2026,49,Male,Brazil,  Bronze ,14,375.9,no
562522482,2025-08-25,2025-11-23,32,female,USA,,1,36.64,Yes
321411615,2021-10-30,2026-06-21,24,m,US,Gold,35,4320.43,No
240992279,05-May-2024,30-Jul-2026,28,Female,IN,GLD,24,2269.23,No
897607629,"March 16, 2025",13-Aug-2026,25,prefer not to say,usa,Silver,24,992.13,No
177534562,17-Sep-2024,11.03.2025,74,Female,USA,bronze,2,44.88,Yes
464355367,2023-11-26,2025-09-04,43,Female,Brazil,Bronze,9,517.36,Yes
546925500,07/19/2025,2026-07-30,56,f,United States,Gold,10,1962.36,No
298202253,2023-05-05,2026/07/11,37,Female,United States of America,Silver,13,1097.14,No
228518754,"November 22, 2023",04/26/2026,37,Male,UK,Gold,43,3872.19,No
190379274,2024-07-22,2026/08/25,27,Male,United States,bronze,4,355.0,no
803943731,2024-09-08,2026-06-04,28,male,U.K.,Silver,25,636.03,No
564019292,2023-11-15,2025-01-12,28,Female,England,Silver,9,$570.19,Yes
412254589,"September 01, 2025",2026-01-17,52,F,United States,BRONZE,4,214.4,Y
960338502,2024-04-01,2026-07-24,24,Male,United States,Gold,33,2101.84,No
441003136,12/01/2024,2026/07/26,55,male,Canada,Bronze,5,$219.46,0
441810615,2021-10-26,2026-08-25,40,Male,usa,silver,15,1235.61,No
461066324,2022-07-01,30-Aug-2026,31,Other,DE,Gold,26,1949.69,NO
266423231,07/20/2026,,54,male,United States,Bronze,0,0.0,YES
974155410,17-May-2026,2026-05-17,80,F,United States,Bronze,1,81.95,1
801996477,2022-12-21,N/A,54,Male,United Kingdom,Gold,41,1852.33,No
260350313,19-Oct-2024,,48,Male,usa,Silver,8,$463.57,Yes
456080540,2022-09-02,2026-03-11,39,Female,United Kingdom,Silver,16,1237.18,No
727806213,12/09/2023,2026-03-01,,Female,United States,Bronze,8,444.12,yes
144215073,29-Apr-2025,2026-08-24,32,M,United States,bronze,3,252.22,FALSE
300649114,2026-01-12,2026-07-18,64,FEMALE,MX,Silver,3,478.54,no
992346697,02/01/2022,2026-07-08,64,,United States,silver,46,1288.23,No
470081421,06/28/2022,01-Mar-2026,40,M,Australia,Bronze,1,58.86,Yes
451740307,2021-11-14,08/17/2026,30,femail,Germany,Bronze,9,562.69,No
602477049,15-Dec-2021,2026-06-26,39,Male,United States,Gold,43,1870.07,no
691641534,2025/09/09,2026-08-30,39,Male,Canada,bronze,9,553.03,No
523490105,2023-11-02,2026-06-28,31,female,U.K.,Silver,11,604.35,No
291350606,2021-12-29,2026-07-18,52,MALE,U.S.A.,Bronze,8,238.72,No
418289573,2025-05-07,07/11/2026,24,Male,United States,bronze,7,433.14,FALSE
972589379,,2026-05-12,-,Female,United States,Platinum,98,4752.19,No
716788067,2024-01-12,2025/10/20,60,Male ,U.S.A.,bronze,2,102.83,Yes
423197973,2022-06-28,2026-07-07,46,F,India,Bronze,5,180.29,No
906920017,11/09/2023,2025-02-26,36,Female,United States,Bronze,7,242.76,Y
635167848,12.04.2024,2026/08/04,68,M,United Kingdom,Silver,13,1019.55,No
904452110,2023-11-18,2026-09-05,54,Female,Brazil,Bronze,19,$476.80,no
804709931,2024-01-04,17.03.2026,37,Male,india,Silver,18,928.55,No
317994256,2020/07/27,2026-08-12,43,femail,Brazil,Silver,N/A,925.81,No
361758903,"April 28, 2021",08/23/2026,28,Male,uk,Bronze,5,175.82,no
318951052,03/08/2022,2026-08-17,52,Female,US,Platinum,39,6359.04,No
347666934,"August 27, 2022",2026-04-23,28,male,United States of America,Silver,14,804.79,N
502141356,2025-10-19,2025-10-19,41,Male,United States of America,Bronze,1,38.92,Yes
258729294,2023-01-04,06/21/2026,44,Male ,canada,silver,20,945.93,No
644739853,2021/12/03,"August 30, 2026",27,Female,Australia,Bronze,3,123.73,No
923111635,2021-04-05,23.06.2026,47,m,Brazil,Gold,44,2050.67,No
643341460,"July 18, 2021",06/22/2026,46,Female,usa,Gold,66,3453.98,No
136335424,09/17/2024,2026-07-04,32,Female,canada,Bronze,1,52.53,0
555942866,,19-Aug-2026,36,Unspecified,IN,bronze,3,$137.91,No
493563806,19.03.2024,,53,Female,USA,Silver,9,936.41,No
721273176,2023-03-07,06/07/2026,41,f,U.S.A.,Bronze,16,381.14,no
754746024,"December 09, 2023",2026-07-30,34,female,IN,silver,11,850.69,No
499510611,2024-06-04,2026-03-01,-,Male,Mexico,Bronze,4,64.95,Y
350214982,2025-10-11,"June 16, 2026",50,M,AUS,silver,4,777.58,No
473553580,2021-10-26,2025-04-23,19,Male,United States,Bronze,1,44.88,Yes
406904496,2023-02-07,2026-08-14,59,Male ,UK,Silver,54,1337.11,No
252967318,2021-06-22,11/23/2025,81,Male,United Kingdom,Bronze,7,406.0,Yes
815210071,2024-02-17,08/06/2025,49,M,india,Bronze,2,136.69,yes
485920667,05/01/2024,2026-08-26,59,Male ,United States,Bronze,18,382.49 USD,0
867370232,2020-07-28,2026/05/08,20,Female,United States,Gold,44,1744.49,0
614935177,04/10/2025,,43,femail,United States,Bronze,0,0.0,Y
683632872,10/21/2021,07.08.2026,50,Female,United States,Silver,4,-,FALSE
843153640,05/25/2020,"September 05, 2026",N/A,Female,United States,bronze,2,176.65,NO
805341868,2025-03-10,2026-07-03,69,female,United States,bronze,12,476.14,No
813403802,04/03/2026,,32,F,USA,,0,$0.00,YES
858940113,2023-07-28,07/27/2026,62,male,USA,Bronze,8,209.43,No
732435438,2021-11-13,2026-04-03,59,Male,,Gold,45,3050.01,N
803938300,08/27/2023,2026/07/12,30,FEMALE,United States of America,BRONZE,11,446.29,No
114212063,2024-07-15,,48,F,Australia,Bronze,0,-317.18,Yes
255781791,30-Sep-2025,2026-01-19,28,Male,United States,Bronze,1,28.44,Yes
536703556,2024-03-22,07/24/2024,40,Male,Brazil,Bronze,N/A,508.44,Yes
701818207,14.05.2024,12-Aug-2026,-,female,United Kingdom,slv,16,1176.26,No
694781151,2024-03-12,,57,M,United Kingdom,Bronze,0,0.0,TRUE
825861697,2021-02-03,2026-08-17,34,Unspecified,usa,Platinum,112,8671.47,No
129212702,2020-01-08,2026-08-15,36,male,United States of America,Platinum,80,"$16,100.29",FALSE
831066659,2023-12-04,05/11/2026,62,Male,United States,Bronze,-8,$306.14,No
693387278,2023-07-07,2024-03-01,72,Female,United Kingdom,brz,5,176.89,Yes
432024895,2023-11-07,2026-08-22,44,Female,United States,silver,7,515.79,No
559836543,2023-07-20,2026-08-25,48,Male,Brazil,Bronze,9,439.28,No
533804699,"April 04, 2025",26-Aug-2026,75,Male,Brazil,Bronze,12,563.94 USD,N
803608563,"February 18, 2025",2026-08-29,34,M,India,Bronze,6,522.44,No
780131570,11/21/2022,2026-07-10,26,Male,Australia,Platinum,53,4936.5,No
570529986,2024/01/18,05/16/2025,44, Female,Canada,Bronze,1,37.05,Yes
713816160,2022-02-12,2026/08/19,51,Female,Canada,Bronze,7,442.73,N
950285849,25-Feb-2025,14.07.2026,28,Male,usa,Bronze,5,276.5,No
523229385,2023-11-13,2026-08-16,32,Other,United States,Bronze,NULL,252.78,NO
402420944,22-Mar-2022,N/A,61,Male,US,gold,23,2440.48,NO
362827037,2024-04-04,2026-07-18,56,Female,United States,  Silver ,28,1384.36,No
394325163,2020-06-25,2026-08-04,26,Male ,United States,none,37,6845.98,NO
871494471,08/23/2023,19.07.2026,35,Female,U.S.A.,Silver,13,865.36,No
744323594,17.03.2023,08/13/2026,29,non-binary,US,Silver,13,526.95,No
243571212,2022/10/25,2026-04-21,42,Female,Canada,Gold,62,3104.12,0
891453943,2024-11-10,2026-07-23,52,Male,United States,SILVER,9,608.14,No
998267757,2021-01-11,2026-06-22,38,M,BR,Silver,18,1141.93,0
641834218,2025-02-12,,53,Male,germany,Bronze,0,0.0,Yes
597474661,2020-09-28,2026-09-03,54,F,BR,Bronze,9,383.31,No
362298489,2020-08-27,2026-06-18,47,F,United Kingdom,gold,22,2040.25,No
283843167,01/09/2024,02/09/2026,47,M,United States,Bronze,2,190.83,Yes
873107847,2024-10-21,"July 10, 2025",51,Male,CA,brz,2,235.96,Yes
194238836,02/20/2026,0000-00-00,26,Male,INDIA,Bronze,1,60.6,yes
562465579,2020-04-29,2026-07-08,35,M,USA,Gold,73,4260.41,No
574446907,2023-07-26,28.06.2026,49,male,United States,Bronze,15,639.32,No
862762783,2024-10-23,10-Jul-2026,46,Female,U.S.A.,Silver,20,465.14,N
990444660,11/22/2021,2026-06-14,56,Male,United States,silver,28,1166.98,No
889375621,2025-08-14,2026-07-12,34,non-binary,Brazil,Bronze,6,361.24,No
342313821,2022/11/28,05/20/2025,20,female,Australia,Bronze,2,149.55,Yes
396972924,2022-04-06,2025-07-12,26,Female,India,Bronze,9,229.54,Yes
533945712,11.11.2021,07/24/2026,65,M,USA,Platinum,36,4256.64,No
147382203,2023-09-11,2026-08-09,87,Male,United States,Silver,21,-931.36,No
574131251,05/16/2025,08/14/2026,69,Female,Germany,Bronze,11,343.24,0
379595096,2024-05-10,2026-08-20,26,Unspecified,,SILVER,NULL,1508.31,0
913487853,2024-11-21,2026-08-08,39,Female,US,Bronze,2,119.06,No
550336605,2022-11-07,2026/03/01,37,Female,US,bronze,1,42.54,1
663337587,2023-05-31,2026-05-29,42,M,Canada,Gold,23,2380.0,N
399510793,08/28/2024,2026-08-31,39,Male,USA,Bronze,6,$271.39,NO
124652518,06/23/2025,17-Jan-2026,51,other,united states,  Bronze ,1,$13.70,Y
212004071,2023-09-18,2026-04-26,46,Male,United Kingdom,Gold,24,2267.06,No
577242688,2025-09-26,26.07.2026,33,Female,US,Silver,18,1673.17,no
302105596,2020-10-27,2026/08/17,75,Female,UK,gold,32,1812.55,N
695376450,02/24/2024,2026-08-23,72,Female,United States,,11,437.56,No
681669353,29-Dec-2020,2026-07-28,54,F,united states,silver,33,685.88,NO
281937753,2021-12-23,2024-05-22,26,M,United States,silver,8,500.81,YES
380665105,2026/07/06,0000-00-00,48,F,united states,Bronze,0,0.0,Y
674640124,11/11/2021,25.08.2026,28,MALE,US,Bronze,10,400.11,0
935922942,2025-03-04,2026-06-24,71,Female,United States,silver,19,788.05,no
388499872,2024-09-26,07/18/2026,39,Male,Mexico,silver,17,1121.71,
558838557,2025-09-18,2026-07-21,47,Male,United States,Bronze,3,305.87,N
567390319,15-Oct-2022,08/23/2026,27,female,Brazil,Gold,44,2117.45,No
260455034,2024-12-07,18.12.2025,N/A,Female,unknown,Bronze,8,N/A,Yes
885476249,"August 10, 2022",2026-05-05,42,Unspecified,INDIA,SILVER,14,1040.89,No
213877739,2023-12-17,17-Jul-2026,58,female,mexico,Silver,16,1311.50 USD,No
277296778,2020-06-20,2026-08-10,45,U,CA,BRONZE,23,496.05,No
939446499,2025-12-30,2026-08-31,31,F,DE,Bronze,5,354.95,No
687377424,2023-03-29,2026-07-30,42, Female,United States,  Bronze ,3,123.0,N
353982820,2024-07-27,2025-10-18,74,Male,USA,Bronze,4,303.79,Yes
585072657,2021-10-15,2025-07-08,30,f,United States of America,Bronze,7,467.2,Yes
232343294,2019-10-05,2026-07-21,27,Male,US,Platinum,51,4339.98,no
873375315,17-Jun-2024,29.07.2026,27,male,United States,brz,3,86.54,0
774746698,08/18/2021,2026-08-05,66,Male,CA,Bronze,7,410.3,No
867110770,2025-01-31,2026-04-16,35,Male,Canada,Silver,11,922.34,N
273955385,03/04/2024,2026-07-16,67,Female,US,Silver,12,$721.48,FALSE
438628184,05.04.2024,2026-04-03,39,male,United States,Silver,-21,"$2,275.28",No
978733678,"February 11, 2023",,73,Male,United States of America,Silver,none,1066.62 USD,No
558718671,"August 09, 2025",08/14/2026,70,Female,USA,BRONZE,5,417.37,No
196260324,"March 24, 2020",2026/08/04,36,Unspecified,United Kingdom,SILVER,10,737.38,N
247990211,11/17/2025,2025-12-12,47,Male,Australia,silver,-4,440.28,yes
937156915,09/10/2023,2026-08-13,75,m,canada,Plat,74,"$10,164.91",N
178646586,11/25/2023,25-Jun-2026,64,FEMALE,Canada,Bronze,19,522.2,No
624320861,2022-07-31,2026-07-31,27, Female,India,Silver,18,958.28,No
576427427,11/22/2024,2026-07-26,81,Other,Canada,SILVER,12,1117.14,no
720062301,2025-04-18,2026-08-24,64,F,India,Bronze,6,404.41,No
324923956,11/16/2025,2026-03-01,49,F,United States of America,Bronze,1,29.27,yes
610133255,2023-02-06,2026-08-20,38,male,United States,Silver,17,1655.71,no
201233029,2025-07-11,2026-07-01,52,male,Australia,Bronze,5,235.51,No
284400165,07/09/2022,2026-08-06,65,F,United States,Bronze,3,159.61,FALSE
485864574,29-Oct-2022,2026-04-17,25,Male,India,Plat,31,4453.59,No
181255058,12/01/2023,04.07.2026,50,M,Australia,Bronze,15,219.47,No
747329274,25-Apr-2022,11-Aug-2026,64,male,AU,Silver,16,795.62,No
568512381,09.07.2023,07/08/2026,31,prefer not to say,United States,SILVER,34,1143.19,No
589985271,10/23/2023,2026-08-26,?,FEMALE,Brazil,Gold,18,1684.76,NO
189066811,2023-04-16,29.05.2026,23,Female,MX,NULL,27,2202.8,0
123735990,2025-09-29,,22,MALE,U.K.,bronze,9,417.47,No
787463078,07/28/2025,2026-06-28,28,Female,United States,Bronze,1,60.29,No
813209597,06/03/2022,04/10/2026,22,Female,US,Silver,19,936.38,NO
429685531,2024-12-13,,52,Male,Canada,Bronze,0,0.0,TRUE
190143503,2024-07-03,17-Feb-2026,N/A,female,England,,12,323.04,yes
493320251,2022-12-04,"June 25, 2026",26,Female,UK,gold,32,2893.54,No
131825620,03/16/2023,2026-08-18,,Male,United States,gold,22,2078.02,NO
287542400,"October 14, 2022",2024-03-22,27, Female,--,Bronze,3,196.29,Yes
276324278,2021-09-05,26-Oct-2025,25,Female,Canada,Bronze,11,353.02,YES
488414873,2024-09-23,2026-07-09,69,Female,United States,SILVER,,1181.91,FALSE
562836682,2022-08-09,2026-07-09,44,Male,USA,slv,18,1496.29,NO
934850569,2023-08-13,16.07.2026,30,Female,United States,Gold,20,2172.6,N
289101346,2024-12-30,15-Jun-2026,65,Unspecified,U.K.,Bronze,1,52.91,No
755959308,04.10.2023,2024-11-15,?,Female,MX,Bronze,6,197.76,Yes
485239402,07-Oct-2025,2026-06-22,45,Female,Brazil,bronze,7,272.85,No
393172114,08/30/2024,12/16/2024,26,N/A,United States,bronze,3,128.42,Yes
137198726,12-Oct-2022,07/21/2026,47,m,USA,GOLD,28,2991.99,no
443068721,2022-12-03,2026-03-01,27,Male,Canada,Bronze,1,38.45,Y
883695646,2023-02-03,2026-06-27,38,,Brazil,Silver,41,1384.84,N
656537893,03/13/2020,,57,M,usa,Platinum,57,4383.48,NO
939255502,10/19/2025,10-Jun-2026,25,Female,United States,Bronze,11,496.45,No
156150107,08/18/2024,06/28/2026,27,Male,australia,Bronze,7,300.71,No
193746287,06/20/2023,,34,Female,USA,brz,3,207.21,Yes
519862503,2026-05-21,2026-05-21,42,Male,,BRONZE,1,81.48,Yes
936618674,2023-06-18,08/21/2026,31,Female,UK,gold,38,2762.79,No
946129087,2023-08-02,2026-08-01,45,m,IN,Gold,29,3211.49,No
701336251,11.03.2025,2026-08-07,48,Male,Germany,Silver,18,1904.07,NO
689598391,10/03/2025,2026-07-10,54,Female,United States,SILVER,17,1247.33,No
843235698,05/11/2026,2026-05-11,-,F,canada,Bronze,NULL,12.11,Yes
769792410,11/15/2020,2026/08/17,69,Female,Canada,Platinum,53,4267.35,No
169306108,16.01.2023,2026-08-04,45,N/A,Canada,Silver,9,1238.24,NO
940105321,05-Feb-2024,2026-07-01,25,Female,United States,Bronze,12,449.09 USD,No
745943689,29-Jan-2021,,66,FEMALE,United States,Silver,8,1019.3,N
806957401,2021-06-23,08/20/2026,24,F,Mexico,gold,43,2291.21,No
947208082,01/24/2026,30-Jul-2026,25,F,United Kingdom,Bronze,5,359.42,No
576127014,2023-11-02,"August 13, 2026",30,Female,india,GOLD,44,3585.4,No
491940838,2024-01-04,06/15/2026,37,Female,US,Gold,29,3469.93,No
144106886,01/21/2025,2026-03-11,70,male,United Kingdom,Bronze,5,249.59,No
313026925,2024-06-05,2025-10-08,45,Male,USA,Bronze,5,289.09,1
425763956,17.10.2025,2025/10/17,51,m,US,brz,1,$43.61,1
432086931,01-Jul-2025,19-Jul-2026,47,F,India,SILVER,7,735.08,no
242531333,06/07/2025,2026-08-08,41,F,United States,  Bronze ,2,198.92,FALSE
386688930,2023-08-09,2025-05-22,34,Unspecified,australia,Bronze,1,65.99,Yes
415699340,21.09.2024,2026/07/13,24,male,UK,Bronze,2,167.45,No
534361358,,2026-08-07,51,Female,United States of America,Gold,50,"$2,693.58",No
755861330,2025-04-15,2026-07-16,48,F,Mexico,Gold,23,2257.72,No
841110165,12/17/2024,2026-07-01,?,Female,india,Bronze,2,132.27,No
645518478,2025-09-24,2026-08-07,34,Male,USA,Bronze,15,513.96,No
676329429,03.10.2021,2026-09-04,34,M,United States,none,6,458.17,No
715045016,07/02/2024,2026-04-06,62,Female,United States,Silver,40,1698.32,No
505564563,2021-01-16,2026/08/07,23,M,United States,GLD,19,2196.76,No
709610454,07-Dec-2025,03/01/2026,31,Other,India,Bronze,2,59.01,yes
926386609,06.10.2024,2026-08-08,56,Male,United States of America,Bronze,8,$311.94,no
730216683,06/02/2025,2025-06-02,68,Female,BR,Bronze,1,146.53,Yes
320068742,04/23/2025,,56,male,USA,brz,0,0.0,Yes
914034682,2024-01-15,08/07/2026,41,Female,Mexico,Bronze,1,86.82,No
300921803,2025-05-23,05/18/2026,NULL,M,Great Britain,Gold,21,2020.95,No
777350120,05-Apr-2025,01-Mar-2026,28,F,USA,Bronze,1,110.89,Yes
970816791,03/13/2024,2024-03-13,33,Male,United States,brz,9,279.89,TRUE
967670463,2023/11/22,2026-06-28,52,F,United States,SILVER,34,706.85,FALSE
727841536,10-May-2023,07/12/2026,41,Female,usa,Gold,60,2887.23,No
750062822,"September 30, 2025","August 03, 2026",24,,US,Bronze,8,346.06 USD,No
320930281,2023/11/27,2026-08-07,49,f,AUS,Silver,23,1717.99,No
598874366,2024-06-06,2026-08-14,24,F,usa,BRONZE,4,144.88,0
909596524,2025-05-24,2025-11-26,40,male,uk,Bronze,2,59.1,Yes
694591340,2025-01-12,07/24/2026,34,Female,MX,bronze,5,281.43,N
407568419,2026-06-21,2026-06-21,32,F,CANADA,Bronze,1,95.14,Y
907120488,13-May-2020,2026/08/16,43,female,United States,Silver,22,914.37,No
862568181,2025-02-19,,40,Female,Canada,Bronze,NULL,0.0,Yes
688467589,2023-10-05,05/02/2024,58,male,Can.,BRONZE,1,124.52,yes
570612898,2023-09-22,2026-06-19,69,F,USA,Silver,15,"$1,070.30",No
153377967,2024-09-06,2026-08-28,34,Female,BR,Silver,16,1594.58,No
253670456,2025/10/23,2026-07-16,33,F,United Kingdom,Bronze,7,343.25,no
573702548,12/09/2022,07/16/2026,86,Female,United States,Silver,6,667.69,No
820386181,28-Feb-2023,08.08.2026,58,Male,India,Bronze,9,201.81,no
795310590,2025-05-04,2025-05-04,51,female,United States,Bronze,6,366.3,TRUE
658776704,11/08/2024,01-Mar-2026,63,Male,Deutschland,bronze,8,615.46,yes
259434871,2024-04-28,07/08/2026,58, Female,United States,Silver,31,1057.4,No
178162854,2025-05-27,2026-03-01,21,Male,England,brz,7,202.82,Yes
569984592,2023-08-30,2026-08-29,43,Male,Germany,Silver,15,1429.17,N
655879614,2025-12-20,2026-07-21,28,F,usa,bronze,2,161.32,0
125897353,08/29/2024,2026-07-07,46,Female,united states,Silver,14,1514.23 USD,No
569766515,05/13/2023,2026-05-25,46,Male,US,Silver,20,978.25,FALSE
738706491,07/06/2024,01-Mar-2026,73,Male,germany,Bronze,3,243.17,Yes
667086808,2022-09-05,2026-07-20,55,Male,United States,Silver,15,1680.59,No
522372877,2025-11-15,0000-00-00,79,female,USA,Bronze,1,40.89,Y
463515552,2024-05-29,2026-08-06,46,M,usa,Silver,10,836.15,No
518990278,2025-09-12,2026-08-19,24,Male,UK,Silver,7,730.22,0
687199658,2023/10/22,12/12/2025,24,Female,US,Silver,5,$560.63,Yes
916078631,12/25/2020,2026/07/03,35,unspecified,Mexico,Silver,11,1296.31,No
773791546,2022-06-26,08.06.2026,49,N/A,United States of America,Gold,21,"$2,076.60",No
142757925,2024-01-14,2024-11-20,45,Female,united states,Bronze,1,$40.92,Yes
959887984,2021-01-22,05/20/2026,22,M,CA,Gold,86,2247.86,No
781014513,2024-06-01,06/14/2026,51,Male,United States,Silver,33,1371.76,0
769525586,2023-11-01,2026-08-13,41,MALE,United States of America,Bronze,7,-353.93,No
165249909,04/22/2021,2026-08-28,42,Unspecified,IN,Gold,69,2417.9,0
593019806,07/26/2020,2026-07-10,22,m,USA,Platinum,70,5303.12,N
974362874,03/11/2022,2026-08-10,63,prefer not to say,IN,Silver,18,821.07,NO
161922671,22-Feb-2024,07/31/2026,24,Male,USA,Silver,24,960.74,no
985837066,07/29/2021,31-Jul-2026,63,Female,England,Bronze,13,237.95,0
880724353,14.01.2022,04.06.2026,52,Male,United States,Gold,42,3779.51,No
909388163,2023-05-19,05/31/2025,32,Male,US,bronze,4,272.85,YES
412689394,"December 04, 2022",06/29/2026,39,,DE,Silver,24,"$1,950.38",NO
420481374,2024-05-12,01.09.2026,80,m,usa,bronze,-18,398.15,No
147683176,2024-01-19,2026-08-16,47,Female,United States,BRONZE,3,198.81,
593069135,10/02/2019,2026-09-06,26,f,USA,Gold,52,"$2,988.28",No
609084062,2023-03-02,2025-03-21,44,Female,United States,Silver,17,859.22,Yes
231481532,2026-07-04,,89,FEMALE,DE,BRONZE,0,0.0,yes
322687697,09-Aug-2025,2026/08/15,62, Female,usa,Silver,21,1229.22,N
625600500,2022-10-13,06-Jun-2025,24,Male,United States of America,Bronze,1,34.43,1
185141491,2021-03-07,28-Jul-2026,25,U,United States of America,Bronze,13,,No
545516995,2023-09-16,2026/08/29,69,Unspecified,United States,Bronze,12,505.46,0
911134743,,2025-08-15,,f,USA,Bronze,2,126.52,Yes
771089063,"March 19, 2022",2026-07-17,58,Male,USA,silver,45,1601.99,No
755088682,2025-09-25,2025-09-25,68,Female,Mexico,BRONZE,5,190.54,TRUE
878407500,01.01.2024,2026/07/23,60,female,Australia,SILVER,13,786.91,No
191233468,11/19/2023,2025-12-24,30,Female,USA,Bronze,1,79.37,Yes
634451437,09/22/2020,,66,Male,United States,Bronze,0,0.0,Yes
643086128,"November 05, 2023",2026-08-01,,M,DE,Silver,-24,707.75,no
222876855,2021-03-25,2026-09-03,29,Male,Canada,Gold,NULL,2154.56,No
865009426,2023-05-16,01-Mar-2026,68,Male,Mexico,Bronze,6,376.43,Yes
202653575,2024-12-02,2026-03-01,54,M,INDIA,Bronze,6,457.81 USD,Yes
278519703,2025-07-04,2026-03-01,28,Unspecified,United States,Bronze,2,326.8,1
666860931,2023-10-29,2026-08-13,48,Female,United Kingdom,Silver,9,1021.36,No
699607471,23-Dec-2024,01-Mar-2026,33,Female,United States,,8,651.07,Yes
874685047,2024/08/26,"July 30, 2026",42,F,united states,Bronze,7,266.9,No
306025550,2025-06-06,2026-04-28,19,Male,United States,Bronze,2,171.94,N
844461960,2025-04-10,2025/04/23,60,,Mexico,Bronze,,177.76,Yes
805367532,2023-11-27,2026-03-01,27,FEMALE,United States,Bronze,5,388.77,Y
270872004,2021-09-10,2026-07-06,49,Male,United Kingdom,SILVER,17,826.43,No
278231181,2022-01-01,08/30/2026,35,Female,Canada,silver,14,1090.81,No
176930383,2024-12-06,08/10/2026,37,female,IN,Silver,18,941.86,N
998898679,,2026/08/28,39,Male,United States,slv,24,1295.05,NO
793013224,06/05/2022,2026-07-23,49,Male,U.S.A.,Silver,14,977.75,NO
134876519,2021-01-25,08/04/2026,40,Male,Australia,PLATINUM,115,"$11,308.06",No
438528526,20.08.2022,2026-06-19,36,Male,U.K.,bronze,3,60.63,N
747238978,"November 29, 2022",2026/06/18,57,U,Australia,Silver,18,940.09,No
845936847,03-Sep-2024,09/01/2026,32,Male,US,bronze,4,151.95,No
624841551,04.03.2025,07/01/2026,51,m,usa,Bronze,6,128.76,NO
621619192,22.10.2022,2026-08-06,55,Male,AU,Silver,19,853.07,N
796610134,2024/05/12,12/13/2024,60,M,India,Bronze,6,365.02,1
898372458,2025/10/06,2026/08/13,29,MALE,India,Bronze,15,454.08,no
839441877,2022-10-22,2025-06-09,54,Female,México,brz,1,62.73,Yes
558116469,2022-07-14,2026/07/31,29,FEMALE,USA,Bronze,11,284.13 USD,No
831381898,2023-10-24,2026-08-22,47,Female,AU,Silver,26,582.79,No
826227393,2025-11-01,2026-09-03,55,femail,United States,Silver,9,724.39,No
797409181,03-Dec-2024,2026-04-28,27,Male,United States,Bronze,1,$60.52,
141379064,05/13/2022,08/12/2026,49,M,USA,Gold,14,missing,0
544983883,2022-03-16,,54,female,United States,  Gold ,48,2197.08,no
993944464,"May 12, 2022",2026-09-02,50,Male,Deutschland,Bronze,7,$333.64,No
345461636,05/03/2025,2026-08-14,35,M,USA,Silver,11,807.28,no
181034563,2023-10-03,08/23/2026,56,Male,United States,Silver,12,1137.26,No
114012989,27-Jan-2024,2026-06-22,46,Female,United States,Silver,34,792.84,NO
571354362,2025-05-12,06-Sep-2026,,Female,U.S.A.,bronze,4,222.49,no
323338094,"August 22, 2020",08/23/2026,48,F,United States,GOLD,-47,2548.45,No
702451829,2023-02-25,07/16/2026,39,Male,United States,Silver,10,687.66,0
172551546,2024-07-31,03/01/2026,61,male,united states,Bronze,1,62.49,Yes
459575479,2026-04-25,2026-04-25,46,Female,MX,Bronze,3,217.1,Yes
591439482,2024-03-24,2026-08-20,19,F,United States of America,silver,28,1099.91,No
444732153,04/12/2025,,42,F,England,Silver,6,549.11,No
151741338,2025-01-12,2026-03-01,28,Male,usa,Bronze,13,622.59,yes
562540414,31.12.2022,2026-08-20,41,male,U.S.A.,Bronze,4,215.84,N
132407760,08/22/2025,2026-03-01,27,f,United States,bronze,2,251.18,Yes
172624797,21-Jan-2025,2026-07-11,,Female,USA,Bronze,5,263.57,No
505139623,04/03/2023,2026-07-09,71,Female,India,slv,25,797.96,No
288637161,07/10/2022,2026-08-13,33,male,usa,Silver,11,462.57,N
904036542,03-Jan-2023,07/25/2026,67,Female,United Kingdom,Bronze,12,632.43,No
901832970,"December 29, 2022",2026-08-11,21,Male,Canada,Silver,34,1031.88,N
600473405,2022-06-26,28.07.2026,37,Male,Brazil,Plat,44,9254.97,0
392849932,2023-06-04,2026-08-15,49,male,United States,silver,10,1008.08,No
808930205,08/16/2025,2025-08-16,38,FEMALE,United States,Bronze,3,182.15,Yes
735332719,2025-05-11,,59,Female,IN,Bronze,0,0.0,Yes
673559159,2021/05/13,19.06.2026,47,Male,india,Gold,63,"$1,911.84",No
970570809,07/09/2023,2025/08/30,73,Female,United States,Bronze,5,328.07,Yes
650824780,20.08.2019,2026-08-21,24,,united states,GOLD,19,2815.97,N
840655627,2024-05-18,01/05/2025,35,U,united states,brz,8,377.34,TRUE
574118243,"January 16, 2023",2026-02-21,56,Female,canada,,2,126.19,Yes
839861506,2022/08/28,2026-08-10,40,F,United States,Gold,26,1602.15,FALSE
820863248,02/02/2022,2026-06-16,50,Male,Deutschland,Bronze,19,530.41,No
289293856,11/11/2023,2026-06-08,69,Male,United States,bronze,4,133.16,0
924079402,2024-06-30,08/06/2026,76,Male,United Kingdom,silver,9,-500.2,No
888470692,2025-04-11,2026-01-03,27,prefer not to say,Germany,Bronze,4,111.05,Yes
688410420,2024-01-17,01.11.2025,42,Male,India,Bronze,1,65.8,TRUE
512054471,16-Apr-2022,2026-08-01,47,M,Germany,gold,55,3552.1,N
994736030,07/21/2022,2026-03-01,25,female,United States,Bronze,1,62.18,Y
431863112,2024-03-08,2026-07-21,60,MALE,USA,SILVER,36,2324.54,N
557003259,2023-11-27,05/11/2025,25,prefer not to say,CANADA,BRONZE,4,144.77,1
521196398,2023-11-22,24-Jul-2026,24,Unspecified,United States,Silver,18,"$1,717.51",No
386715786,02/03/2023,2026-08-27,54,m,United States,Bronze,6,308.23,No
950127068,"April 27, 2020",08/24/2026,59,F,United States,Gold,none,3546.33,No
349588419,2022-03-26,2026-03-01,,Female,BR,Silver,15,-463.85,Yes
891518321,2021-11-09,2025-06-27,57,Male,Canada,Silver,15,1050.71,Yes
393183274,04/13/2025,2026-09-05,58,female,USA,brz,3,288.8,0
260331963,2025-12-10,2026-08-13,51,Male,US,Bronze,3,105.13 USD,No
865819772,07/26/2021,"October 07, 2025",45,,MX,Silver,12,454.48,Yes
991111722,2024-10-09,2026-09-06,45,FEMALE,Canada,Silver,16,-454.53,No
509804959,06/29/2021,2026-08-13,22,female,United States,Gold,34,2373.7,no
474186468,2021/08/08,"August 14, 2026",39,MALE,US,Platinum,N/A,,No
572312131,11/24/2023,2026-05-31,37,male,United States,Silver,33,1894.2,No
891266391,22-Jun-2023,08/03/2026,42,Female,United States of America,Silver,10,1125.82,No
940814071,10/01/2025,01.10.2025,28,female,United States of America,Bronze,5,338.32,Yes
372681884,2022-06-09,12-Jul-2026,52,Female,United States of America,Platinum,63,4790.18,0
960456783,2021-11-27,2026-07-18,48,MALE,U.S.A.,Silver,N/A,483.98,No
738451605,2022-07-30,2026-08-28,44,female,US,Silver,35,1236.44,N
702011424,2024-09-19,2026/08/23,55,Female,US,Bronze,7,375.46,No
860467194,04/18/2025,"July 08, 2026",58,F,US,slv,7,644.44,no
830035114,2026-05-06,,62,male,United States,Bronze,0,0.0,YES
669212441,2024/08/18,08/28/2026,33,Female,US,brz,11,378.9,no
973991757,2021-08-18,"July 07, 2026",57,other,USA,Silver,18,642.02 USD,no
438240654,2025-01-27,,47,Female,U.S.A.,Bronze,4,148.12,N
253945299,14-Nov-2022,03/01/2026,67,M,US,Bronze,3,129.77,1
479580364,07.09.2023,2026-08-27,28,f,USA,silver,16,$871.30,N
517567802,2023-12-20,2026-05-24,28,Female,Great Britain,SILVER,18,1604.91,No
133900358,12/04/2021,2026-07-28,27,Male,mexico,Gold,39,2009.96,No
969719334,11/14/2024,08/24/2026,67,,US,Silver,3,487.9,No
623404272,10/22/2019,08/19/2026,52,Male,Australia,Bronze,7,209.06,No
186426011,05/31/2025,08/01/2026,55,prefer not to say,usa,bronze,5,243.17,no
825736315,2025-04-22,09/24/2025,31,Male,brazil,Bronze,3,87.05,YES
219784295,2025/09/02,2025-09-02,44,Unspecified,Canada,bronze,2,111.29,Yes
614960542,10/27/2024,07/30/2026,45,Male,Canada,Silver,24,,NO
149533634,2023-01-14,07/06/2026,52,M,,Gold,42,2947.02,no
641416172,2022-05-08,27.08.2026,49,Female,Mexico,Silver,10,"$1,121.54",No
200189674,2024-12-19,2024-12-19,33,Unspecified,Mexico,Bronze,3,48.24 USD,yes
717674738,2023-06-29,2026-08-14,65,Male,--,Silver,16,766.31,No
938492461,2023-04-06,2025-08-11,23,Female,USA,brz,1,50.83,Yes
438468133,2021-06-11,2026-07-10,44,m,India,Silver,28,1174.67,0
513572668,2026-06-21,06/21/2026,36,M,United Kingdom,Bronze,1,77.18,Yes
248604517,2024-01-29,2026-07-27,29,MALE,INDIA,brz,3,193.93,FALSE
412715225,2026-04-17,"July 12, 2026",31,female,United States,Bronze,2,87.6,No
615082885,2026/04/02,2026-04-02,33,Female,United States,bronze,2,64.18,1
312644090,2022-05-02,2026/08/20,31,Male,United States,Silver,8,670.52,No
282505728,2022-11-24,2026-08-18,?,Female,Canada,bronze,9,287.67,FALSE
977622563,18-Nov-2024,08/30/2026,72,Male,Canada,Silver,16,1089.24,No
283318438,"May 11, 2025",2026-06-03,29,Female,USA,Silver,12,968.81,No
241489156,2021-08-23,2026-08-11,55,Male,U.S.A.,Silver,23,1678.49,No
269998523,2022-12-14,10/01/2025,56,Female,U.S.A.,Bronze,11,467.22,TRUE
761170092,2021-02-07,16-Aug-2026,37,Female,United States,Silver,15,1618.47,No
154267417,23-May-2023,,34,FEMALE,usa,BRONZE,3,435.8,No
633732443,2023-05-22,2026-06-24,34,Male ,US,Silver,17,827.94,N
154709541,2024/01/01,2026-08-14,29, Female,australia,Bronze,6,missing,NO
538151058,2026-05-05,2026-05-05,53,Male,Germany,brz,1,44.52,Yes
627291071,2022-12-28,2026-08-01,51,female,United States of America,Silver,23,$609.13,no
140477213,2024-01-14,03/01/2026,58,Female,United States,Bronze,7,415.63,Yes
780834424,2021-05-04,2026/09/02,32,female,United States,Silver,9,891.98,No
519611767,2024-11-18,2026-02-21,37,male,United States,bronze,2,178.09,Yes
230304819,2026-03-24,2026-03-24,46,Female,United Kingdom,BRONZE,6,99.46,Yes
905321619,"May 08, 2026",08.05.2026,31,MALE,India,Bronze,2,109.93,Y
232883623,01/30/2023,2026-07-31,24,male,Germany,Silver,28,845.87,N
504731439,09/18/2020,08/20/2026,50,prefer not to say,United States,silver,23,1308.67,0
620847889,2023-07-16,2026-08-11,47,MALE,india,GOLD,19,1571.49,FALSE
620529390,2024/02/05,2026-07-16,38,M,US,Silver,11,962.99,No
856988559,12/21/2022,07/27/2026,42,M,N/A,Bronze,12,622.44,No
634591996,14-Dec-2025,2026-08-05,40,Unspecified,US,Bronze,1,75.55,No
976365864,"August 27, 2024",,24,Female,United Kingdom,Bronze,0,0.0,Yes
602084523,01/13/2024,2024-12-18,45,male,Brazil,brz,3,$95.39,yes
451421823,2023/09/29,,33,Male,Great Britain,Silver,16,594.44,No
377912148,2025-06-07,07-Jun-2025,27,U,UK,  brz ,2,78.56,Yes
507013102,04/14/2022,2026-07-30,42,m,usa,Silver,35,807.76,No
953573038,2024-09-23,2026-05-14,55,Male,United States,Silver,4,653.39,No
443021500,2025/01/21,2026/06/29,28,M,canada,Bronze,4,295.68,No
634216814,04/09/2026,2026-04-09,49,Female,United Kingdom,Silver,6,$632.92,Yes
468810374,2026-06-04,2026-06-04,55,Female,US,bronze,N/A,60.09,TRUE
705273032,2020-10-11,2026-08-18,50,F,australia,Bronze,2,152.55,FALSE
636631295,2025-10-02,2026/01/17,52,M,USA,Bronze,2,-165.34,Yes
488438939,21-Dec-2024,2026-08-23,36,Male,AUS,Bronze,10,263.19,No
426543370,2024-10-27,25-Jan-2026,77,Male,Brazil,Bronze,4,262.93,1
177358631,"April 27, 2025",2026-08-02,56,Other,CA,Silver,15,725.14,No
986047119,2024-10-15,,55,male,United States,Bronze,4,385.97,No
418207993,2024-08-24,09-Jun-2026,34,Male,MX,BRONZE,10,540.28,No
420249594,2022-12-11,2026-08-04,41,M,Canada,  Gold ,34,2997.26,No
247156374,21.12.2025,"September 04, 2026",28,MALE,United States,Silver,10,839.45,0
670893689,2025/03/08,2025-04-29,41,Female,usa,brz,6,127.2,TRUE
307182058,03/18/2023,"August 28, 2025",30,Male,United States,Silver,8,712.33,Y
455757607,12/23/2020,2026-08-28,51,F,Australia,Silver,-999,1413.38,N/A
387140303,2025-07-18,2026/08/19,59,Male,United States of America,Bronze,5,433.16,No
624310419,07-May-2021,2026-08-16,37,M,Canada,Gold,94,2459.95,No
895418419,02.07.2022,2025-07-29,63,Female,CANADA,bronze,11,359.12,Yes
411247455,"September 11, 2023",2026-05-01,43,prefer not to say,US,Bronze,5,194.35,no
443406893,2026-01-28,01-Aug-2026,51,F,United States,Bronze,2,211.05,No
439304094,22-Mar-2023,2026-09-02,27,Male,United States,Silver,9,943.22,no
454891725,2025/05/26,05/26/2025,22,M,canada,Bronze,6,233.83,yes
856566656,2026-02-09,2026-02-09,38,femail,US,Bronze,1,79.01,Y
240185838,10-Jun-2021,2025-11-16,31,,US,SILVER,40,1233.03,YES
288392509,2021-05-20,22-Mar-2025,62,M,australia,Silver,11,659.58,Y
474235518,2022-03-16,2026-08-20,58,Female,united states,Silver,5,731.69,0
272510429,2022-02-21,05-Jul-2026,42,Male,USA,GOLD,50,3368.81,No
765346829,11/21/2022,2026-05-21,22,Male,U.S.A.,Silver,23,1001.1,No
767782512,06/15/2020,2026-08-13,52,f,United States of America,Gold,28,1810.52,No
678456355,09/14/2025,2025-09-14,24,F,US,BRONZE,4,406.28,Y
254577633,2025-06-17,2026-07-31,91,F,BR,Bronze,4,224.27,N
767103557,12/31/2025,03-Aug-2026,31,Male,United Kingdom,Bronze,2,71.07,No
760023430,2024/02/20,2026-06-15,21,Male,United States,bronze,2,70.56,
281761915,2025-06-05,2026/03/26,26,Other,Australia,Bronze,7,370.53,No
854529135,22-Jan-2022,07/28/2026,36,Female,US,Bronze,12,292.79,0
805740004,2025-11-10,10.11.2025,21,Female,USA,Bronze,4,347.31,Yes
149445966,2025-08-02,2026-03-01,38,F,US,Bronze,6,288.37,Y
385125162,2023-06-29,2026-07-16,26,prefer not to say,USA,silver,6,491.37,no
712002588,2024-10-08,,71,Male,United Kingdom,Bronze,0,0.0,yes
239634348,2024-03-19,"November 16, 2025",71,FEMALE,USA,bronze,4,92.42,YES
988334039,2025-11-08,08/16/2026,41,Male,United States,Bronze,3,475.76,0
153308799,15-Jan-2021,08/12/2026,62,Female,United States,Bronze,15,548.81,N
663084227,17-Jun-2022,2026-06-20,38,M,United States,Bronze,5,427.37,No
175572875,2023-10-25,2026-05-17,24,Male,US,slv,11,926.62,N
853524254,2022-11-12,2026-05-05,31,M,U.S.A.,Bronze,11,286.13 USD,FALSE
982845553,2024-04-14,,48,Male,United States,Bronze,0,0.0,Yes
252718352,2021-07-01,07/11/2026,31,Male,United States,bronze,12,154.34,N
991914579,10.02.2021,08/31/2026,45,F,United States,silver,18,885.44,No
784226852,2022-04-12,2025-10-01,43,,USA,silver,3,$747.69,Yes
854118173,13.01.2023,2026-08-26,41,Male,United Kingdom,Silver,30,808.05,No
844341987,"November 14, 2023",26-Jul-2026,37,M,US,Silver,10,1133.4,N
424686450,2025-08-29,29-Aug-2025,58,Female,germany,  bronze ,5,,yes
526946141,05/18/2022,2026/07/26,44,Male,United States,silver,34,2010.87,No
397494778,27-Dec-2022,2026-07-21,42,Male,Australia,Silver,31,1266.66,No
855472323,2023-09-20,05/24/2026,47,F,United Kingdom,Silver,11,829.94,No
182026735,2022/09/14,2026-08-13,56,Male,Canada,brz,18,357.57,No
426106268,08-Nov-2025,2025-11-08,34,Male ,England,Bronze,5,115.54,Yes
213420579,2023-02-05,2026-05-09,44,Male,USA,  Silver ,24,865.89,No
928866397,2024-09-09,04.08.2026,26,Unspecified,canada,silver,23,-,No
486420695,2020-03-23,05/29/2026,58,female,United States,N/A,5,607.19,No
998281690,2021-11-11,13.08.2026,unknown,Male,United Kingdom,Bronze,6,138.34,FALSE
229212537,07/31/2025,2026-03-01,52,Male,United States of America,BRONZE,10,166.15,Yes
266034072,10-Dec-2024,2026-08-12,70, Female,india,Bronze,5,471.88,no
344409039,"November 10, 2024",23.07.2026,36,Female,United States,Bronze,9,145.41,no
981653957,2023-04-22,04-Sep-2026,42,Female,United States of America,Bronze,21,444.56,No
442022482,2023-03-28,2026-07-04,30,Male,United States of America,Silver,33,1428.79,No
981658463,11/28/2025,,61,Female,usa,brz,0,0.0,Yes
682303506,2024-09-27,"July 03, 2026",52,Female,USA,gold,25,1796.84,No
666786356,18-Jul-2023,2026-08-01,53,MALE,brazil,Silver,-999,1176.77,No
451727483,,03/11/2026,53,MALE,Canada,silver,6,$761.38,No
311633971,2022-07-05,2026-09-06,34,Female,US,Silver,-15,2101.68,no
731871634,03/09/2023,29.09.2025,20,Female,united states,Bronze,3,36.89,1
792353818,03/01/2023,2026-06-09,60,M,USA,Bronze,8,385.06,No
632530756,27-Jun-2022,"July 25, 2026",?,Female,Canada,bronze,10,362.68,no
388132622,2025-09-23,17.05.2026,26,Male,England,Bronze,-3,451.03,No
299701842,2024-02-06,2026-07-25,34,Male,Canada,Bronze,15,550.41,N
364804913,2025-11-06,,42,female,INDIA,Bronze,1,43.82,Yes
781776498,2020-03-05,2026-08-05,40,F,United States,Platinum,118,10232.13,0
576115239,2026-01-29,2026-03-01,24,Male,USA,Bronze,1,35.03,Yes
300757105,2021-02-22,2026-05-25,50,female,Great Britain,silver,11,1086.0,No
569599557,22-Jun-2022,2026-08-11,45,MALE,CA,Bronze,1,110.37,N
940294545,04/22/2023,2026/07/10,33,Female,Mexico,Gold,15,1781.98,0
713224311,2021-01-01,2026-08-12,22,M,unknown,gold,48,2794.99,No
940147476,19-Jun-2024,2026-08-01,42,Unspecified,United States,Silver,9,513.62,0
220545988,2023-10-15,2025-11-14,50,Female,United States of America,Bronze,5,211.91,Yes
619954127,2023-06-08,"July 11, 2026",39,male,United States of America,Silver,27,1048.84,No
932256371,2024-06-13,2026-08-06,22,female,IN,silver,28,780.24,N
904208129,11.11.2021,02-Aug-2026,43,female,Canada,SILVER,31,1249.42 USD,No
261978008,18.06.2025,"July 04, 2026",37,Male,Germany,brz,13,427.76,no
456160228,21.05.2025,08/08/2026,44,Male,Canada,,7,578.15,No
702389330,29.10.2024,2026-07-02,50,Female,india,Bronze,4,-419.19,no
392786283,16-May-2026,,,Male,Germany,Bronze,0,0.0,YES
898806138,2022-03-11,2026-06-17,,female,united states,slv,42,1773.64,No
839270473,09/14/2025,2026-03-01,32,OTHER,United States,,1,,Yes
456714994,2022/02/18,2026-05-01,21,Male,US,Gold,18,3014.8,N
452044147,2022-03-17,07/23/2026,43,female,CA,Silver,15,1028.48,N
280757398,2020-03-02,2026-08-26,29, Female,United States,Platinum,40,6184.91,No
566725594,2023-05-16,2025-12-01,51,male,united states,Bronze,11,319.63 USD,Yes
743849879,2023-04-28,2026-06-16,29,Male,UK,brz,2,123.2,no
529427116,2024-02-29,2026-05-16,62,Female,usa,Silver,7,826.62,N
119759143,2023-07-08,,51,Female,United States,Silver,14,907.16,N
805842657,06/17/2025,06/01/2026,47,Male,Germany,Silver,15,756.78,no
544206574,2025-09-11,10/26/2025,53,Male,germany,bronze,5,59.62,TRUE
627489028,2021-01-23,2026-08-22,34,Male,IN,brz,5,175.68,No
417632487,2021-08-13,2026/08/15,39,Male,Germany,Silver,7,843.88,N
840857564,08-May-2021,,32,prefer not to say,australia,Silver,32,866.92,no
875181017,2021-01-17,28.07.2026,51,Male,Canada,Silver,15,836.4,No
573177079,2025-03-27,2026-03-01,19,Male ,United States,SILVER,8,570.5,1
609419368,2021-06-28,02/19/2026,51,O,U.K.,bronze,1,67.48,yes
286967455,2022-08-21,"August 24, 2026",41,Female,United States,gold,35,2938.6,
378149259,2025-12-16,2026-07-31,20,Male,US,bronze,3,159.37,no
809726609,2023/04/16,27-Aug-2026,43,Female,Germany,Gold,23,1825.76,No
470076301,16.01.2026,2026-02-12,26,femail,US,bronze,1,-77.43,Y
684101903,27.04.2021,"March 11, 2026",35,m,Mexico,slv,21,1056.85,no
173389685,2020-11-23,2026-08-08,45,F,US,SILVER,-999,$859.41,No
219790600,2021-05-23,04/23/2026,38,Male,US,bronze,6,258.55,No
842887016,07-Oct-2024,2026-07-29,39,Male,United States,Silver,21,1554.32,No
801515616,2022-04-05,2026-08-07,59,Female,United States,gold,61,3426.58,0
561042253,03-Jul-2022,2026-08-21,46,male,usa,BRONZE,8,295.5,No
799856086,2024-09-17,2026-08-22,36,M,Canada,Bronze,4,154.06,No
497216065,2020/03/31,"August 22, 2026",49,Male,mexico,,49,4471.95 USD,No
559087719,2025-12-30,2025-12-30,52,Male,India,Bronze,4,186.55,TRUE
882844671,2021-09-15,"July 26, 2025",,Male,United Kingdom,silver,11,751.42,Yes
247347205,2022-10-08,2026-08-27,51,Female,US,BRONZE,7,464.99,No
853256526,2026-08-28,2026-08-28,37,Female,Germany,Bronze,1,18.65,1
324566575,28.12.2023,2024-03-19,40,Male,MX,brz,2,$73.67,Yes
646115071,2024-02-03,2026-07-30,46, Female,USA,Gold,37,1629.59,FALSE
169555626,2022-05-15,2026/04/23,45,male,Deutschland,Bronze,12,442.64,N
170540396,18-Apr-2026,2026-04-18,70,Female,United States,bronze,1,32.82,Yes
780511431,31-Jul-2024,2026-08-18,40,Female,Can.,Gold,14,"$2,283.69",No
846549753,2025-12-30,2025-12-30,44,Female,USA,Bronze,4,206.21,Yes
306324027,2023-11-05,08/12/2026,62,F,United States,Silver,46,1505.23,No
143342926,2024-12-30,2026-08-02,29,Male,United States,Silver,30,1620.45,No
228947226,2024-01-11,2024/11/24,57,m,IN,,4,453.01,Y
902988047,21.06.2022,N/A,52, Female,US,Silver,8,517.79,No
641528589,2023-05-14,2026-06-19,26,f,USA,silver,15,1438.93,no
879881597,05-May-2023,29-Jun-2026,40,Female,usa,bronze,-18,262.55,N
144316967,24-Dec-2023,08/27/2026,N/A,Female,Brasil,Silver,16,800.72,NO
117179219,2023-09-04,07/29/2026,41,F,US,Silver,18,1738.1,No
629629078,12.08.2020,2026-08-09,29,Unspecified,United States,Gold,46,2422.32,N
510776309,2024-07-26,"January 13, 2026",74, Female,United States,Bronze,2,72.12,Yes
222576156,27.07.2023,2026-03-01,46,other,United States,Silver,8,532.48,Y
319427151,2026-01-17,2026-01-17,46,Male,USA,Bronze,2,199.24,Yes
817131431,2022/12/16,2026-03-01,20,F,Germany,none,4,256.91,1
215200798,2021-12-25,2026-08-27,43,F,Germany,Silver,33,757.44,No
724101786,2024-02-11,17-Jul-2026,41,MALE,United States,Gold,35,2165.24,No
897308006,2023-04-08,2026-08-17,41,Male,India,Bronze,-4,415.67,No
897096396,19-Jul-2025,2026-08-15,22,MALE,United States,SILVER,11,1222.17,NO
656240563,14-Oct-2023,,48,Female,USA,brz,NULL,95.45,Yes
316762213,09/09/2020,2026-08-14,48,Male,United States,Plat,-19,3473.7,No
438936632,02-Oct-2023,2026/07/12,34,M,Canada,Silver,21,1657.36,No
337259862,03-Dec-2025,2026-07-26,61,Male,United Kingdom,Silver,20,885.84,0
390193804,2023/05/03,2026-08-06,49,Male,germany,Silver,47,1398.86,0
161612007,2025-11-21,09/02/2026,27,MALE,india,Bronze,4,255.15,no
537516356,2022-11-05,,41,F,unknown,Bronze,0,0.0,Yes
476913238,2025-04-02,2026-06-11,38,Female,Canada,Bronze,2,,No
562176811,2024/03/31,08/26/2026,51,Unspecified,Brazil,SILVER,17,865.58,No
445057901,2025/04/28,2026-08-23,74,F,US,brz,9,281.72,N
343544691,2022/01/28,03/01/2026,40,Male,United States,Silver,15,734.16,Yes
254691076,2026-05-09,2026/05/09,54,female,United States,Bronze,1,38.58,Y
418519475,2024-03-10,2026-09-01,43,male,US,Platinum,22,7389.01,FALSE
151061596,20.07.2022,2026-04-01,unknown, Female,United States,Bronze,1,26.19,No
501052308,2021-09-11,2026-06-29,57,Female,Brazil,Silver,36,1096.1,No
398119094,2021/11/19,2026-08-19,34,Unspecified,Canada,Gold,38,2948.4,N
446615051,"May 23, 2023",07/05/2026,24,female,Canada,Silver,15,739.79,No
408039460,11/23/2024,2026-04-08,44,Female,MX,Bronze,13,289.09,No
107940543,07/10/2022,2026-08-01,63,FEMALE,United States,GOLD,43,5230.02,no
411213047,2026-07-19,2026-07-19,45,Female,United States,brz,1,140.79,Yes
163587035,02/13/2024,,48,female,United States,Bronze,0,0.0,1
469833982,2022-09-21,2026-07-12,33,MALE,United Kingdom,bronze,6,307.57,0
508040191,09/27/2020,2026-07-21,35,Male,usa,silver,10,720.31,0
707379830,2025-11-11,2026/08/19,55,Male,,Bronze,5,289.48,N
841292858,2025-03-13,2026-08-03,25,Female,United States,bronze,4,252.54,0
499110690,2025-01-18,2026-01-17,22,Male,U.S.A.,bronze,1,85.52,1
461929760,2022-03-02,21-Jul-2026,42,Male,USA,Silver,31,1087.1,No
287462042,2024-09-01,2026-09-04,56,female,,Bronze,1,119.9,No
657163438,2023-03-13,2026-01-24,22,Male,united states,BRONZE,1,79.36,yes
740468480,"October 14, 2021",10-Aug-2026,41,m,US,Bronze,11,205.9,No
648041959,03/28/2023,"August 06, 2026",36,Male,Canada,Gold,32,"$1,713.29",No
141747543,2022-11-28,2026-07-21,24,M,USA,Gold,25,3436.43,NO
691647820,2021-09-07,2026-08-13,82,N/A,United States,Platinum,93,7251.41,No
582971799,2024-08-02,,35,Female,United States of America,Bronze,11,410.62,No
255666652,2025-10-18,30.07.2026,65,Male,USA,BRONZE,25,715.22,No
270596039,16-Jul-2025,2025-07-16,35,male,canada,brz,3,269.61,1
984811093,12/11/2024,2026-01-22,33, Female,United States,Bronze,1,42.82,1
996441631,2024-03-16,2026-04-06,49,Male,United States,bronze,22,N/A,0
809561448,2024-03-24,2026-06-30,22,Female,United States of America,silver,27,"$1,085.98",No
336958611,2024-08-06,2026-08-04,36,M,US,SILVER,26,1660.0,no
921984040,2020/10/06,"March 29, 2026",38,f,Brazil,GLD,46,2004.37,N
962599365,2020-06-05,2026-08-20,37,Male,N/A,Silver,22,1100.68,No
429828787,29.05.2024,06/23/2025,30,Female,USA,Bronze,5,272.2,Yes
882730384,"July 08, 2026",07/08/2026,34,Female,canada,Bronze,4,$249.34,Yes
619249316,02/11/2023,08/13/2026,36,Female,United Kingdom,slv,13,781.52,no
490218224,03/01/2025,2026-07-31,64,F,canada,GOLD,-16,2581.35,
621587230,2022-04-21,2026-03-01,37,F,Mexico,bronze,10,213.9,Y
360309123,2025-09-07,08/22/2026,72,Female,unknown,Silver,8,756.55,no
971620504,"June 24, 2024",2026/07/24,52,Male,United States,Bronze,10,585.69,No
267669325,2025-01-14,"August 09, 2026",75,Female,India,Bronze,3,62.07,No
142348838,2025-05-13,08/17/2025,56,,U.S.A.,Silver,7,746.63,Yes
364070688,06/12/2022,2026-08-16,40,Male,AU,gold,45,2126.81,No
875466258,2023-11-25,2025-11-28,62,f,United States,bronze,2,153.66,Yes
877750904,2025/01/20,07/12/2026,24,F,DE,Bronze,3,227.29 USD,no
941040756,2024-03-21,"June 23, 2026",44,F,USA,brz,5,208.5,No
467346299,04/03/2026,"July 23, 2026",65,Female,AU,Bronze,1,-128.9,No
726740010,30.10.2024,2024-10-30,30,M,Australia,Bronze,5,470.06,Yes
992649924,2024-11-25,2026-08-21,34,F,United States,Bronze,1,52.36,No
502061862,2024-04-30,2026-09-02,38,Male,Canada,SILVER,44,1989.02,N
430537385,2023-08-25,2026-08-27,44,Female,Canada,unassigned,9,436.38,no
530758989,08/05/2021,2026-08-23,60,MALE,United States,Silver,21,1165.92 USD,0
296269709,2023-02-03,30-May-2025,60,Female,united states,Bronze,6,208.84,Yes
426016435,2026-07-02,,72,F,USA,bronze,0,0.0,Yes
983520836,"July 08, 2022",2026-08-16,22,Male,united states,Plat,73,5905.95,No
232353850,2025-04-07,2026-08-18,66,Female,United States,BRONZE,1,31.27,No
933931939,2025-07-14,2026-08-09,35,Male,Mexico,Bronze,5,296.94,No
240768137,2023-10-22,03.09.2026,56,female,USA,Silver,20,710.22,N
750929994,2021-03-21,07/05/2026,,female,US,Bronze,11,285.95 USD,No
626743614,09.04.2026,2026/04/09,41,Male,Great Britain,BRONZE,1,104.33,YES
106274696,07/31/2023,25-Jul-2026,45,male,USA,bronze,7,199.89,FALSE
608019579,02/01/2024,03/11/2026,65,female,United States,slv,33,,No
751877723,2023-08-24,24.08.2026,53,male,U.K.,bronze,39,443.19,No
520451313,2024-08-09,2026-06-30,23,male,Germany,brz,13,592.95,FALSE
855357950,26-Apr-2025,2026-07-28,25,Male,United States,Gold,20,2011.02,0
201267693,08/03/2024,2026-07-22,59,Other,United States,Silver,20,483.62,No
122571191,2023-08-31,2026-07-29,37,Female,India,Bronze,10,459.56,No
292300381,11-Jan-2026,2026-05-31,47,M,united states,Bronze,3,107.17,N
478057836,2025-04-13,2025-04-13,79,M,United States,silver,7,566.95,yes
785568866,03-Jul-2020,17-Aug-2026,36,Male,DE,Gold,28,2110.52 USD,No
527974655,2023-01-03,2026-08-17,41, Female,England,Platinum,41,"$5,140.63",No
800979319,2021-10-30,2026-07-18,48,Male,United States of America,Silver,22,812.99,N
668067366,2022-11-02,2026-05-21,21,female,United States of America,Bronze,7,356.88,N
532908364,2024/08/29,07/23/2026,34,M,united states,Gold,16,2191.33,no
779531493,2021-02-04,2026-07-05,40,female,United States,Silver,13,859.13,FALSE
507362412,"June 23, 2026",06/23/2026,47,Female,USA,Bronze,1,55.37,Yes
126857200,21-Jul-2021,2026-08-03,77,Female,USA,silver,19,986.72,No
328230245,2026-08-24,,33,Male,CANADA,Bronze,0,,Y
491607585,27-Dec-2024,,43,Female,Canada,Bronze,0,0.0,Yes
885475145,2023/05/02,17.08.2026,29,Female,United States,Bronze,4,165.0,FALSE
678096637,2024-01-23,07/30/2026,41,Male,United States,slv,8,913.25,No
992000020,24.12.2021,2026-07-29,22,Male,USA,Bronze,3,173.65,No
213286737,02/22/2025,08/19/2026,35,F,Canada,Silver,14,461.72,No
925040727,2024-12-30,07/30/2026,49,Female,Canada,brz,2,66.99,0
325145290,2023-08-16,2026-06-26,38,Female,Canada,  Bronze ,7,$217.09,no
830269675,04/24/2023,2026-09-02,34,M,Mexico,brz,4,140.21 USD,No
425699939,04/17/2024,2026-08-28,42,male,United States,Bronze,4,112.05,No
322994984,2021-11-28,2026-08-26,80,Male,US,Silver,21,630.14,No
737248802,2023-07-27,0000-00-00,36,,Mexico,Gold,53,,No
814945649,2021-07-14,2026-08-06,45,Male,USA,Silver,22,928.12,No
663629075,17.09.2023,"August 03, 2026",20,male,USA,Bronze,7,431.97,No
522759400,02.03.2026,,50,FEMALE,USA,bronze,0,0.0,Yes
479011780,11/24/2020,,54,non-binary,Germany,Silver,27,1406.54,No
757519024,2025-06-10,,56,U,England,Bronze,8,$391.19,FALSE
985008994,"July 04, 2024",2024-07-04,22,female,Can.,Bronze,7,328.04,Yes
765887200,2023-11-21,2026-07-27,84,Unspecified,USA,Silver,12,1204.23,no
940258293,2024-09-12,05/11/2026,33,Male,United States,brz,8,390.41,0
470587911,2021-07-26,2026-07-19,46,Male,United States,Platinum,31,-5872.82,No
540504524,2024-10-20,2026-08-25,39,Male,United States,silver,5,539.1,No
208373617,2022-08-22,2026-03-11,32,female,United States,Silver,15,835.50 USD,N
602182147,31-Oct-2023,2026-03-01,37,Female,United States,bronze,4,212.07,Yes
653944170,04.01.2022,2026-06-13,31,Female,Germany,Silver,20,927.19,no
430745482,2026/04/18,04/18/2026,45,Female,Deutschland,Bronze,4,184.01,yes
236846652,2026-01-05,"May 04, 2026",53,Male,IN,Bronze,6,302.16,No
301624424,2025-08-20,08/20/2025,29,F,United States,Bronze,1,105.18,Yes
563076632,2026-05-16,2026-05-16,23,Female,United States,Bronze,1,46.33,Yes
908661523,04/14/2026,,39,Female,US,BRONZE,0,0.0,Yes
823959832,2024-09-24,"August 28, 2026",40,Unspecified,India,bronze,1,28.84,No
503918159,2026-02-12,2026-08-05,45,femail,United States,Bronze,1,189.6,0
109935013,2024-02-07,2026/06/19,24,Female,United States,Bronze,3,207.86,0
898419900,2025-11-27,2026-06-24,29,f,Mexico,brz,7,362.98,no
447847472,2025-10-11,2026/08/25,30,Female,US,Bronze,4,172.21,No
200708760,05-Nov-2023,11-Jun-2026,29,female,USA,Silver,28,1271.65,N
458816573,2026-02-24,2026/02/24,37,F,Canada,brz,5,208.36,yes
507222561,2022-02-16,20-May-2025,,Female,United States of America,bronze,7,270.86 USD,Y
234062565,08/27/2021,2026-08-07,37,Male,United States,Bronze,6,333.69,No
874184501,2022-06-18,2026-08-01,34,Male,United States,BRONZE,8,244.81 USD,No
813664012,2025-08-29,2026-09-06,57,Female,AU,Silver,14,856.87,No
630271566,2024-05-10,2026-07-23,49,unspecified,US,Bronze,7,214.63,no
993025603,08.11.2020,07/01/2026,42,Female,united states,Bronze,9,186.85,No
753897570,11/12/2021,2026-07-09,22,male,Australia,Gold,38,1761.69,No
169798907,2023-02-01,05/19/2026,59,Female,United States,Silver,12,718.17,No
321721409,"October 03, 2025",2026-07-31,,Female,USA,Silver,16,1499.91,N
101123296,2024-09-08,2025-04-18,71,F,United States,Silver,15,461.68,yes
876642473,01/08/2022,2026-08-05,37,Male,uk,gold,29,N/A,no
801685544,2023/08/25,29.08.2026,31,male,United States of America,silver,32,"$1,248.91",No
494980571,2026-02-11,2026-08-17,25,M,United States,SILVER,7,726.30 USD,No
858248636,06/02/2025,2026-03-01,23,Male,,Bronze,1,59.33,Y
829682129,2022-01-19,2026-06-11,27,F,CA,Silver,10,785.39,No
334683615,03/26/2025,,35,FEMALE,N/A,unassigned,13,427.85,No
369245822,2024-06-24,2026-07-05,22,MALE,Canada,Bronze,9,393.82,No
557138038,2022-10-28,07/19/2026,35,Male ,United States,Gold,26,1668.57,NO
744060117,2023-07-02,2026-07-12,49,Other,UK,  silver ,42,1616.27,No
109843107,2026-04-26,2026-04-26,77,female,United States,Bronze,4,341.04,TRUE
137554589,10/14/2025,2025/10/14,27,male,United Kingdom,Bronze,2,95.5,Yes
640909027,2024-04-13,2026-07-22,62,male,IN,bronze,1,69.43,No
725643036,17.11.2023,2024-12-24,62,Female,USA,Bronze,3,340.37,Y
683730647,07.02.2025,08/07/2026,41,unspecified,US,brz,9,-,no
818869578,2024-12-22,2026-08-25,21,F,United States,Bronze,13,502.8,No
864792375,"March 11, 2026",2026/03/11,59,Female,Canada,Bronze,-999,161.46,Yes
357565590,2023-12-17,2026-08-17,unknown,Male,DE,silver,,601.03,0
129651368,07.01.2025,07/09/2026,60,F,united states,Bronze,7,165.14,No
183343453,2023-06-28,22.08.2026,35,m,AU,Silver,11,682.14,No
970718442,2023-01-15,06.09.2026,45,MALE,United States of America,Silver,33,2025.44,0
197991634,21-Jan-2023,2026/07/31,52,F,usa,Gold,33,NULL,0
189936349,,2026/06/06,47,U,United States,Silver,5,$866.99,N
924138816,2024-08-12,2026-08-06,38,Other,United States,BRONZE,8,191.22,no
379784050,2024-01-24,2026-09-01,71,f,India,Silver,26,678.87,No
408032838,2024-03-11,2026-06-10,51,OTHER,N/A,brz,9,369.09,N
656213677,2026-01-26,09/03/2026,49,male,United States,Bronze,2,180.89,No
106923219,2025/06/08,,38,FEMALE,Mexico,Bronze,4,131.38,No
223732303,2025-12-06,2026-08-07,22, Female,USA,silver,7,594.55,No
700633430,2025-03-14,03/14/2025,47,Female,United States,Bronze,2,191.95,Yes
154017051,2019-09-21,"July 10, 2026",61, Female,USA,GOLD,42,3261.07,no
142181258,2026-02-14,2026/03/01,21,Female,United States,Bronze,3,243.47,Yes
768749738,2024-05-10,2026-08-31,20,Male,United States,Silver,40,1328.04,N
262272662,2026-06-10,,19,Female,Canada,Bronze,0,$0.00,Yes
811595617,2026-04-03,04/03/2026,30,female,IN,Bronze,2,54.87 USD,YES
562809014,2022/01/09,2026/08/12,42,Male,US,PLATINUM,32,,FALSE
935803766,2023-06-18,2026-09-04,23,Female,Germany,Silver,12,852.71,No
472548984,2023-03-21,2026-06-14,27,Male,United Kingdom,Bronze,9,414.18,No
825403214,2022-10-03,,40,f,United States of America,Bronze,0,0.0,Yes
199980043,2023/02/16,"August 29, 2026",38,Unspecified,USA,GOLD,17,3258.41,No
825509095,05/21/2022,2026-07-26,40,unspecified,UK,Silver,7,1076.58,No
198081271,2023-11-29,2026-08-31,21,male,united states,brz,1,75.35,No
800380071,2022-05-04,08/06/2026,58,Female,United Kingdom,Bronze,16,413.08,no
929875293,01-Nov-2024,07/27/2026,48, Female,Brazil,Silver,11,491.1,no
502172523,24-Sep-2021,2024-05-30,67,Unspecified,Canada,Bronze,5,343.21,Yes
638537097,2022-02-01,06/30/2026,59,Female,India,silver,25,1292.93,no
817633128,2025-05-02,2026-01-11,48,f,United States of America,Bronze,5,-197.09,Y
301096793,05/06/2022,08/26/2026,42,Female,United States,Silver,22,1476.50 USD,N/A
936193972,2024-02-21,2026/08/14,27,Female,United States of America,Silver,11,707.59,no
536125278,03-Mar-2025,08/13/2026,54, Female,United States,Silver,10,729.35,No
769159569,2023-12-18,,37,Female,United States,brz,0,0.0,yes
360797935,21.07.2025,2026-02-12,,Male,United States,Bronze,4,220.1,Yes
347679017,05/06/2026,31-Jul-2026,66,Female,united states,BRONZE,1,30.58,N
986841948,02/14/2025,2026-07-13,57,Male,usa,Bronze,,280.63,No
990390975,,05/03/2025,35,M,AU,Bronze,5,254.02,yes
952410199,09/27/2024,06/18/2026,21,M,india,Bronze,5,384.37,0
880711041,2025-02-10,"August 29, 2026",64,Female,US,Gold,41,1999.02,N
713088227,2026-01-29,N/A,55,Male,USA,brz,5,135.03,No
480671625,2025-05-09,2026-08-24,37,Male,USA,Bronze,2,,FALSE
225638522,12/02/2025,2025-12-02,47,unspecified,United States,Bronze,6,382.02,Y
471914795,26-Jun-2021,2026-05-27,81,femail,United States,Silver,32,1657.05,No
778946774,2025-08-19,2026-08-12,20,Female,Canada,Bronze,9,195.21,N
995023585,15.01.2024,08/06/2026,62,Female,United Kingdom,Bronze,5,143.35,0
510666895,04/17/2023,08/16/2026,36,male,United States of America,Silver,12,506.96,No
501048889,2023-04-26,2026-08-03,38,M,United States,Bronze,18,383.83,No
594331079,09/14/2025,2026-01-21,47,Female,US,bronze,4,358.66,Y
399063647,08/31/2024,01-Mar-2026,29,,Australia,Bronze,1,$21.03,
958219276,02/24/2022,"July 31, 2026",63,Female,usa,Bronze,21,-472.29,No
218126593,2025-08-11,2026-07-24,53,MALE,US,Bronze,8,421.92,No
571612556,2022-09-06,2026-09-02,24,Female,Canada,,17,812.66,N
438485691,2025-01-21,2026-08-20,73,Male,Brazil,brz,3,185.09,No
581840893,30-Jun-2023,2026-09-01,63,female,USA,slv,24,1187.92,0
370249311,05/06/2021,"August 21, 2026",41,F,USA,Platinum,44,5637.23,No
842033727,2024-12-30,02.06.2026,29,Male,United States,silver,17,1214.59,FALSE
709811341,,07-Aug-2026,57,O,Mexico,Gold,24,3037.34,N
468042336,2025-07-16,2026-09-04,58,F,United States,Bronze,9,282.69,N
160192258,"April 27, 2024",02.08.2026,37,M,Mexico,Silver,32,1374.48,No
856122635,2025-01-17,2026-03-01,57,female,United States,bronze,11,670.4,Y
208610868,2021-11-21,2026-07-18,67,,United States,Platinum,80,8982.84,No
530369882,2022-01-04,07/21/2026,42,Female,Brazil,Gold,15,2567.96,FALSE
276879451,"October 22, 2024",06-Aug-2025,66,Male,United States,BRONZE,3,105.13,Yes
936202415,2020-10-06,2026-04-21,38,Female,usa,Gold,21,"$2,873.07",N
541063388,10/11/2023,2026-06-24,63,M,india,Platinum,32,"$4,330.35",FALSE
828253327,15-Jun-2024,2026-03-01,44,Male,usa,Bronze,7,153.81,Yes
372867510,12/17/2024,08/30/2026,45,Male,United States,Bronze,1,134.21,N
956888631,"January 23, 2022",2026-05-12,53,Female,United States,Bronze,1,44.24,No
575678386,2025-01-23,2026-08-21,-,Female,CA,Silver,17,1060.6,0
240247806,2020-07-10,05/11/2025,62,M,,Silver,14,694.97,Yes
963313041,2022-09-15,2026-08-21,57,Female,England,Silver,11,631.49,N
769065529,2024-10-15,31-Jul-2026,37,Male,United States,Silver,11,$596.08,No
880791799,2026-04-09,2026-04-09,50,Female,CANADA,,5,289.31,
581188242,08/17/2022,2026-08-11,37,Male,,bronze,7,281.3,No
169832539,11/13/2024,2026-08-27,39,Male,Australia,SILVER,31,-1809.66,No
895652911,14.09.2024,07/20/2026,40,Female,United States,brz,3,301.9,0
788492572,2023-02-14,07/20/2026,68,Male,United States,Gold,41,2197.22,No
188600502,05/15/2022,2026-08-15,58,female,Canada,Silver,22,876.29,No
619311451,2020-05-21,2026-06-28,41,female,usa,Platinum,35,5135.94,No
225571698,2022/10/17,2026-08-09,47,F,IN,Silver,22,1228.92,No
855885286,23-Jul-2023,2026-07-30,35,Male,United States,Gold,35,1962.2,No
679973530,2023-01-12,08/09/2026,28,f,NULL,Bronze,4,178.31,no
517594703,2025-05-26,08.08.2026,47,Female,USA,Bronze,12,171.28,no
936089566,2025-02-09,2026-08-14,58,M,Canada,Bronze,5,221.98,No
436042949,2025-11-23,2026/07/23,31,Female,Mexico,bronze,4,284.01,No
303813538,2023-05-13,2026/03/01,72,Male,U.K.,Bronze,10,309.25,1
237475901,12/25/2024,2026-07-30,74,Female,UK,bronze,7,272.0,No
365760363,2022-06-03,05/11/2026,30,female,United Kingdom,Silver,36,"$1,898.48",FALSE
221658800,2023-12-17,2026-07-25,44,FEMALE,UK,Gold,23,2924.47,0
487791178,2024-12-03,18-Aug-2026,31,Female,Mexico,brz,1,76.98,No
112247847,12/02/2022,2026-08-02,41,female,United States,Silver,8,$603.38,N
731039803,07/01/2024,05/31/2026,62,Male,Great Britain,BRONZE,3,$121.95,FALSE
647799702,2025-04-25,2026-08-05,43,male,USA,bronze,,320.3,0
142253849,2023-01-21,2026-07-21,38,Male,United States,gold,51,"$1,846.25",no
933074805,2025-11-24,2025-11-24,72,Male,--,Bronze,3,,Yes
370156781,2025-12-02,2026-03-01,55,Male,USA,Bronze,1,$132.24,N/A
213831917,2022-10-12,26.08.2026,34,FEMALE,United States,Gold,46,4512.89,No
314971536,03.02.2026,16.08.2026,64,Female,Canada,Bronze,5,460.17,FALSE
176569178,2024-12-25,"August 23, 2026",25,male,United States,Bronze,5,118.95,no
726223084,2024-07-28,03.08.2026,59,,United States of America,Gold,35,3022.81,No
192732978,2023-12-29,2026-08-10,44,male,U.S.A.,BRONZE,8,$191.25,No
926322183,09/07/2024,2026-03-01,30,Male,CANADA,Bronze,4,499.82,Yes
968356538,2023-12-18,2026-05-13,55,Female,usa,silver,35,699.9,FALSE
281615164,21-Aug-2024,03/01/2026,49,O,United States,brz,9,365.43,Yes
307318143,03/08/2024,10/15/2025,30,Female,United States of America,Bronze,5,187.76,Yes
198919449,2023-05-09,2026-08-26,73,Male,United States,Silver,21,628.99,0
314516881,2024-05-27,18-Jun-2026,59,Male,usa,silver,24,948.01,No
616288636,2020-10-07,2026-07-03,47,Male,Canada,Silver,19,1374.88,no
581284024,13.10.2024,08/08/2026,46,F,England,Bronze,8,287.13,N
450391510,2024-10-11,08/14/2026,35,prefer not to say,USA,Bronze,5,379.61,FALSE
605355080,05/19/2026,19.05.2026,52,Male,Canada,Bronze,1,31.41,Yes
784149995,2024-03-26,,45,Male,usa,Bronze,0,0.0,Yes
290176697,2024-04-14,2026-05-30,68,M,canada,BRONZE,2,139.55,No
207488991,06/14/2026,2026-06-14,56,prefer not to say,U.K.,bronze,4,323.14,Yes
307880205,15-Jul-2024,08/22/2025,62,Female,mexico,bronze,2,77.88,Yes
623435503,2021-07-02,2026/07/29,48,,USA,Silver,19,"$1,795.16",No
323011365,"July 20, 2025",2026/09/03,48,Female,USA,Bronze,3,127.58,No
749884188,,07/02/2026,47,Female,US,Silver,18,1988.16,N
588944475,2025-06-13,2026-08-01,22,Male,USA,Bronze,3,209.83,FALSE
915916088,2021-04-03,2026-07-24,29,F,USA,Silver,29,1015.50 USD,No
355547195,09/29/2022,2026/08/06,30,Male,CANADA,Bronze,1,115.15,No
759273694,10/05/2025,08/22/2026,57,Female,usa,Bronze,7,334.9,N
816593069,"June 24, 2022",07/30/2026,24,Male,usa,Bronze,9,390.95,No
471670222,05/06/2022,2026-07-06,50,Male,CA,brz,9,425.62,no
415857678,2024-12-08,2026/07/17,43,Female,United States,silver,12,914.35,no
151919991,12.01.2024,2026-08-05,36,female,US,Bronze,7,409.88,No
415186135,2025-02-20,2026-08-13,39,Male,USA,Bronze,7,351.65,No
810164873,06/25/2022,20-May-2026,37,U,United Kingdom,slv,19,784.29,0
500348447,09.05.2024,31-Aug-2026,45,unspecified,Mexico,Silver,8,789.65,No
698606977,13-Dec-2020,07/24/2026,32,MALE,AU,Silver,41,1591.96 USD,0
422454704,04/17/2024,2026/06/29,31,prefer not to say,USA,Silver,16,1901.98,No
605289101,2023-12-03,2026-02-05,31,Female,IN,Silver,15,828.07,TRUE
286530548,05/10/2023,01-May-2026,35,Male,United States of America,Silver,19,1683.48,0
115397596,2022-08-17,05-Aug-2026,23,Unspecified,United States,slv,9,600.11,No
339489626,21-Apr-2026,2026-04-21,32,Female,Australia,bronze,4,174.55,TRUE
528468818,2023-04-16,,58,Male,United States of America,Platinum,37,6294.3,No
929006766,2024/07/03,2026-03-01,28,Female,united states,Bronze,8,$259.54,Y
796518473,18.04.2026,2026-07-19,50,Female,US,Silver,7,531.61,No
694105043,19-Feb-2023,2026-06-25,42,Female,mexico,bronze,15,506.97,No
337695701,05-May-2022,2026-07-14,43,female,Australia,Silver,25,1219.92,No
533955731,2024/08/31,09/02/2026,33,Female,United States of America,brz,13,297.15,No
862456748,2020-10-08,07/03/2026,70,F,USA,Bronze,11,316.73,No
845515723,06/29/2025,2026-07-21,71,M,USA,Gold,16,1827.42,No
540131421,12/09/2023,2026-07-31,33, Female,usa,Gold,47,3101.52,no
156018393,2021-08-05,07/27/2026,52,Male,England,Platinum,60,4077.87,FALSE
483341127,2023-11-03,07/22/2026,,Male,USA,Silver,20,891.05,No
966752933,2026/02/03,,37,Female,USA,Bronze,0,$0.00,Yes
239130737,"November 11, 2022",2026-05-29,43, Female,United States,Gold,60,3377.0,N
663179324,08/02/2025,"July 11, 2026",62,Male,BR,BRONZE,5,211.6,no
416435354,2022-05-24,25.06.2026,24,Male,India,BRONZE,6,417.93,no
340443232,23.08.2022,2026-06-29,62,MALE,Australia,Silver,21,1024.57,no
484436867,2025/04/27,2025-04-27,52,Male,AUS,Bronze,1,49.89,Y
480501981,2023-06-06,2026-08-17,44,Female,,Gold,23,1758.73,0
820955997,2019-09-11,"July 03, 2026",36,female,usa,Gold,67,2753.5,No
995016928,26.05.2024,2025-11-11,36,f,United Kingdom,Bronze,2,153.99,Yes
299356152,02-Oct-2025,2026-03-01,28,Male,United Kingdom,Bronze,N/A,304.7,1
792787991,2024-08-31,2026-07-31,54,male,United States,Bronze,5,143.01,0
782829202,2025/03/27,2025-09-13,42,Female,Canada,bronze,7,128.19,Yes
647576322,08/18/2023,2026/08/13,65,Male,United States of America,Silver,13,1267.68,No
381407475,02/15/2021,2026-08-30,41,MALE,United States,Silver,23,1613.68,no
661496454,2022-12-17,23-Jul-2026,40,Female,United States,Silver,19,1078.71,NO
573067617,2022-01-23,07/14/2026,30,Male ,United States of America,SILVER,29,1100.82,0
416595920,2024-10-17,2026-03-11,N/A,F,United States,Silver,16,$872.28,No
876628196,17.02.2022,2026-08-31,69,M,Australia,bronze,3,$98.35,No
839840973,2025-04-03,2026-07-27,26,Male,US,Gold,29,3545.46,No
980978629,2025/09/18,08/14/2026,31,F,US,Bronze,15,396.98 USD,FALSE
408492071,,2026-05-30,47,Male,United Kingdom,Silver,27,1549.51,no
275476783,2023-07-27,2026/06/04,46,Other,Australia,silver,25,1297.5,No
543904128,15.06.2026,,?,MALE,,Bronze,0,0.0,yes
810470471,2021-04-24,2026-07-08,83,Female,US,Silver,28,1258.76,No
227228804,"November 29, 2022",2026-08-21,50,Male,USA,Bronze,-999,431.94,No
553036539,09.05.2024,2026-08-07,32,female,United Kingdom,SILVER,17,1024.67,no
186662235,03/06/2025,06-Mar-2025,19,Male,usa,bronze,7,642.81,Y
253834691,02/28/2025,2026-09-03,42,Male,United States,Bronze,5,365.12,No
227521630,2023-07-07,06/23/2025,28,femail,,Bronze,4,175.69,Yes
594293254,2022-07-31,,45,Male ,USA,Bronze,6,166.63,no
417120092,2025-02-25,2026-06-28,58,F,Germany,Silver,16,1060.76,N
290996741,2024-06-13,2026-08-16,41,male,Canada,Silver,8,830.54,0
686333655,2025-01-24,2026-06-08,44, Female,CANADA,Bronze,2,160.81,No
678433879,"August 03, 2025",,46,female,USA,Bronze,9,229.39,1
466635800,2026-04-24,,67,Female,United States,Bronze,0,,Y
249969996,2022-10-10,2026-08-13,58,Male,Germany,Bronze,19,$302.55,N
780732735,2026-06-02,06/02/2026,33,Male,United States of America,Bronze,-1,32.43,Yes
855582941,2024-08-18,04-Aug-2026,-,Male,United States,silver,21,1046.39,No
958052180,2025-12-13,,38,U,US,Bronze,0,0.0,Yes
969277473,16-Oct-2021,07/30/2026,66,femail,mexico,silver,6,708.67,no
505464491,2022-12-21,07.08.2026,48,Female,US,  Gold ,16,2037.58,No
610687271,2024-11-26,2025-12-08,68,male,Brasil,BRONZE,6,177.02,Yes
342222107,2025-07-20,20-Jul-2025,54,MALE,DE,Bronze,1,$138.68,Yes
445295413,05-Dec-2025,,,Female,United Kingdom,brz,0,0.0,Yes
528491302,09.07.2024,2026-08-29,57,female,india,Silver,14,-782.6,No
469767450,2024-01-27,2026/08/15,39,female,United Kingdom,Silver,11,$599.05,No
524897434,04/21/2026,,25,Female,US,Bronze,0,0.0,1
742633381,2021-05-20,2026-08-23,33,M,United States,Silver,11,1171.99,No
784867590,"February 26, 2026",02/26/2026,59,Male,United States,Bronze,5,269.29,Y
735771448,02/24/2026,03-Sep-2026,49,Male,CANADA,Silver,7,643.56,No
126736074,17-Jan-2023,2026-05-31,55,Female,USA,Silver,37,-,no
556194393,2026-03-19,2026-03-19,50,Female,United States of America,Bronze,1,140.81 USD,Yes
321373029,2020-11-28,2026-09-06,55,Female,BR,silver,24,$659.32,No
864803270,2024-01-09,2026-06-14,38,f,UK,silver,16,,N
388346822,2026-02-25,,39,Female,,Bronze,0,0.0,Yes
351361584,07/08/2022,08/11/2026,36,N/A,Canada,Bronze,15,$517.08,NO
674065886,11-Mar-2026,2026-03-11,47,prefer not to say,India,BRONZE,3,75.0,1
951649091,2025-07-18,2026-06-25,72,male,US,Bronze,1,$48.10,No
590466120,2025-09-13,2026-07-17,57,Male,United States,silver,-13,-1322.0,No
812894176,2025-11-03,,44,M,Germany,Bronze,0,0.0,Yes
995436070,25.08.2025,,58,Female,AU,Bronze,0,0.0,Yes
907566990,2026-01-25,2026-01-25,50,Female,US,  Bronze ,1,58.18,Yes
696410247,2025-10-06,2026-02-22,22,femail,CANADA,Bronze,1,,Yes
946703387,2025-02-18,15.06.2025,31,Male,USA,Bronze,4,333.64,1
921575435,2020-09-08,2026-08-29,48,MALE,Mexico,GOLD,73,"$3,172.72",no
782759893,2024-09-08,2026-07-31,37,Female,US,Bronze,7,147.97,No
201474303,2020-11-15,2026/09/01,66,Female,CA,Gold,49,2810.82,no
880915268,11/10/2023,2026-07-03,65,Male,United States,silver,14,938.47,N
723101716,2021-01-12,2026-08-03,58,Female,India,Silver,11,999.07,No
157477928,2022-03-10,08/16/2026,69,Male,Great Britain,Bronze,6,287.59,N
556229611,09.10.2019,0000-00-00,32,Female,US,BRONZE,6,353.35,No
716932086,2023-10-20,2026-08-19,61,F,australia,Silver,16,1399.67,no
472735030,08/18/2025,2026-03-01,28,M,United States,Bronze,-999,90.96,1
418093264,2025-03-13,18.01.2026,50,M,AUS,Bronze,1,82.02,Y
730769903,2026-03-07,,55,FEMALE,Brazil,Bronze,0,0.0,Yes
306342241,2023-05-26,2026-07-18,25,female,USA,Silver,8,$571.53,No
828703023,2023-12-01,2026-09-02,19,N/A,United States,Silver,23,1423.47,no
777503134,2024-02-18,2026-07-12,43,Female,USA,Silver,24,1381.77,No
667929318,07-Jun-2022,05-Jul-2026,35,Male,United States of America,Bronze,3,217.07,No
947864782,21-May-2023,2026-07-29,28,Unspecified,united states,Bronze,9,371.65,No
209693289,29.09.2022,2026-04-24,65,M,United States,Gold,23,1610.33,No
871517768,09.04.2022,2026-08-28,34,Female,Brazil,BRONZE,16,$399.47,
571500231,03/14/2023,07/04/2026,38,N/A,United Kingdom,silver,20,1349.32,No
135635773,2022-12-28,2025-02-20,56,F,CANADA,Bronze,4,223.62,Yes
878755737,11/24/2019,2026-08-02,33,M,United States,Bronze,28,588.19,FALSE
689293633,09.02.2025,12/11/2025,32,M,AU,Bronze,1,67.28,Yes
972308566,2025-08-22,2026-06-30,36,male,united states,Bronze,1,32.24,0
570391242,2026-04-02,2026-04-02,65,Male,USA,Bronze,1,26.24 USD,Yes
149037998,2022-04-13,09/01/2026,61,F,United States,Silver,32,1516.79,No
741915394,2022-10-20,2026-06-23,24,Male,United Kingdom,Gold,19,2141.91,FALSE
957192217,2024-01-12,,44,Male,United Kingdom,BRONZE,8,223.95,No
933649611,2025-03-08,10/11/2025,36,male,United States of America,N/A,7,393.04,Yes
660002293,03/12/2025,2026-01-08,38,F,United States,  Bronze ,5,123.61,yes
416419257,2026-01-24,,39,Male,India,BRONZE,N/A,0.0,Yes
742951368,2023-01-12,2026-06-26,29,Female,US,Gold,27,1642.34,no
875800634,2023-04-02,05/23/2026,71,f,CA,Bronze,10,200.41,N
565529223,2023-03-07,03-Sep-2026,30,U,AU,Bronze,6,366.5,NO
621165985,"April 10, 2021",2026-07-27,51,,Canada,Gold,39,2089.88,No
213736308,15-Jan-2023,2026-07-10,28,F,Mexico,unassigned,30,1227.95,No
312644090,2022-05-02,2026/08/20,31,Male,United States,Silver,8,670.52,No
517019343,09/01/2024,2026-06-22,29,F,US,Bronze,5,,0
604053889,2023-01-15,2025-03-28,38,M,United States,Silver,20,,YES
924158841,2022-01-18,,34,Male,United Kingdom,Bronze,0,0.0,Yes
212629813,2023-09-28,06/11/2025,66,Unspecified,United States,Bronze,21,520.56,Yes
214722372,2025-07-04,2026/05/10,72,f,United States of America,Bronze,8,113.61,No
766766033,08/13/2024,2025-01-19,44,M,United States,Bronze,5,184.81,Yes
973608276,2021-10-28,2026-07-21,67,M,United States,Silver,12,716.16,No
270774035,12/31/2024,03/01/2026,42,M,US,Bronze,2,52.64,Yes
495669156,2024-07-28,2026-08-30,36,Female,United States,Bronze,10,313.63,No
229192965,04-Oct-2020,2026-06-20,47,male,australia,gold,21,2462.82,No
942740512,09/24/2021,"July 10, 2026",38,Male ,USA,Silver,16,606.68,N
816815644,2025-12-24,,23,FEMALE,Canada,Bronze,0,,Yes
117740123,23-Aug-2026,,76,F,Mexico,Bronze,0,0.0,Yes
458555912,2025-07-29,08/28/2026,58,Female,Canada,Bronze,2,83.46,0
153266942,2020-12-22,27.01.2026,28,female,United States,Bronze,11,564.88,1
353065996,11/02/2024,2026-07-01,29,Male,Great Britain,Silver,15,964.06,No
121200348,2023-05-26,2026-07-26,29, Female,United States,Bronze,10,553.33,No
194557619,2026-03-01,2026/03/01,29,Male,Canada,Bronze,6,243.51,Yes
308989102,2020-08-08,2026-08-04,65,f,USA,slv,52,1588.24,0
546072184,2022-03-26,2026-08-21,55,Male,United Kingdom,silver,12,899.13,no
751910515,2025-07-04,2025-07-04,53,Female,United States,Bronze,3,339.34,Yes
852214622,2025-02-24,2026-08-21,37,Female,CANADA,Silver,11,1094.33,No
563165580,2021-08-21,08/03/2026,30,male,United States,Bronze,9,351.99,No
426417420,2023-03-03,,,Male,united states,gold,19,1700.38,N
213878543,09/21/2022,08/18/2026,63,Male,Mexico,Silver,37,1971.39,NO
973237700,2023-12-30,2026-07-16,41,N/A,BR,Silver,14,714.59,No
611761408,"February 19, 2026",,37,male,United States of America,BRONZE,0,0.0,Yes
593969979,12/24/2025,2026-03-29,88, Female,USA,silver,4,607.25,No
709553311,04/21/2020,"August 30, 2025",50,male,Canada,Bronze,,223.36,Yes
626832151,2025-02-01,25.06.2026,82,Male,IN,Silver,10,763.16,0
513632158,2024-10-30,31-Aug-2026,62,Male,australia,Bronze,6,362.17,N
723794189,2026-02-10,2026-02-10,46,Male,united states,Bronze,2,40.0,Yes
821272287,2025-10-22,2026-08-29,70,male,US,Bronze,2,99.58,No
424892424,2026-04-14,2026-04-14,44,m,united states,Bronze,1,55.33,Y
957024106,"June 02, 2022","August 18, 2026",32,male,Germany,Gold,19,1896.41,No
167283161,05/01/2025,08/06/2026,80,Female,USA,Bronze,14,259.13,No
570196438,2023-03-04,2026-03-01,59,Male,canada,Bronze,1,41.98,Y
447956007,2026/05/21,"May 21, 2026",24,Male,Canada,bronze,1,37.64,1
284786700,2026-07-15,,52,Female,,Bronze,0,0.0,Yes
122183496,01.10.2021,2026-09-05,53,FEMALE,United States,Platinum,40,7183.24,N
950818993,2024-10-18,20-Aug-2026,42,Male,United States,gold,22,2267.75,No
198497930,2022-09-05,21-Aug-2026,30,Male,United States,slv,21,1275.82,No
619604779,2023/12/30,18-May-2026,,M,US,,7,1451.55,No
734354936,09.01.2024,01-Mar-2026,74,Female,india,bronze,2,157.03,Y
652340351,05-Sep-2024,N/A,34,Male,United States of America,Gold,20,2070.82,No
964942482,2023-04-10,05/29/2026,34,Female,--,Gold,27,2597.87,NO
829730472,05/20/2025,"August 18, 2026",73,MALE,United States,Bronze,4,$194.75,no
396401930,2024-09-30,2026/07/16,52,Male,USA,Bronze,3,161.13,NO
474212692,2024-05-28,2026-07-11,,Male,US,slv,16,1171.38,No
542091635,2025-01-30,2026-08-04,46,Female,CA,bronze,4,212.72,No
690579148,2024-10-31,,56,MALE,USA,Bronze,7,228.84,Yes
515717691,12/21/2025,2026-08-25,52,Female,Brazil,bronze,3,126.24,no
486604039,2025-04-12,08-Jun-2026,50,Unspecified,India,Bronze,6,456.34,no
602372534,11/15/2022,2026-08-03,35,Male ,USA,silver,13,1106.87,No
102308320,13.05.2020,2026-08-10,40,Female,United Kingdom,Bronze,7,450.21,0
931447723,09/01/2020,,39,Male,U.S.A.,Silver,23,778.98,no
716415608,2026-04-09,2026/04/09,35,F,United States,Bronze,6,-,Yes
634343002,05/11/2024,"May 22, 2026",61,Male,germany,Bronze,11,239.31 USD,No
170387593,2024-09-18,05/16/2026,59,Male,United States,bronze,9,650.99 USD,No
203623372,2022-02-07,2026-08-27,,MALE,United States,Platinum,75,"$3,964.80",No
515942124,04/28/2024,07/18/2025,36,Male,United States,Silver,27,628.85,1
168781575,2021/07/22,08/21/2026,31,Male,Australia,Platinum,43,6404.13,N
169383884,2024-08-19,2025-12-02,55,Female,,Bronze,4,256.16,Yes
115872650,2025-11-03,,30,Female,united states,BRONZE,0,0.0,Yes
123292927,2022-04-18,06/28/2026,45,Female,México,Silver,13,1220.0,No
551965647,2020-08-04,10.08.2026,,F,united states,Gold,34,3182.67,No
137606781,03/09/2024,11-Jun-2026,35,Male,United States,Silver,12,1019.82,N
362606280,04.08.2022,2026-04-21,34,FEMALE,Mexico,Bronze,12,400.16,No
818121807,2025-04-15,2026-08-01,65,Female,Australia,bronze,13,308.48,No
285219101,2022-12-01,2025-12-22,58,prefer not to say,Germany,BRONZE,3,117.47,Y
661324364,2023/03/09,2026-08-09,50,Female,U.S.A.,Gold,26,1969.92,No
958058735,08/24/2024,08/12/2026,33, Female,United States,Bronze,5,133.72,No
625660076,2024-11-10,08/03/2026,51,non-binary,USA,Bronze,5,167.93,No
913483285,,2026-08-27,25,Male,United States of America,Gold,27,2464.14,No
681844299,15-Jun-2024,2026-08-06,32,femail,United States,Silver,8,508.59,No
466995212,2022-07-22,13-Jul-2026,26,FEMALE,UK,GLD,28,"$2,929.30",No
703118105,06/21/2025,2026-08-17,29,Female,united states,Bronze,2,53.4,No
259339141,2023-11-06,2026/07/10,36,other,usa,BRONZE,,114.81,N
916862722,2020-07-19,03/30/2026,28,Female,United States,Gold,73,1760.68,No
689805597,2024-09-11,2026-08-31,48,prefer not to say,England,bronze,6,623.08,0
356098787,2025-02-01,2026-05-04,35,Male,United States of America,  Silver ,6,$663.45,No
571674821,2023/04/20,27-Aug-2026,57,female,Brazil,Silver,16,1205.33,No
235589860,"November 11, 2023",2026-08-08,43,F,United States of America,Silver,17,742.02,N
190134957,30.12.2023,2025-05-14,29,Female,United States of America,Bronze,1,$15.18,Yes
891023522,03-Mar-2023,08/16/2026,40,Female,Canada,Silver,6,576.5,No
848039628,12-Dec-2022,,55,Male,India,  Gold ,19,1533.28,No
955193457,24.06.2023,08/05/2026,22,male,United States,Bronze,1,19.55,No
101019688,2026-01-25,25-Jan-2026,47,Female,BR,  Bronze ,1,53.26,TRUE
477165225,29.06.2022,2026-06-27,65,femail,United Kingdom,Silver,13,1422.12,NO
338525115,2022-11-02,2026-07-28,51,f,United States,Silver,22,1251.45,No
273115086,2026-06-20,,42,male,USA,bronze,0,0.0,yes
638693350,2025-11-09,07/07/2026,52,female,India,Bronze,7,143.39,No
897102037,10/06/2021,2026-06-05,43,f,United States,silver,16,1264.97,no
155966182,"May 12, 2023",28-Jun-2026,43,MALE,USA,Silver,7,650.4,No
641878496,05/09/2023,2026-08-10,33,Male,Germany,silver,12,936.44,No
265254450,2025-04-17,2026-08-05,40,M,India,BRONZE,6,244.97,FALSE
828332763,2020-05-18,2026-08-28,42,Female,Canada,gold,53,3160.17,N
357082517,2021-02-17,2026-06-26,41,Female,CANADA,Gold,31,2302.27,No
400866180,2025-05-11,01-Mar-2026,,Female,australia,bronze,2,102.82,yes
464503832,2024-12-06,2026-05-23,40,Male,U.S.A.,BRONZE,5,425.38,N
830613251,2022-06-04,0000-00-00,,Other,US,Silver,20,1753.3,N
155758148,2021-05-12,2026-08-18,65,Male,Canada,Bronze,4,119.34,no
903675689,2026-03-23,03/23/2026,56,Male ,United Kingdom,NULL,2,93.38,Y
493593808,2021/06/24,2026-08-07,57,Male,U.K.,SILVER,21,730.11,N
627643004,2025/10/03,,41,Female,United States,Bronze,0,0.0,Yes
817009857,2024-12-31,01-Mar-2026,63,Male,England,Bronze,5,162.92,Yes
272259070,2021-07-13,2026-08-09,NULL,Female,US,bronze,2,74.27,no
290624004,2023-03-02,06/12/2026,47,Female,USA,silver,19,1207.06,No
988805922,06/15/2021,2025-11-12,41,Male,United States,brz,4,120.14,TRUE
471678761,"April 03, 2023",2026/06/24,,U,United States,Gold,61,2566.43,No
131764680,19-Aug-2024,2026-07-13,68,Female,Australia,Bronze,2,94.41,No
481882503,2023/01/23,,24,Male,England,Silver,14,1078.96,No
438185970,2024-01-30,2026-08-02,21,Other,United States,,,277.26,No
379976195,2023-08-23,08/16/2026,36,Male,AUS,Silver,23,"$1,519.97",No
254543443,"July 13, 2025",2026-08-25,43,F,Canada,Silver,20,712.65,N
366460476,09/07/2024,2026-05-14,59,FEMALE,,none,10,643.41,No
497121379,2022/12/08,,60,Unspecified,India,GOLD,58,4500.24,No
391236646,2023-11-02,2026-08-05,27,female,USA,Bronze,2,328.25,No
940983375,07/10/2024,,44,Male ,Brazil,Bronze,0,0.0,Yes
815677863,"March 16, 2022",12-Jun-2026,84,FEMALE,United States of America,Gold,56,3937.14,0
249532051,2026-01-28,,60,male,United States,Bronze,0,0.0,Y
120110927,,2026-08-19,32,Male,Canada,Silver,30,1994.67,No
776027031,2021-07-25,2026-08-19,84,Female,united states,Platinum,155,11043.65,No
506642561,2020-02-25,2026-05-27,28,Female,Brazil,Silver,10,752.17,No
337017969,2023-09-16,28.08.2026,29,Female,United States,BRONZE,8,276.69,no
574098029,07/11/2023,2026-07-07,45,F,United States,Bronze,2,56.62,No
763157763,2023-04-28,2026-06-04,23,Female,Canada,Bronze,9,484.97,No
590715700,10/06/2025,2026-01-07,38,femail,US,Bronze,6,217.12,Yes
913547810,2024-07-19,2026-09-04,31,female,CA,Silver,8,681.65,0
346308671,2022-05-29,06/24/2026,45,Male,usa,bronze,15,362.69,No
449227035,08/31/2024,2025-04-22,60,f,United States,Bronze,3,-,Y
774495705,18-Dec-2025,11-Jan-2026,46,Unspecified,U.S.A.,Bronze,1,67.41,1
806465509,2022-09-24,08/17/2026,60,Male,UK,Silver,8,1167.89,No
836392820,2021-04-29,07/22/2026,59,male,US,SILVER,31,-1320.96,no
138958827,2022-10-02,,54,Male,United Kingdom,Bronze,0,0.0,Yes
591480481,04/15/2023,08/24/2026,46,male,UK,bronze,11,278.23,No
542912525,04-Nov-2021,03/01/2026,30, Female,canada,BRONZE,13,336.47,Yes
539491118,2022-07-22,"September 01, 2026",35,Female,AU,Bronze,8,$350.17,No
196847100,14-Mar-2022,2026-06-24,38,female,U.K.,Bronze,7,335.5,No
718793919,09/23/2023,17.06.2026,52,f,--,silver,18,714.35,no
205646243,2025-06-30,2026-06-25,24,male,United States,Bronze,17,368.5,No
914320891,2025/08/23,07-Sep-2025,36,Female,,BRONZE,1,69.07,1
511968239,,07.08.2026,55,Male,Germany,Silver,40,949.72,N
419737746,2024-11-04,23-Aug-2026,23,Female,US,Bronze,3,328.58,N
774934048,2024-03-22,2026-08-27,62,male,United States,Silver,21,979.14,No
943170561,2025-11-27,30.07.2026,26,Male,United Kingdom,Silver,9,698.81 USD,no
866392632,2023-08-22,2026-06-21,53,f,Canada,Silver,12,658.17,0
454228330,14.01.2024,30-May-2026,35,MALE,Germany,silver,13,652.6,No
250233879,2024-08-05,2026-09-06,31,Male,USA,Gold,31,3039.71,No
479705377,2021/12/30,20-Aug-2026,37,Female,AU,Silver,21,1315.62,No
890317951,2024-01-16,2026-07-10,40,F,CA,Gold,48,1913.9,No
466578771,03/05/2023,2024-10-01,41,Male,United States,Silver,10,624.43,Yes
216269343,06.09.2021,2025-11-30,42,M,UK,bronze,4,222.19,Yes
147928494,10/22/2025,2026/07/19,36,unspecified,canada,Bronze,6,572.45,no
844726253,04/27/2024,,62,F,Canada,Bronze,0,0.0,Yes
117976555,2025-05-03,2025-11-06,49,Female,BR,Bronze,2,80.65 USD,Yes
400574689,05/27/2023,"January 06, 2026",55,Male,UK,bronze,3,77.82,Yes
362379366,15-Jun-2024,2026-03-01,36,Female,usa,Bronze,8,$146.04,Yes
415941061,05/05/2025,2026-08-30,28,M,US,bronze,4,248.99,no
112972230,2024-10-19,08/02/2026,51,F,US,BRONZE,2,72.17,No
688040433,2024-03-03,31-Aug-2026,59,Male,United Kingdom,silver,13,1192.02,No
112194779,2024/10/02,04.07.2026,N/A,prefer not to say,United States,Silver,34,1427.61,No
455287363,2019-12-11,08/19/2026,54,other,BR,Bronze,32,461.56,NO
547199842,2025-01-03,not available,31,Female,Brazil,Bronze,6,297.27,No
623894397,11/04/2022,,30,Male ,United States,BRONZE,15,331.21,No
637141897,2022-01-22,2026-08-05,21,M,,Silver,30,724.71,0
682745637,2024-03-05,2026-08-11,43,Male,AUS,Silver,22,1287.77,N
949959028,01/23/2022,14-Aug-2026,47,M,CANADA,Silver,7,1206.62,FALSE
197045345,2024-07-03,17-Aug-2026,,Female,United States,Silver,-999,1250.37,N
119967457,2022-02-10,05/21/2026,63,female,United States,Gold,20,2146.31,No
131465327,04/09/2023,2026-06-26,61,Male,Mexico,BRONZE,15,449.74,No
467262288,2023-12-27,2026-06-29,41,F,usa,Bronze,4,173.32,No
550500754,18.07.2025,2026-07-24,,Male,usa,Gold,15,1761.58,No
525624403,02/25/2025,2026-07-08,unknown,Male,United States of America,none,8,704.07,No
136291658,13-May-2025,2025-09-08,N/A,female,Mexico,Bronze,2,234.2,Yes
899814452,20.02.2022,,41,Male,UK,BRONZE,0,0.0,Yes
336178533,2022/12/02,2026-05-29,33,prefer not to say,germany,Gold,29,2249.96,0
757461667,24-May-2024,07/16/2026,36,FEMALE,United States,Bronze,none,470.63,No
406951005,2023-12-03,2026-08-21,68,Female,CA,Silver,8,543.72,No
570766039,2026/08/01,,65,female,AU,,0,$0.00,Yes
449824972,2024-01-13,2026-08-14,33,Female,India,none,13,1352.97,No
259372384,2025-04-24,2025-04-24,44,MALE,US,bronze,5,265.9,YES
118128474,07/13/2023,2026-05-25,49,Female,United States,bronze,4,140.83,No
730150931,03.03.2020,2026-05-14,37,MALE,Mexico,silver,55,1258.27,No
577442972,2023-04-09,2026-05-03,27,N/A,USA,  Bronze ,12,613.75,0
796068721,2023-11-03,2026-07-21,28,Female,Brazil,SILVER,29,1418.89,N
576493598,26.03.2024,30-Nov-2025,40,MALE,United States of America,Bronze,10,407.32,Yes
855759287,2026/03/06,"March 06, 2026",35, Female,India,bronze,6,261.27,Yes
749467726,28-Oct-2021,NULL,N/A,Other,United States,Gold,22,2174.95,No
740661499,2022-07-19,2026-07-21,36,male,United States,  Silver ,21,missing,no
489649675,2025-03-25,,39,Female,NULL,bronze,0,0.0,YES
948676114,2024-05-30,2026/08/20,36,Male,United States,Bronze,15,524.3,NO
323339973,07/01/2020,2025-09-16,39,Male ,United States of America,Bronze,3,$182.20,Yes
126441803,2024-04-21,2026-06-29,51,Female,Germany,Silver,10,$851.27,No
712188659,2023-06-19,2026-08-02,66,Female,USA,Gold,23,1913.21,NO
736158721,2023-01-14,06.06.2026,60,,United Kingdom,silver,17,1299.78,No
435310971,2024-08-30,2026-07-30,33,Male,US,Silver,19,738.59,No
891239248,2026-03-08,2026-07-08,59,female,United States of America,Silver,8,950.81,No
695635790,2024-02-19,08/06/2026,46,male,United States,slv,17,1349.89,No
950021968,2021-05-22,2026-08-18,62,female,U.S.A.,Silver,14,664.83,No
173020664,09/09/2024,2026-09-04,35,Male,US,bronze,6,386.91,No
277197604,2025-07-09,09.07.2025,39,m,United States,Bronze,5,397.41,Yes
763156424,29-Jul-2022,2026-08-18,20,Male,United States of America,Silver,29,998.34,No
167281550,04/13/2026,04/13/2026,49,MALE,United States,Bronze,5,198.12,1
374649148,2020-08-15,08/18/2026,68,F,United States,BRONZE,10,197.14,N
861634366,2024-09-25,2025-11-05,23, Female,US,brz,4,451.75,Yes
182222921,2022-01-18,01.06.2026,49,female,usa,Silver,25,1005.99,0
386673396,2024-06-19,07/30/2026,37,Female,India,Bronze,11,301.33,No
792539314,2022-12-18,2026/07/03,22,F,,GOLD,45,,No
338026958,11-Apr-2024,2026-07-04,,Female,Deutschland,bronze,8,440.33,N
482863752,2025-02-14,2025-02-14,28,Female,Canada,Silver,7,655.71,YES
840788245,23.07.2025,01.03.2026,22,F,US,Bronze,1,57.43,Yes
142359735,04.12.2021,2026-07-29,24,M,BR,  Gold ,N/A,2232.46,No
210978502,2022-01-23,2026-08-14,40,Unspecified,United States,Silver,25,1085.73,N
347958022,2025/12/22,08/19/2026,37,Female,Canada,Bronze,8,564.28,No
127404521,2025-08-04,2026-07-19,41,Female,India,silver,17,1184.65,no
245569582,2024-06-13,08/22/2026,60,male,Australia,SILVER,12,1453.42,No
245616826,2023-05-16,2024-09-25,29,Male,uk,Silver,6,516.82,Yes
556765447,2025-06-12,"June 02, 2026",52,Male,United States,silver,16,838.38,NO
451298010,06-Sep-2019,2026-07-27,79,Male,USA,GOLD,36,3298.28,No
535844310,2022-05-08,04/09/2025,59,Male,United States of America,bronze,4,302.2,YES
138314932,2023-11-16,"August 12, 2026",67,Male,USA,silver,28,1723.06,FALSE
408796490,10/06/2024,,41,Male,United States,Bronze,0,NULL,Y
735378452,"April 24, 2022",2026-08-13,48,F,United States,silver,19,"$1,041.24",NO
475476894,2026-02-28,"March 01, 2026",26,male,USA,Bronze,5,174.79,Y
911705276,24-Mar-2024,2026/08/15,38,F,United States,bronze,5,264.98,N
233714089,2023-06-08,2026/02/14,40,Male,united states,  Bronze ,,60.97 USD,Yes
935581470,06/25/2021,"July 14, 2026",24,male,United States,PLATINUM,70,,N
438714874,2023-07-22,2025-10-10,25,unspecified,usa,Bronze,8,216.29,Yes
168854156,2023-06-04,08/06/2026,31,OTHER,USA,Silver,24,754.81,NO
718040953,08/13/2021,2025-10-24,28,Male,United States,Bronze,6,354.96,1
354704677,2025-01-14,2026-03-01,49,FEMALE,Canada,Bronze,1,69.0,YES
720237250,2022-09-30,"August 14, 2026",71,Male,United States,Silver,9,748.38,No
346286333,2025-03-29,2026/08/09,39,Male ,United States,Bronze,17,438.64,FALSE
343165625,07/01/2021,2026/08/29,22,female,USA,Bronze,2,79.26,N
422955264,2021-10-15,2026/07/04,28,Female,Canada,platinum,41,5574.0,No
160674788,05/09/2023,07/30/2026,58,Male,Brazil,gold,24,2371.63,0
163516855,04-Nov-2023,2026-08-19,62,Male,US,Silver,52,940.73,N
208518358,2024/06/11,2025-08-03,,Female,Brazil,Bronze,9,252.02,Yes
498695519,2025-10-25,2026-06-21,69,M,USA,Bronze,1,38.14,NO
394991777,16-Mar-2023,"August 02, 2025",62,Male,United States,bronze,2,$169.84,Yes
839579976,2022-01-18,06/13/2026,24,male,United States,silver,6,1251.82 USD,N
861134830,2022-12-06,2026-07-31,31,FEMALE,Brazil,Silver,12,1921.6,No
531844248,,19.06.2026,57,Male,United States,slv,21,921.76,No
571796986,2026-01-07,07-Jan-2026,51,Other,Germany,Bronze,5,$82.61,Yes
612513356,2020-05-27,12.07.2026,29,Female,United States of America,Silver,18,819.8,N
126158535,14.11.2021,,78,Male,United States,Silver,14,1087.07,Yes
870236090,2023-08-13,07/20/2026,33, Female,United States of America,Bronze,3,114.54,No
856686525,2025-07-04,2026-06-25,43,Female,,slv,16,-562.54,FALSE
419564924,2024-09-03,,56,Female,United States,Bronze,0,0.0,Yes
897822739,2021/10/08,2026-07-17,33,F,Brasil,Silver,31,1069.91,No
251729552,2021-09-08,2026-06-23,26,Male,United States of America,Bronze,11,331.88,FALSE
789247565,2022-10-01,2026-08-31,35,Male,United States,Silver,35,1264.03,No
480418928,2024-01-19,2026-07-15,56,Female,United States,bronze,none,148.27,N
609162916,2026-05-07,01-Jul-2026,41,Female,United States,Bronze,-3,234.77,No
311157002,2026-03-16,03/16/2026,43,unspecified,United States,BRONZE,1,34.37,yes
755139663,20.04.2025,24-Jun-2026,39,Female,United States of America,Bronze,3,207.58,FALSE
182641207,2025/11/18,,64,Female,U.S.A.,Bronze,0,0.0,Yes
191147399,"August 13, 2026",,68,MALE,united states,Bronze,0,0.0,Yes
564668592,2024-01-24,2026-06-28,45,FEMALE,USA,bronze,3,167.21,No
737622226,2025-02-28,2026/08/05,64,M,United States,Gold,18,2020.69,FALSE
947177380,01/04/2026,,33,Male ,UK,Bronze,0,0.0,Yes
580113438,22-Oct-2023,2026-08-13,49,Male,Germany,brz,9,217.86,No
400958399,2024-04-29,2026-06-25,38,male,Canada,Bronze,9,355.57,No
690956527,2024-11-07,23.08.2026,26,Male,Canada,bronze,3,145.02,No
883420775,05/20/2022,2026-08-26,74,Female,United States,Silver,10,931.88,No
841876153,07/05/2025,2026-08-12,51,Female,Mexico,brz,3,82.21,No
883741126,05-Sep-2020,08/13/2026,40,F,USA,Bronze,4,116.10 USD,no
291918438,2022-06-12,07/20/2026,49,Female,Canada,Gold,54,"$1,931.21",No
716863880,08/20/2022,08/18/2026,57,m,Germany,bronze,23,$556.25,N
670636371,07/21/2025,23-Aug-2026,51,Female,Canada,Silver,6,603.44,No
395144786,22-Jan-2025,2025-03-09,33,Female,MX,Bronze,2,149.6,TRUE
166526555,2022-05-07,23.04.2026,29,Female,AU,Gold,56,"$2,342.96",NO
205967391,01/24/2023,08/06/2026,49,Male ,US,Bronze,7,405.37,NO
964339244,2021-12-17,07/05/2026,32,Male,uk,Silver,13,973.79,no
149592491,06/03/2021,2026-06-03,44,Male,United States,Silver,12,N/A,No
681738275,28-Dec-2024,08/02/2026,75,Male,United States,bronze,4,362.93,N
471927907,2020-08-20,08/13/2026,74,Female,,Silver,34,1143.5,No
440630758,"August 09, 2024",06/04/2026,57,M,United States,  brz ,16,552.8,No
124078126,2022-08-26,2026-07-23,25,female,United States,Gold,47,3197.22,no
949325664,07/22/2025,2026-08-23,44,MALE,USA,Silver,-12,796.88,FALSE
137966697,04/05/2021,2026-07-07,51,female,USA,gold,20,2848.06,N
916417975,2021-06-30,2026-08-26,32,Female,AU,Silver,26,1109.4,No
127679062,19.12.2023,2026-08-01,55,Male,US,silver,15,991.29,NO
403559255,02-Jun-2025,2026-05-21,19,Female,usa,silver,13,857.09,FALSE
781507658,2025-10-10,2026-08-12,26,Male,USA,Bronze,3,305.25,
377378421,"April 02, 2024",2026-03-01,43,male,U.S.A.,SILVER,5,504.01,Yes
735403083,2020-05-27,2026-08-03,41,Female,India,Platinum,98,21965.64,No
609259154,2024/09/22,08/16/2026,55,m,Canada,Silver,17,919.57,No
357790730,16.01.2024,01/16/2024,46,Female,Canada,Bronze,4,359.11,Yes
405937990,02.09.2021,"July 28, 2026",54,Female,UK,Silver,14,871.11,No
860129575,03/05/2026,2026-03-05,61,Male,United States of America,bronze,2,52.59,Yes
767654429,2023-05-08,2026-07-28,54,Male,United States of America,Gold,23,2560.0,No
919182443,2023-02-17,2026-08-09,37,f,United States of America,Gold,46,3452.94,No
390354503,02/02/2022,09-May-2026,38,Female,England,Platinum,186,"$10,988.45",no
570247324,2025-03-17,2025-03-17,42,Male,Australia,Bronze,1,87.05 USD,1
877293502,26-Oct-2025,2026-08-08,47,male,United States,  BRONZE ,2,142.64,0
181232279,2023/07/02,"July 25, 2026",48,,MX,Silver,10,807.27,No
221947239,10.01.2026,07/28/2026,47,MALE,US,Silver,7,1063.95,no
261320943,05/09/2022,2025-04-30,23,Male,US,brz,3,504.46 USD,Yes
849984950,20-Apr-2026,,53,F,United States,BRONZE,0,0.0,1
592020590,05/20/2025,27.08.2026,47,F,australia,Bronze,2,182.04,No
139783276,2024-04-24,2026/08/24,36,Male,United Kingdom,Bronze,5,$422.66,No
757962498,2023-05-11,2026-06-20,25,f,US,Bronze,9,323.05,0
733227020,02/02/2024,2026-06-08,32,Male,AUS,Gold,32,"$2,205.05",
860707037,2024/06/27,15.08.2026,24,Male,U.K.,Silver,16,932.07,No
632180715,27.11.2023,2026-08-04,33,unspecified,US,Silver,23,1170.35,N
958776172,"February 18, 2024",27-Jun-2026,40,female,Canada,Bronze,,-430.65,N
847458414,2022-05-22,2026-08-15,46,femail,CA,Silver,24,1014.44,No
700869270,12/20/2023,27-Aug-2026,37,male,United States,Silver,26,1653.52,N
710032601,02/21/2025,19-Nov-2025,24,Female,Great Britain,bronze,1,34.36,Yes
467366636,2024/06/22,2026-05-11,91,male,united states,Gold,12,2076.94,No
561776111,09/18/2022,2025/07/29,65,Male,US,bronze,5,348.3,Yes
435115455,2025-03-11,14-Aug-2026,28,m,Australia,Bronze,3,163.62,No
138950995,01/11/2026,2026-08-01,54,femail,United States,  Bronze ,9,309.83,No
594178871,06-May-2021,2026-07-16,51,Male,USA,Platinum,45,6825.67,No
867488087,2021-11-07,2026-06-14,40,Male,Mexico,silver,25,1579.04,N
117218971,2024-12-27,2026-07-31,69,Female,U.S.A.,Bronze,NULL,337.87,N
148346795,2024-10-12,"April 04, 2026",66,Male,United States,Silver,8,779.36,NO
896118141,2020-04-08,07-Jul-2026,43,M,England,Silver,27,1822.13,No
654752193,11/11/2024,10-Aug-2026,32,Female,Brazil,Bronze,7,$316.07,No
841619997,2024-07-03,2026-08-29,36,Female,US,Silver,6,713.88,No
640220666,2026-02-28,,25,MALE,MX,Bronze,0,0.0,1
965241353,2021-10-27,2026-08-05,40,Female,Canada,Gold,18,2232.52,No
860105450,"May 20, 2021",08/03/2026,24,female,Mexico,Platinum,42,"$3,779.66",No
141199489,2023-02-27,08/21/2026,65,female,United States,unassigned,35,"$2,232.32",No
153863391,2025-02-01,08/05/2026,23,Male,México,,7,800.08,no
758871244,2024-01-18,"July 11, 2026",75,FEMALE,United States,Bronze,15,633.45,No
461452258,2025-07-25,2026-07-24,43,f,UK,Bronze,11,531.28,No
278801881,2023-05-31,2026-05-30,62,male,United States of America,Gold,30,2800.78,N
831620488,05/02/2023,08/21/2026,21,Male,India,Gold,22,1788.21,No
863350299,2023-09-17,08/22/2025,21,Male,United States,Bronze,6,201.58,Y
254816692,"August 12, 2024",2026-08-22,27,F,Canada,Silver,6,,No
177993367,2022-12-10,05/19/2026,45,Female,United States,Bronze,8,379.58,N
472698797,11/30/2021,03/01/2026,30,F,usa,Bronze,4,308.17,Yes
494775789,"March 08, 2026",,42,Male,MX,Bronze,0,0.0,Yes
438154616,2026-04-11,2026-04-11,54,Male,unknown,BRONZE,-999,117.97,Yes
504723703,06/30/2023,03/01/2026,35,Male,CANADA,Bronze,3,275.42,Yes
365251833,2020-01-18,2026-04-01,30,Male,United States of America,GLD,44,4114.36,no
601897936,09-Jan-2023,2026-08-15,21,M,United States,Silver,21,952.07,NO
906832562,02/12/2021,06/01/2026,34,Male,UK,Gold,27,2577.41,No
356965846,2025-11-08,2026/09/06,33,Male,usa,bronze,5,312.5,No
980241499,18-Dec-2025,07/06/2026,48,Female,United States,silver,5,978.71,0
213295193,19-Jul-2023,08/23/2026,61,Male,US,GOLD,51,"$2,387.13",0
320752570,"January 25, 2022",2025-06-18,26,Male,United States of America,Bronze,4,$193.87,Y
885144990,"November 02, 2022",2025-03-28,55,Female,United States,brz,12,,Yes
948285667,2024-02-17,2026-08-07,82,Male,US,Bronze,3,344.55,No
754013367,2022-05-18,2026-06-12,28,Unspecified,UK,Bronze,14,335.21,no
563652378,2022-05-16,03/01/2026,44,Male,NULL,Bronze,7,422.43,Yes
182641207,2025/11/18,,64,Female,U.S.A.,Bronze,0,0.0,Yes
455701377,18-Aug-2025,2026-07-19,37,Male,Australia,silver,4,577.68,No
457896498,09/29/2023,2025-03-15,64,Female,AUS,Bronze,5,341.61,Yes
128903275,07/06/2021,2026-08-18,29,prefer not to say,United States,Platinum,35,3980.46,FALSE
740877723,03/07/2024,0000-00-00,49,Male,CA,Bronze,4,247.91,No
967925677,2021/07/14,03/01/2026,86,Male,India,bronze,8,208.42,yes
170559107,2024-08-07,11-Jul-2026,65,f,BR,slv,19,883.76,No
489735196,2025-03-25,,67,Female,United States of America,none,0,0.0,Yes
403524379,22.07.2024,2026-08-14,,other,canada,Silver,23,907.82,No
654010478,2024-03-20,01/11/2026,32,Male,United Kingdom,Bronze,4,242.17,Yes
219062855,30-Nov-2024,2026-05-01,51,Unspecified,USA,Bronze,14,427.02,NO
687101915,2023-07-11,,61,MALE,CA,brz,0,0.0,Yes
899491522,2024-11-07,,58,Female,United States,Silver,21,856.74,no
375288471,2023-11-22,2025-08-15,35,M,usa,Bronze,5,285.67,Y
206276633,2022-05-17,04/27/2026,61,prefer not to say,US,Silver,13,482.98,0
331683459,2022-01-09,2026-05-30,36,male,UK,Bronze,13,357.55,No
397654176,27-Mar-2021,2026-07-20,42, Female,united states,gold,54,2983.12,0
815301295,2026-02-10,2026-08-09,37,Male,Brazil,bronze,1,134.45,No
856808035,08/03/2021,16-Jun-2026,34,Female,Germany,slv,22,1022.93,No
480405864,"October 08, 2023",08/19/2026,N/A,Female,Australia,Bronze,7,179.3,No
222834978,24-Nov-2023,,68,MALE,US,bronze,none,0.0,1
863988875,2024-04-07,05-Dec-2024,27,MALE,CA,Bronze,1,42.27,Yes
401620761,2024-03-07,2026-08-23,52,female,United Kingdom,Bronze,3,280.1,No
548543099,11-Aug-2022,2026-06-05,42,female,Canada,silver,21,949.84,0
195576233,2025/02/17,2026-08-16,29,Female,United States,Silver,25,1111.99,0
934327528,2023-11-05,29.08.2026,44,male,Germany,Bronze,11,491.01,no
606625328,2025-07-02,2025-07-02,42,Female,United States,Bronze,7,294.75,Yes
308176756,11/29/2022,2026-05-08,52,female,Canada,silver,22,-923.8,
760354018,08/18/2025,08/18/2025,27,F,Canada,unassigned,1,19.56,Yes
906155021,2023-03-20,2026-08-30,42,Male ,India,Silver,19,737.04,No
850417794,29-Oct-2021,2026-08-09,42,F,Canada,Gold,21,,N
217809079,26-Dec-2023,not available,50, Female,Brazil,Silver,13,819.95,NO
621770464,2022-07-30,"August 29, 2026",65,male,United States,PLATINUM,47,4812.13,No
515256804,2023-02-21,2026-03-01,38,Male,australia,Bronze,2,95.43,Yes
249137625,2021-06-04,2026-03-11,42,Male,U.K.,Platinum,32,5516.96,No
467920829,03/11/2023,2026/09/03,49,Male ,DE,Gold,27,1761.25,No
946197286,08.06.2022,08/19/2026,20,Female,United States,slv,21,-900.82,N
564878423,2024-12-02,2026-08-24,60,Male,USA,Bronze,2,117.71,No
669307905,2024-11-11,2025-12-06,37,Male,U.S.A.,Bronze,8,273.98,1
857705799,2024-01-18,2026-08-17,37,M,USA,GOLD,21,-2149.32,0
523305421,2023-05-19,2026-07-13,66,male,U.S.A.,SILVER,12,965.58,no
629904484,2025-04-16,08/15/2025,43,Male,India,bronze,2,57.49,TRUE
450103671,2025-12-23,,35,Female,United States,bronze,0,0.0,Y
268860834,2026-02-21,02/21/2026,43,MALE,united states,BRONZE,1,38.97,Yes
459818373,2024/10/09,07/15/2026,52,Male,Canada,Silver,22,666.04,No
737698265,2024-09-15,08-Jun-2026,19,Male,US,Bronze,10,303.54,No
147546446,01/28/2024,,48,Male,Brasil,Bronze,16,524.98,No
490805806,2023-08-12,25.01.2025,70,Female,United States,silver,16,1135.74,yes
914552105,08/30/2023,2026/07/28,34,Female,Deutschland,gold,32,2652.01,No
268373574,2022-12-12,"August 05, 2026",55,Female,CA,slv,15,826.6,0
655333439,2019-07-12,24.05.2026,40,female,united states,Silver,21,1122.49,0
470587037,2021-01-27,06/19/2026,48,Female,USA,Gold,33,1687.87,0
879654640,2023-10-13,2026-05-07,40,MALE,US,Gold,51,2882.87,No
622059478,2022-05-22,2026-08-02,74,m,germany,BRONZE,15,521.68,0
106400825,2022-03-11,26-Jun-2026,22,f,United States,Silver,36,1683.06,No
893765569,2025/05/09,"May 09, 2025",67,Male,brazil,Bronze,,608.05,Yes
101492892,"August 17, 2024",2024-12-13,45,male,UK,  Silver ,26,619.68,yes
827035325,2026-04-17,17.04.2026,70,MALE,U.S.A.,Bronze,2,67.48,Yes
645131128,11/12/2024,14.07.2026,54,Female,Great Britain,Bronze,5,$281.51,no
463160642,2023-06-25,2024-02-23,55,Female,Canada,Bronze,2,111.52,YES
856084813,2026/03/15,15-Mar-2026,30,Female,Germany,Bronze,2,88.93,Yes
721266312,19-Apr-2024,2026-08-08,59,M,United States,Silver,17,"$1,638.27",0
696010272,2026-06-02,02.06.2026,39,Male,United States,Bronze,4,133.45,yes
779566709,05/16/2025,07/22/2026,43,Female,US,Silver,6,906.75,No
124711357,2025/02/06,09/27/2025,62,Female,IN,Bronze,4,282.85,Yes
565771023,10/21/2025,"March 01, 2026",54,Female,Germany,Bronze,2,63.05,Yes
795568119,2020-12-27,2026-08-01,37,Female,India,Gold,102,3288.72,No
239618696,2025-11-07,07/19/2026,43,Female,Canada,Bronze,2,,No
711479469,2022/08/19,2026-07-26,33,Female,United Kingdom,Bronze,N/A,542.15,No
576520512,2025-01-22,06/22/2026,41,F,United States,Bronze,1,67.63,No
713018029,03-Apr-2023,07/31/2026,29,female,DE,Silver,10,779.24,No
611049699,2019-11-10,2026-08-15,54,FEMALE,USA,bronze,5,436.07,N
204759157,06/22/2026,2026-06-22,41,Male,United Kingdom,  Bronze ,2,NULL,Yes
919733392,2025-04-03,"August 24, 2026",40,male,United States,silver,9,922.48,NO
912125194,2024-11-14,2026-08-30,28, Female,United States,Silver,26,N/A,No
980049871,04/11/2022,2025-11-06,35,F,IN,bronze,2,50.22,Yes
984159602,2021-12-27,2026-08-16,30,Unspecified,US,Silver,7,858.04,No
650208485,06.01.2026,2026-08-29,47,F,Canada,Bronze,3,117.39,no
657339346,05/23/2020,08/14/2026,46,Male,United States of America,SILVER,28,1099.23,No
705375202,2021-03-23,13.07.2026,48,Male ,united states,Gold,68,2368.82,N
265469807,2022-06-20,2026-08-13,56,Female,United States,Bronze,15,362.78,N
419805930,2023-04-12,09/01/2026,25,MALE,United States,Bronze,13,460.28,No
726271860,03/17/2026,03/17/2026,40,F,united states,Bronze,1,61.29,Yes
525514143,08/03/2024,"March 01, 2026",48,prefer not to say,US,Bronze,8,509.8,yes
229040672,2020-04-14,03-Aug-2026,38,Male,United States,Gold,45,1436.45,No
196608670,2022/03/14,2026-07-13,38,male,Germany,Bronze,2,142.35,no
937143756,2025-09-04,"March 01, 2026",41,Other,mexico,bronze,7,215.76,Y
972231298,2022-03-12,2026-08-01,27,F,United States,slv,42,1269.67,No
321887710,2023-09-13,,50, Female,AUS,slv,27,655.78,NO
705257180,2021-08-07,2026-07-14,47,Female,Canada,Bronze,,381.04,FALSE
918399511,"July 01, 2022",2025-03-22,47,Female,United Kingdom,BRONZE,5,276.89,Yes
417281286,28-Mar-2025,27-Jul-2026,33,Male,US,BRONZE,3,156.02,N
494035603,2024-01-16,"June 25, 2026",47,Male,US,Bronze,4,$320.25,No
470580742,2025-11-13,"June 06, 2026",55,female,United States,Bronze,8,430.71,NO
976587379,2023-05-10,13-Aug-2026,36,Female,United States of America,Bronze,14,635.13,No
919619077,09/21/2025,21-Sep-2025,42,MALE,United States,  silver ,7,607.17,yes
611376780,2024-10-17,2026-03-01,33,Female,United States,bronze,8,361.82,Yes
701295860,2022-02-06,2026-08-09,35,Male,Canada,Bronze,,193.81,No
637860716,2022-10-26,07/27/2026,50,Male,UK,Bronze,14,567.87,no
860567887,2022-01-30,2026/06/30,53,Female,United States,bronze,7,467.59,No
705598726,2022-05-07,2026-07-16,61,F,Brazil,Bronze,13,380.26,0
889945460,"August 23, 2022",2026-07-02,56,M,United States,slv,25,1986.73,N
801582604,2022-05-17,29-Aug-2026,25,MALE,U.S.A.,Bronze,10,499.83,no
819747920,03/11/2023,12-Aug-2026,,Female,USA,Silver,11,819.41,0
471191144,2020-10-11,2026/08/05,42,FEMALE,United States,Bronze,9,,No
995533732,2025-03-12,03/01/2026,,FEMALE,USA,Bronze,3,40.26,Yes
927648721,2025-06-21,2026/06/14,26,F,--,Silver,10,795.55,N
362152754,2025-08-25,"December 15, 2025",42,M,US,Bronze,2,53.59,yes
311371604,2020-01-27,20-Jul-2026,30,MALE,United States of America,Silver,,1118.29,No
151990420,06.11.2024,14-Sep-2025,34,Male,U.S.A.,brz,2,107.53,Yes
264340789,2021-10-07,2026-06-30,48,Female,United States,Silver,23,970.76,0
531531880,12.12.2022,"April 23, 2025",61,O,United States of America,Bronze,4,189.77,Yes
873672363,2025-02-22,,53,Female,Canada,Bronze,0,0.0,Yes
240484914,2020-09-06,07/16/2026,55,other,United Kingdom,Gold,26,2148.06,No
167578649,2026-07-10,,38,female,,Bronze,0,0.0,Yes
119689687,09-Jul-2022,2025/08/12,,Female,UK,,7,218.67,Yes
978147591,2025/01/09,08/11/2026,33,F,US,Silver,41,594.83,No
669259074,06/01/2022,2026-07-15,43,Female,India,,17,"$1,443.67",no
271501840,2020-10-25,2026-08-17,23,unspecified,united states,Silver,28,$834.03,FALSE
641405576,2025-01-24,08/03/2026,24,Male,CA,brz,7,548.65,No
799052323,2022-11-18,"August 07, 2026",38,Male,United States,Silver,31,1250.69,No
801558223,"February 15, 2023",2026-08-27,41,MALE,united states,bronze,2,182.06,N
135466812,2023-10-21,2026/08/23,34,FEMALE,Canada,Bronze,10,468.33,No
720444456,2020-12-25,"August 20, 2026",57,Male,United Kingdom,Gold,19,1785.07,No
968854756,05-Aug-2020,03/01/2026,43,Male,United States,Bronze,5,426.18,yes
875874601,2022-08-01,2025-03-20,32,female,UK,bronze,2,277.09,1
605622601,03-Dec-2019,05-Aug-2026,52,male,US,SILVER,26,945.27,No
254425660,07-May-2022,08/05/2026,28,female,United States,Bronze,6,293.49,No
505919140,05/29/2021,2026-06-25,27,MALE,U.K.,Silver,7,713.15,NO
103337089,2024-04-21,2026-03-01,55,Male,United States,Bronze,8,346.41,Yes
491760101,2024-10-17,2026-02-25,44,other,Mexico,Silver,9,,yes
443790623,12/18/2019,09/03/2026,39,male,USA,Bronze,15,399.03,No
737918107,2022-11-15,06/21/2026,47,Unspecified,IN,Gold,27,1575.50 USD,FALSE
764865912,10.09.2023,07/31/2026,22,Male,,silver,22,1444.07,No
337364121,06/25/2021,,32,Male,USA,Bronze,0,0.0,yes
377639624,2022-08-22,07/15/2026,25,Male,United States,Bronze,8,463.98 USD,NO
610281384,2022-03-22,2026-08-04,46,Male,Germany,Bronze,5,79.92,No
431577098,04/03/2023,2026-06-19,46,Unspecified,India,Gold,13,2306.77 USD,0
733530183,08-Apr-2023,18-Aug-2025,49,prefer not to say,US,Bronze,,52.59,1
473932491,04/17/2021,2024-09-06,61,femail,united states,BRONZE,2,134.36,Yes
313741819,2024-07-01,05/29/2026,,Male,United Kingdom,Bronze,6,162.04,No
889768615,2025-05-24,"August 15, 2026",43,Female,CANADA,bronze,4,223.43,NO
667173845,06/26/2022,2026-08-04,41,,India,Bronze,8,579.79,No
786677276,2023-08-16,02-Sep-2026,34,m,United States,Silver,38,1691.96,no
320718681,2025-01-02,2026-05-07,25,Female,United Kingdom,Silver,12,831.02,N
436151222,2022-06-04,18.06.2025,66,Male,Mexico,BRONZE,2,$129.12,TRUE
490155188,2021-03-02,13.11.2024,45,femail,United States of America,slv,27,1520.0,Yes
981074921,"September 06, 2024",2026-07-27,33,Male,United States,Silver,12,,No
500790616,"July 26, 2020",2026-08-23,36,F,united states,gold,58,4355.36,No
345731994,"August 10, 2020",2026-07-28,67,Male,USA,Platinum,59,4291.39,No
612506892,2022/02/16,2026-08-02,82,Female,United Kingdom,slv,9,470.6,No
152108846,21-Mar-2025,2025/11/05,18,Male,U.S.A.,bronze,2,104.62,YES
142027236,11/14/2025,2026-08-27,62,F,AU,Bronze,2,76.34,No
322794085,2026-04-11,04/11/2026,64,Female,India,Bronze,3,298.52,Yes
818992672,2025/12/07,2026-03-01,48,f,England,bronze,3,190.42,Yes
431587448,2023/11/09,16.08.2026,,M,United Kingdom,Silver,25,1029.27,No
532325205,2023-12-30,2026-08-18,42,f,India,Bronze,7,343.02,NO
645860094,2023-03-11,2026-05-27,29,Male,CA,bronze,10,423.36,No
489610661,02/17/2025,2026-04-25,35,unspecified,United States,slv,9,463.91,No
615707281,10/05/2025,02/20/2026,58,M,MX,Bronze,1,41.54,Yes
402594492,09/25/2025,25.05.2026,93,Male,United States of America,Bronze,7,219.52,No
679689116,04-Aug-2025,,46,f,US,BRONZE,0,0.00 USD,Yes
160629611,2021-02-20,2026-09-04,33,Male,usa,Silver,15,1292.12,0
704242400,12/12/2023,2026-08-31,48,Male,United States of America,bronze,6,321.55,N
271265449,2023-04-26,08/29/2026,66,F,India,Gold,12,2487.67,No
579662808,12/04/2024,2026-08-24,26,Male,Australia,Bronze,6,342.89,No
368594916,2022-04-10,2026-03-01,28,Male,UK,Bronze,13,621.48,Yes
363812074,2024/06/09,2025-12-11,22,m,United States,Bronze,4,227.89,Yes
964916256,07/17/2025,2025-10-10,32,Female,U.S.A.,BRONZE,6,242.95,Yes
848885058,2023-11-12,08/10/2026,56,,Canada,none,14,156.48,N
780588603,04/08/2024,2026-07-22,65,Female,US,Silver,23,947.9,N
911747511,11/18/2020,2026-06-25,40,female,United States of America,bronze,12,541.69,FALSE
273403590,07/23/2020,05/09/2026,40,Male,CA,GOLD,57,2637.81,0
537793079,27-Jun-2025,30.10.2025,35,MALE,Canada,bronze,4,163.6,yes
357962191,26-Oct-2025,12.07.2026,35,Female,Can.,Bronze,6,130.3,no
151396925,2024-11-28,2026-05-31,64,F,United States,BRONZE,4,$350.83,No
890806500,2021-03-03,2026/08/20,41,M,Canada,gold,22,2751.73,no
343940016,2020-07-29,2026-08-05,48,Male,United States,silver,29,625.94,NO
864399411,2024-01-23,2025-09-06,40,Female,Germany,Bronze,2,197.21,1
227359271,2024-04-14,2026-06-05,28,Male,Germany,Bronze,2,88.09,N
953519268,2020-08-07,2026/06/22,66,male,United States,Bronze,13,541.27,no
950650404,2023-11-13,2026/08/26,33,FEMALE,United States of America,Bronze,5,375.35,No
392730619,24.05.2024,"August 17, 2026",41,unspecified,INDIA,GOLD,34,2860.46,No
856261634,2024-06-12,2026/07/18,68,Female,US,gold,20,2370.12,No
887764537,2023-08-28,2026-05-30,51,male,australia,Silver,8,891.1,0
422842720,2022-09-10,2026-03-01,41,Female,USA,Bronze,1,$28.20,Yes
850236673,2026-03-24,2026-03-24,42,Male,United States,Bronze,2,127.72,YES
936980660,26.08.2024,2026-01-16,39,Male,United States,bronze,3,156.66,Y
424676408,"January 27, 2023",2026-08-10,54,U,Mexico,Silver,-999,1443.61,
361273434,2025-09-23,,41,f,united states,bronze,0,0.0,Yes
846247996,03/02/2024,2026-08-19,34,Male,Germany,Silver,22,1581.24,No
423379136,2025-06-09,06/18/2026,53,Male,USA,bronze,-999,424.22,0
760836522,08-May-2021,04/03/2026,53,f,US,GOLD,56,3005.38,No
516470441,20.12.2023,2026-07-10,26,male,United States of America,Bronze,7,233.22,No
450600253,06/20/2023,2026-07-29,41,male,Canada,Bronze,6,462.1,No
780312981,01/24/2022,14.08.2026,57,Female,UK,Silver,,709.6,N
710334290,2022-06-05,26-Jul-2026,38,Female,germany,Bronze,6,missing,No
164117219,2025-07-14,07/05/2026,29,Male,United States of America,Bronze,11,321.21,no
711490488,2022/11/26,2026-04-09,26,Male,United States,Bronze,14,403.33,No
773938910,"July 27, 2025",2025-09-22,24,Male,United States,Bronze,3,78.53,1
507715306,2023-11-11,05/06/2026,76,Male ,Mexico,  BRONZE ,5,287.82,No
855079474,19-Apr-2026,,41,Male,United States,Bronze,0,0.0,Y
394761873,2023-08-16,03.09.2026,76,male,United States,Silver,15,1368.28,No
575266172,2024-06-29,2026-06-22,55,Female,United States,,44,3520.57,no
622563047,2025-09-07,2026/09/04,41,Female,USA,Bronze,6,268.42,No
143408091,2019-08-19,13-Aug-2026,35,Female,United Kingdom,Plat,55,7898.35,N
942692939,2023-11-25,2026/08/14,27,Male,,Platinum,,3368.4,0
192508135,11/06/2022,07/25/2026,50,Male,United States of America,GLD,34,4323.65,No
640332346,16-Nov-2022,2026/08/23,37,female,United States,Silver,10,818.29,N
783816478,2022-07-22,2026-07-07,46,F,United States,Silver,12,1202.42,0
616954989,2023-05-01,07/25/2026,38,MALE,United States of America,Bronze,11,428.78,No
668495576,2025-04-16,2026-08-19,80,Male ,Canada,Bronze,,519.18,0
990325740,2023-08-08,2026/07/16,46,Female,United States,Silver,9,$682.80,No
588234163,30-Nov-2023,2026-08-15,36,Female,U.S.A.,Bronze,6,601.61,no
431082802,2023-07-25,2026-08-08,78,Female,Brazil,Gold,16,1906.81,No
444967234,07/16/2021,2026-07-17,75,MALE,Australia,Gold,26,3006.98 USD,No
534102040,02/03/2025,2026-07-23,49,,canada,Silver,N/A,864.72,N
688650830,"May 04, 2022",2026-07-23,55,female,United States,Silver,6,$451.67,No
349114691,2024-06-09,2026-07-27,41,f,Canada,Plat,26,6015.03,no
240794937,14-Dec-2023,2026-07-21,24,MALE,USA,Platinum,22,3720.33,No
195201592,2024-10-15,2025-06-19,29,Female,India,Bronze,1,124.76,1
687090902,25.03.2025,2026-04-07,28,Male,United States,GOLD,26,1991.29,No
634109023,2021-09-03,"July 03, 2026",49,Male,England,Gold,18,1578.21,N
492998582,2026-02-28,2026-02-28,36,non-binary,USA,  brz ,4,200.2,Yes
370867650,2023-08-28,,44,female,IN,Bronze,13,421.28,No
772873793,09/07/2022,01/13/2026,64,Male,US,Bronze,26,548.53,Yes
169428008,03-Mar-2020,04.09.2026,36,Female,United States,Silver,27,1763.86,N
753639009,25-Dec-2022,2026-04-28,38,Female,United Kingdom,Silver,-999,1057.13,No
114817291,2022-11-02,2026-08-05,36,female,germany,bronze,11,345.12,No
669933140,2023-12-02,09-Jul-2026,40,female,BR,Silver,15,662.04,No
972070430,2024-02-14,07/10/2026,30,Female,India,Silver,29,807.88,No
720280365,2023-07-05,2026-08-19,23,,United States of America,Gold,35,2810.52,0
969295858,2022-06-21,2026-08-19,29,Male,USA,Silver,9,461.74,0
161403853,2025-06-27,,26,female,canada,Bronze,0,0.0,Yes
226967450,2024-01-16,2026-06-20,24,Male,United States,Gold,34,2541.39,No
716809246,11/24/2022,"July 20, 2026",75,Female,Can.,,3,247.55,0
958976332,2026-05-28,,unknown,female,United States,BRONZE,0,0.0,YES
914320891,2025/08/23,07-Sep-2025,36,Female,,BRONZE,1,69.07,1
865655933,2024-08-08,,52,Female,United States of America,Bronze,0,N/A,Yes
790290519,05/25/2022,15.07.2026,37,m,India,  SILVER ,28,1155.04,No
820127312,12/27/2022,2026-08-10,33,Male ,,Silver,31,1235.3,No
595629480,2023-01-16,07/23/2026,23,Female,United States of America,Silver,8,1203.6,No
217914992,"April 19, 2025",05/24/2026,42,Male,USA,Silver,6,549.1,no
134127798,2024-01-18,07/20/2026,26,Female,BR,Bronze,3,212.64,0
481860193,2023-12-12,2026-07-22,38, Female,US,Bronze,13,260.24,No
851609540,2025-12-08,09.06.2026,30,F,India,Bronze,7,148.45,No
970793309,2025-04-18,22.08.2026,51,male,United States,bronze,1,93.25,0
604589626,2025-07-25,2026-02-21,42,f,usa,Bronze,6,645.2,Yes
796679913,30-May-2023,2026-08-24,46,Female,unknown,bronze,11,409.77,No
581234008,2024-07-27,05/03/2026,31,Male,United States of America,brz,9,290.47,N
565689166,11/01/2023,2026/08/21,38,Female,U.K.,Silver,14,742.31,0
234407234,2022-03-21,10-Jun-2026,46,Male,Mexico,  GOLD ,32,-,0
513149645,2025-01-25,2026-07-31,35,Female,usa,Bronze,9,-385.45,0
214626569,2025/03/28,08/03/2026,35,Male ,England,Bronze,7,$392.42,0
702360445,2025-08-10,10-Aug-2025,34,Female,United States,  bronze ,5,240.49,Yes
354660624,2022-05-06,2025-09-24,54,Female,India,Bronze,4,211.61,Yes
501338209,2024-09-09,2026-05-22,54,Female,United States,Silver,15,537.27,No
132490584,12/15/2023,2026/06/12,18,MALE,mexico,Bronze,14,334.16,No
170910290,05.03.2023,2026-08-02,33,Female,United States,silver,34,1817.9,No
924070230,05/20/2026,05/20/2026,49,Male,US,Bronze,1,34.79,Yes
805862775,2022-08-05,2025-10-30,32,male,IN,Bronze,1,188.61,YES
713516516,2023/07/14,03/01/2026,24,Male,CA,Bronze,2,193.52,Yes
576415235,2024-01-23,2026-06-03,33,Male ,USA,silver,8,854.0,No
154278912,2022-02-27,2026-06-15,56,,MX,SILVER,31,875.74,No
532844211,2025-02-28,18.06.2025,29,female,USA,Bronze,5,292.0,Yes
838904859,2026-03-31,2026/03/31,68,female,usa,Bronze,3,169.79,Yes
825300035,06/12/2023,,33,m,usa,BRONZE,0,0.0,YES
335345743,,2026-08-29,37,M,India,Bronze,6,344.1,unknown
702593007,09/16/2025,10/26/2025,73,female,United States,bronze,1,29.57,Yes
549451340,2022-02-21,07/28/2026,49,F,México,Silver,22,1298.57,No
968802973,2022-10-03,,,M,United States,SILVER,17,772.59,No
157740649,2022-03-20,08/18/2026,52,male,Mexico,slv,9,503.09,FALSE
870102392,2026-07-14,,58,Male ,Australia,Bronze,0,0.0,Y
656718346,2024-02-09,2025-01-20,57,Male,United States,Bronze,4,108.42,YES
703933296,08-Sep-2024,20-Aug-2026,30,Female,India,Silver,26,1244.74,NO
229759617,2022-12-29,07/24/2026,38,Female,United States of America,silver,17,-1230.46,FALSE
931841029,2022-09-19,,31,F,Canada,Silver,43,1467.64,No
241081829,2026-02-16,2026-02-16,50,Female,USA,Bronze,2,134.07,Yes
686501844,2025-01-06,31-Jul-2026,50,Female,,Silver,34,1557.21,No
310865772,2024-09-23,,57,Other,Germany,Bronze,0,0.0,Yes
712851504,2026-08-08,,31,F,United States,bronze,0,0.0,yes
452559400,2024-06-05,2026-07-01,29,Female,United States,Bronze,10,$394.19,0
189301223,2022-10-15,,64,F,United States,Silver,26,831.33,no
811334468,2020-09-03,08/20/2026,53,Female,United States,Gold,18,1809.35,N
954685913,2023-07-18,2026-09-02,21,Male ,Germany,Bronze,7,598.06,No
137205276,2025-04-27,2026-08-08,44,FEMALE,Germany,Silver,10,missing,N
221716664,2025-07-04,04.07.2025,32,Unspecified,united states,Bronze,2,$139.11,Y
526522894,2025-10-09,10/09/2025,32,,united states,Bronze,3,325.53,Yes
462945943,02/25/2023,2026-08-23,68,female,brazil,Gold,41,3605.6,No
347369232,2020-08-29,03/01/2026,45,F,india,Bronze,19,380.53 USD,Yes
187141128,2023-11-10,2026-07-16,23,Female,,  Silver ,15,1033.79,No
293280735,2026-04-01,2026-04-01,NULL,Male,Canada,brz,3,133.95,Yes
909836788,"July 26, 2023",2026-06-15,46,MALE,Brasil,Silver,23,1983.68,No
997087542,11/29/2025,,36,male,United Kingdom,Bronze,0,0.0,yes
698006295,2023/07/07,"August 04, 2026",45,Male,USA,Gold,19,2101.19,No
446104322,2021-09-14,2026-07-26,26,Male,United States,Platinum,43,4493.71,No
858807054,10/04/2025,2026-07-25,40,M,US,slv,5,508.8,No
889894873,2024-08-25,08/28/2026,53,femail,US,Silver,27,698.27,No
930414139,2026-08-13,,41,m,AU,  Bronze ,0,0.0,Yes
572011094,2023-04-30,2026-08-22,55,Male,Canada,bronze,-3,68.16,No
179955327,2022/02/07,2026-08-10,35,MALE,CANADA,Bronze,7,320.39,No
841842245,2024-05-16,01-Mar-2026,48,M,USA,Bronze,3,-192.43,Yes
404768380,2024-05-08,2025-10-21,38,M,N/A,Bronze,4,,Y
442999842,2022-09-22,08/22/2026,63,male,United States,Bronze,17,314.34,FALSE
945964170,19-Mar-2021,2026-08-12,69,Male,IN,Gold,101,,no
130778401,15-Feb-2022,2026-08-04,39,Female,United States,Gold,29,1689.38 USD,No
686215147,04-May-2023,2026-06-07,34,F,United States,Silver,7,786.13,No
105547147,2021-08-13,2026-08-17,42,U,Australia,Gold,121,2661.12,No
263088697,2025-07-14,2026-05-19,55,female,united states,Bronze,1,43.07,No
853957329,2020-06-03,2026-09-04,37,Male,UK,Silver,27,769.2,N
899013813,2021/05/07,2026/07/07,21,Male,United States of America,silver,12,852.25,No
192292799,"December 07, 2022",2026-08-20,20,Female,CANADA,Silver,19,1777.33,No
974442388,"July 11, 2024","June 15, 2026",43,,BR,Gold,27,2645.99,0
487986328,13-Jan-2026,,45,MALE,Mexico,Bronze,0,0.0,Y
658940006,05/01/2024,2026-06-01,55,Female,Canada,Gold,14,1776.22,No
869297775,2026-07-15,2026-08-20,24,Male,United States of America,bronze,7,427.94,No
388210497,17-Jan-2023,01.03.2026,57,femail,usa,Silver,8,584.03,Yes
485547806,2022-06-08,19-Jun-2026,53,non-binary,canada,GOLD,34,1485.79,No
493458370,03-May-2023,2026/07/24,58,FEMALE,Germany,Bronze,24,208.68,no
842090200,2026-02-18,2026-02-18,50,female,usa,Bronze,3,106.99,TRUE
163952382,20-Jan-2026,2026-01-20,48,Male,Germany,Bronze,2,108.14,YES
470309462,07/23/2025,,69,Female,United Kingdom,Bronze,5,192.49,Yes
349163514,2026-01-20,2026-01-20,48,FEMALE,United States,Bronze,N/A,212.23,Yes
471768745,06/21/2023,2026-06-20,44,Female,Germany,Bronze,3,246.74,No
118971923,2023-11-01,2026-07-06,53,M,U.S.A.,brz,1,62.21,No
155588058,2024-08-29,2025-10-12,29,femail,germany,Bronze,2,86.11,Yes
747686508,2020-09-05,2026-07-22,54,M,US,Silver,16,1509.15,No
790319464,2024-05-22,2026-07-27,65,Female,Germany,Silver,29,1059.21,No
885854663,2025-07-21,08/03/2026,36,M,Brazil,brz,5,124.01,No
994980135,08/23/2025,2026-05-19,38,Male,United States of America,Bronze,5,171.07,NO
280372597,2022/07/16,2026-08-04,46,unspecified,US,Gold,36,2394.44,No
201517884,2021/08/22,2026/07/17,49,Female,United Kingdom,Silver,16,690.38,FALSE
536621106,2022-08-26,2025-05-13,54,,Canada,Bronze,8,261.06,Yes
731988331,2023/10/13,29-Jul-2026,57,Male,USA,Silver,14,$905.22,No
210807602,2024-09-15,08/19/2026,23,Female,united states,Bronze,7,433.23,No
634380186,08/25/2022,01.09.2026,25,Male,United States,Gold,38,2162.7,N
212626847,2021-05-09,2026-05-21,38,Male,USA,Silver,28,1016.51,No
780600201,12/30/2023,2025-08-11,?,Male,Mexico,Bronze,1,$20.39,yes
556947878,2026-03-30,2026-03-30,48,O,USA,Bronze,2,193.74,Yes
695106251,2023-07-02,"June 08, 2026",,MALE,USA,Silver,9,975.88,No
621481862,28.02.2025,,73,Female,US,Bronze,0,0.0,yes
737561426,2023-02-25,06/16/2026,61,female,Can.,platinum,36,6615.56,no
633022258,07/21/2022,20.03.2026,36,female,Germany,GOLD,32,3357.75,No
782526589,2022/05/13,06/16/2026,34,Female,CA,Gold,40,3270.97,No
518987872,2021/03/29,2026-07-26,20,F,India,Silver,19,1581.49,NO
803304595,12/23/2024,01-Mar-2026,51,F,india,bronze,4,184.12,Yes
916459388,05/06/2023,2026-08-22,47,MALE,USA,Bronze,19,583.05,No
908150747,2022/10/31,06/11/2026,33,f,Canada,Bronze,3,167.18,No
807408646,2024-05-09,09-Aug-2026,32,male,usa,Silver,,674.58,NO
963818162,12.11.2024,2026-07-24,55,Male,US,silver,11,754.28,no
306656181,12/27/2024,2026-08-15,NULL,Male,US,Bronze,10,$463.41,N
361589919,2025-10-25,2026-06-24,36,Male,US,Bronze,7,317.51,No
601816077,2023/02/05,08/01/2026,60,,US,Bronze,10,518.14,No
159004798,17-Sep-2023,2026-08-01,36,Unspecified,United Kingdom,Silver,29,1792.26,0
352210699,2024/08/27,16-May-2026,41,,US,Bronze,7,229.06,FALSE
530510399,2024-04-16,05.08.2026,58,male,US,Bronze,7,486.25,No
295268666,2023-12-01,,42,female,U.K.,Bronze,4,376.38,Yes
925743701,11/28/2024,26-Aug-2026,24,Male,United States of America,GOLD,31,2975.24,No
648219754,2024-04-20,13.08.2026,29,female,india,Silver,11,1440.13,N
716285076,02/12/2024,2026-03-01,28,prefer not to say,United States of America,Bronze,3,141.23,Y
662355719,10/10/2019,2026-06-04,77,Female,Great Britain,Plat,43,5434.45,No
484344156,2021-08-04,08/14/2026,41,Female,United States of America,Bronze,8,516.74,0
782680463,2023-01-16,2026/08/14,74,Female,United States,silver,33,1714.54,0
704603910,2023-01-23,2026-07-13,67,FEMALE,USA,silver,48,1963.2,FALSE
354272374,2022-02-21,2026/08/18,60,Female,Deutschland,Silver,42,1471.73,No
377843532,2023-08-12,27-May-2026,24,,United Kingdom,Gold,49,2805.64,No
539460051,2024/12/04,2026-08-28,42,Unspecified,U.S.A.,bronze,6,462.84,no
784099602,2021-09-02,2026-07-14,25,Female,United States,slv,30,1193.09,N
777575723,2023/05/16,29-Jun-2026,73,Male,England,Silver,21,545.79,0
983332441,2020-10-17,07/25/2026,55,female,United States,Bronze,24,472.91,0
606407114,23-May-2023,05/07/2026,56,male,US,Silver,10,$813.97,0
794640758,2022-05-03,,,Female,United States,Silver,18,1032.72,No
426571032,2023-04-13,14-Apr-2026,48,,IN,Gold,7,2325.78,No
406819496,2023/10/11,,65,male,United States,silver,18,1085.64,No
272762053,24.04.2025,,68,M,Germany,Bronze,0,$0.00,TRUE
369257363,21-May-2025,2026-07-20,33,Female,DE,Bronze,5,237.98,No
485711562,,06/20/2026,43,M,DE,Plat,65,7119.13,No
546436935,2022-02-14,23.08.2026,23,MALE,United States of America,Silver,22,703.96,No
334573673,2024/12/07,2026-06-09,49,Female,India,silver,25,"$1,427.42",No
365040609,2025-12-05,26.07.2026,54,Male,Brazil,BRONZE,5,459.74,N
240985538,"January 29, 2022",2026-08-23,48,Female,India,Gold,27,"$2,468.92",No
940507818,2023-03-15,2023-03-15,77,F,USA,Bronze,2,247.53 USD,Y
770409123,"February 20, 2023",2026-05-26,30,Female,United States,Platinum,57,5147.92,0
146776353,12/03/2023,08/27/2025,40,female,DE,brz,5,514.95,TRUE
280175866,01-Jan-2023,2026-08-21,,Unspecified,US,Silver,11,1271.36,0
330618511,07-Aug-2021,13-Jul-2026,37,Female,United States,Bronze,16,446.79,No
757116206,2025-04-26,2026-08-06,30,Male,DE,Bronze,3,298.61,No
830461486,2021/10/01,2026/07/12,24,Female,U.S.A.,Platinum,70,5455.23,No
907666521,2023-12-04,2026/01/22,38,Female,United States,Bronze,12,412.77,Yes
270931242,2025-01-13,2026-08-03,43,Female,US,silver,12,869.25,No
184794887,2023-05-19,2026-09-03,48,Male,USA,Bronze,9,318.61,no
541097956,"September 18, 2023","July 29, 2026",46,Male,United States,Silver,14,901.75,No
353196854,2020-06-12,07/29/2026,45,Male,Canada,SILVER,13,"$1,032.70",0
641619515,09/07/2025,2026-07-03,52,Male,U.S.A.,Bronze,3,409.3,No
894761585,09/22/2019,2026-08-04,29,femail,United Kingdom,Silver,8,1016.36,no
749256482,2025-08-30,2025-10-02,51,,,bronze,2,95.41,TRUE
625740515,03/10/2025,2026-07-01,68,Female,,Silver,5,750.49,No
761676495,2024-04-01,08/25/2026,69,Male,US,Silver,19,1407.07,FALSE
434560076,2022/07/07,07/27/2026,62,Male,Germany,Silver,26,1227.3,N
891419666,2026-07-14,,34,Female,unknown,Bronze,0,0.0,Yes
530193015,2023-10-13,29.07.2026,37,male,united states,silver,26,1152.86,FALSE
265723219,02.08.2023,2024-10-25,34,Male,USA,Bronze,11,315.47,Yes
498321790,22-Aug-2024,2026-08-08,41,MALE,USA,Silver,15,806.35,No
405450724,2025-03-09,2026/06/13,38,Male,United Kingdom,Gold,24,-2242.82,0
749756967,2025-01-03,2026-06-28,88,Female,Australia,  Silver ,13,787.13,No
250952261,2022-12-26,07/29/2026,47,Male,United States,Silver,11,676.06,N
411920424,2022-11-05,07/06/2026,61,male,United Kingdom,Silver,16,,No
925793434,2024-10-30,"March 23, 2026",37,prefer not to say,Canada,Silver,25,1232.63,N
340388233,2024/08/11,08/23/2026,41,Male,Can.,Bronze,15,,0
926192648,2023-10-10,2026-06-15,65,F,USA,Gold,69,1890.19,No
946888650,2025-10-30,2026-07-07,52,FEMALE,U.S.A.,Bronze,4,385.86,No
757620308,2025-01-29,2025-06-14,61,male,United States,Bronze,2,108.29,Yes
799002953,18-Jan-2024,18-Jul-2025,70,M,DE,brz,5,196.4,Yes
938244146,2023-05-26,07/06/2026,34,Male,BR,SILVER,27,893.21,No
668055136,2023-04-12,"June 16, 2026",52,MALE,United States of America,Silver,11,1227.19,FALSE
373958136,2022-08-01,08/13/2026,38,U,Brazil,Bronze,8,473.47,NO
361455646,25-Aug-2022,2026/06/13,32,F,CANADA,Silver,18,1222.11,No
678496292,2021-05-30,"September 27, 2025",43,male,United States,Bronze,3,164.79,1
387600711,2020-10-13,2025-11-27,30,Male,germany,Bronze,7,363.86,Yes
373673710,2022-07-29,2026-08-02,35,Female,UK,Silver,28,944.04,No
294853452,02/27/2022,05/14/2026,46,Female,Brazil,Platinum,96,11142.41,N
287994037,08.01.2025,,25,Male,United States of America,brz,0,0.0,Yes
347291780,2020/10/06,"July 12, 2026",44,Female,United States,slv,35,834.33,N
976595483,03/09/2021,2026-06-17,39,F,United States,Bronze,8,281.84,N
818452898,11/14/2025,,25,F,India,BRONZE,0,0.00 USD,Y
654584278,2026-02-10,,45,Female,Brazil,Bronze,0,0.0,TRUE
884025751,25-Oct-2022,23-Aug-2026,50,Female,US,Bronze,3,348.69,No
316556174,21.07.2024,,51,Female,US,Bronze,0,0.0,Yes
960458363,2025-04-08,2026-07-12,34,Female,United States,Bronze,1,45.99,no
281722087,2024-03-02,30-Jul-2026,78,M,U.S.A.,Silver,10,607.1,No
865902556,05/10/2024,2026-08-18,36,Female,United States of America,Gold,25,3470.97,0
385813621,2025/12/13,2025-12-13,35,male,United States,brz,5,219.94,yes
265966496,2023-09-13,06/16/2026,52,Female,United Kingdom,Silver,16,missing,No
104646190,04/22/2025,2025-06-25,55,F,United States,Bronze,3,210.65,Yes
250664196,2026-04-02,2026-04-02,29,Female,Brazil,Bronze,3,$77.10,Yes
810423788,2023-08-22,07-Jul-2026,N/A,Female,India,Bronze,1,,FALSE
494638595,2020-11-02,2026-09-04,37,Unspecified,united states,Platinum,28,6212.4,No
357501891,2022-10-28,2026-08-19,48,Male,United States of America,Bronze,3,114.1,No
166983598,2022-10-09,2026-06-08,33,F,United States of America,gold,47,3900.75 USD,N
906287185,29-Sep-2020,2026-07-28,37,non-binary,United States,silver,17,1050.93,No
914894222,2024/10/23,02.08.2026,36,Female,,Bronze,6,433.85,FALSE
302802189,2022/04/12,2026-05-31,32,FEMALE,Canada,gold,48,2704.92 USD,
986727502,01-Jul-2022,2026-08-29,34,Male,USA,Gold,25,2820.65,N
358707287,05/01/2023,18-Aug-2026,87,Male,United Kingdom,BRONZE,6,326.0,No
279239474,06/25/2023,2026-08-29,34,Female,MX,Silver,10,1528.96,No
900674737,2024-09-17,17.12.2025,33,Male,USA,brz,1,67.82,Y
119362275,2025-07-15,2026-07-31,41,Female,Germany,Silver,9,528.18,No
103592468,2026-05-10,2026-05-10,56,M,United States,Bronze,4,259.39,YES
170570820,2020-12-25,03/11/2026,36,Female,Brazil,Gold,73,3617.69,No
698721342,2025-05-26,2026/01/14,50,Female,United States of America,Silver,8,723.81,TRUE
490403123,"February 14, 2023",2025/12/29,27,Unspecified,Canada,Bronze,2,29.2,Y
573527429,"November 22, 2023",23.06.2026,63,Male,Australia,Bronze,5,N/A,No
808811434,2024-01-02,2026-08-12,41,female,Canada,Bronze,7,330.78,No
602718684,2021-11-27,2026-07-24,43,U,USA,Silver,31,1437.23,No
892367230,09/27/2024,03/10/2025,53,Male,CANADA,bronze,4,93.83,Yes
779907817,2022/11/06,26.05.2026,29,female,INDIA,Silver,-999,2062.27,N
158394925,2024-03-09,"September 06, 2024",63,F,United Kingdom,Bronze,2,56.59,1
529754778,12/05/2024,2026-09-06,52,Male,United States,brz,12,293.74,No
839415249,"November 24, 2023",2026-07-09,30,Female,Can.,Gold,29,,No
325454493,2026-02-25,2026-03-01,29,F,United States,Bronze,1,59.97,1
131934020,06-Nov-2023,2026-08-07,34,male,United States,  silver ,10,624.59,N
190371201,2024-08-03,08/29/2026,38,MALE,United States,bronze,6,109.51,NO
588515298,05/26/2025,"August 06, 2026",28,F,India,bronze,8,682.01,No
483705366,2020-11-15,06/11/2026,34,Female,IN,NULL,15,316.35,0
310718786,2024-07-08,2026/05/17,25,m,UK,Bronze,13,412.67,
177229749,2024-12-24,2024-12-24,33,female,USA,Bronze,3,$215.98,yes
742690363,2022-05-22,2026-05-26,33, Female,USA,Silver,13,1283.55,N
493954954,"July 17, 2023","August 26, 2026",75,male,germany,Platinum,34,4440.45,FALSE
137531427,2023-05-03,2026-08-27,56,F,India,Bronze,5,391.76,No
425402164,"October 06, 2021",2026-07-19,30,M,CA,Gold,27,2500.32,0
793005892,2024-11-17,2026/08/20,33,FEMALE,MX,brz,9,464.0,No
422550262,2024-11-22,2026-08-30,74,N/A,IN,brz,1,39.38,No
671535322,02/10/2021,2025-02-10,42,Male,IN,bronze,1,69.97,Yes
529660566,2022-01-03,,30, Female,United Kingdom,Bronze,,$0.00,TRUE
798387666,2024/03/02,2025-11-22,34,Male,United States of America,Bronze,3,99.18,Yes
305354153,28.11.2021,14-Aug-2026,39,Male,United Kingdom,silver,22,792.75,No
745488603,25.12.2023,2026-08-10,39,FEMALE,MX,Bronze,2,$90.13,No
500669389,2022-07-24,29-Jun-2026,65,Male,United States,Silver,14,741.6,No
935610827,25-Dec-2023,19-Jul-2026,,Female,Canada,Gold,27,2120.59,N
419405920,01/22/2025,2026-08-12,39,Female,U.S.A.,Gold,15,"$1,435.70",No
447556363,2023-10-20,2026-06-27,33,prefer not to say,England,Silver,12,648.3,no
854584205,11/22/2022,"July 29, 2026",71,Female,Brazil,Gold,49,2271.98,0
742244925,"August 01, 2025",2026-08-23,70,U,United States,Bronze,18,347.61,NO
339744090,"April 19, 2026",19-Apr-2026,30,Female,United States of America,Bronze,2,112.39,yes
688718010,20-Nov-2022,2026-08-29,33,Male,United States,silver,14,485.19,No
782003864,03/14/2025,2026-08-07,72,F,USA,Bronze,2,235.92,No
545973202,"April 27, 2022",2026-07-20,55,Female,Germany,Bronze,8,407.52,No
387745476,2026-03-21,2026-03-21,63,Female,australia,Bronze,1,112.86,Yes
834112786,03/15/2023,"August 22, 2026",30,other,United States,GOLD,32,"$1,803.63",N
754812143,2024-06-10,2026-06-15,32,M,US,  Silver ,17,862.0,no
836037152,2026-03-23,,47,male,US,Bronze,0,0.0,Yes
620068378,07-Jul-2025,"July 20, 2026",35,Male,uk,Bronze,4,$208.91,No
227697536,2022-12-26,2025-12-03,36,Female,CA,BRONZE,2,219.97,YES
785428427,2024/03/16,06/27/2026,48,m,USA,Silver,13,854.23 USD,No
629366145,25.05.2023,2026-08-03,41,Male,U.K.,Gold,29,2784.41,No
302455082,2022-07-18,08/27/2026,24,Male ,United States of America,Bronze,3,214.27,No
884603530,2026-05-04,04-May-2026,68, Female,United States of America,none,2,124.46,Y
565926443,2025-05-21,2026-08-10,31,Female,usa,silver,24,864.64,N
465761093,25.07.2024,11-Aug-2026,60,Female,UK,,11,914.32,No
512168980,2025-06-24,2025/06/24,63,F,United States,bronze,2,$177.70,TRUE
662743888,11/08/2022,10.08.2026,35,Male,US,bronze,6,436.67,No
705261104,"May 02, 2025",2025-05-02,40,Male,USA,Silver,5,746.28,1
287909782,2024-06-03,07/31/2026,38,Female,United Kingdom,Bronze,3,101.05,0
408825525,2026/07/26,,52,male,United States of America,BRONZE,0,0.0,Yes
824521339,"September 29, 2022",2026-08-15,22,female,NULL,PLATINUM,49,5555.93,No
274405406,2024-03-29,05/12/2026,29, Female,usa,Gold,21,2169.47,no
859071043,2023-12-02,,55,Male,Brasil,Bronze,0,$0.00,Y
713647255,05/14/2022,2026/07/12,60,Female,germany,Silver,-13,793.27,FALSE
605958014,2025-12-12,2026-01-13,28,Male,US,Bronze,3,167.0,YES
502716146,10-Sep-2019,13.08.2026,NULL,,Canada,PLATINUM,17,3753.13,0
535149326,2023-02-26,,51,f,United States,Bronze,0,0.0,1
817327609,05/08/2023,2026-07-22,37,N/A,USA,Silver,18,751.33,No
425548546,2025-03-11,18-Jun-2025,43,FEMALE,CA,Bronze,4,190.66,YES
442867356,2025-02-13,06/22/2026,73,Female,USA,Bronze,1,43.07,No
624141692,06/19/2024,08/31/2026,24,male,U.S.A.,silver,16,1797.21,no
797070674,2024-04-25,06/27/2026,36,Male,United States,silver,14,879.57,No
564762534,2025-02-15,2026-06-17,35,Male,INDIA,bronze,5,397.36,0
670947616,2024-11-18,"May 14, 2025",39,Male,,Bronze,3,76.51,Yes
302774637,"February 18, 2023","June 29, 2026",53,M,Australia,Silver,15,858.17 USD,0
629074177,2023-03-26,07/05/2026,34,unspecified,Australia,bronze,16,632.42,0
380636279,12/24/2023,,54,Male,United States,Silver,14,875.2,TRUE
278513827,2024-07-20,2026-08-19,47,Female,United States,Bronze,6,138.36,FALSE
544978739,2024/03/01,08/22/2026,61,Unspecified,United States of America,Silver,17,-1381.43,no
505497016,03/23/2024,20.05.2026,69,Male,US,SILVER,26,1134.63,No
434588827,2023-12-31,15-Jun-2026,35,,Mexico,Silver,12,1280.15,No
519289884,2020-04-05,08/02/2026,33,Male,United Kingdom,gold,52,3792.26,No
643986823,2022-12-26,24-Aug-2026,25,female,Australia,slv,40,1892.23,No
186908800,2026-06-26,06/26/2026,38,Male,United States,  Bronze ,2,-74.42,No
186186496,06.02.2025,2026-09-01,33,Other,usa,bronze,11,264.58,No
689415163,2026-01-09,2026/01/09,24,female,USA,Bronze,2,68.88,Yes
671281620,04/17/2022,2026-03-01,29,female,United States,bronze,4,NULL,Yes
393807817,2022-01-10,08/11/2026,39,male,México,SILVER,34,976.66,FALSE
232594488,2021-11-14,2026/07/18,46,Male,US,Bronze,9,260.19,No
407242191,20-Mar-2023,2026-07-10,24,Male,CA,Bronze,6,167.48,N
430151530,01/21/2026,2026/06/24,38,Female,US,,4,389.31,no
625460733,2022-04-24,"May 05, 2026",28,Female,United States,Silver,29,1503.88,FALSE
611040050,"December 10, 2022",2026-08-18,38,m,Australia,Bronze,13,566.62,N
481903902,2024-08-08,2026-08-07,56,Unspecified,usa,Gold,24,2346.75,No
604673265,2023-02-16,07/25/2026,64,female,USA,Gold,27,2773.24,unknown
566410140,2024-09-21,08/24/2026,56,Other,Brazil,Bronze,6,478.18,No
502445227,09/15/2022,2026-08-29,40,male,Mexico,Silver,20,1484.70 USD,no
354586750,2024-11-27,11/18/2025,28,Male,United States,bronze,3,63.9,Yes
828235409,2026-04-16,2026-04-16,32,Male,United States,BRONZE,2,188.73,Yes
404556791,2023-06-22,08/19/2026,65,Male,united states,BRONZE,4,340.03,No
777141113,2021-05-29,2026-06-14,53,Male,Canada,Gold,23,1680.18,No
415252877,04-Jan-2024,2026-05-08,36,Female,U.S.A.,Bronze,6,-453.99,no
405971999,2025-04-30,2026-05-18,40,N/A,United States,Silver,9,696.29,No
218058177,08/06/2024,2026-08-09,51,Female,AUS,Bronze,-5,298.77,No
972375184,04/08/2026,2026-04-08,42,female,united states,  Bronze ,3,-131.54,YES
985999802,2023-05-04,2026-04-24,31,Female,United States,silver,20,1162.27 USD,NO
685129410,2021-04-04,2026-07-30,44,F,India,BRONZE,5,92.46,No
653591946,2025-02-24,,40,female,mexico,bronze,0,0.0,Y
411641416,2025-11-17,2025-11-17,75,FEMALE,Canada,BRONZE,3,160.79,Yes
785297729,2022-12-30,2026-07-30,43,Female,United Kingdom,brz,2,89.34,No
221238594,2024-12-19,04.07.2026,20,MALE,United States of America,slv,17,664.43,NO
616386700,12/03/2024,03/01/2026,42,M,India,bronze,10,463.29,1
786088275,29-Aug-2025,2026-03-01,60,Male,USA,N/A,1,33.65,Yes
834733343,07/26/2024,2024-08-14,35,Female,USA,Bronze,3,-288.59,yes
663223376,11/13/2022,2026-07-06,56,Female,Canada,BRONZE,10,478.69,N
262335787,"August 04, 2022","May 14, 2026",44,male,United States,Silver,29,1167.56,No
968520727,"August 02, 2023",15.07.2026,61, Female,United States,Bronze,5,262.84,no
267340360,2024-01-18,"July 23, 2026",,MALE,United States of America,Bronze,2,262.46,No
774104314,2025-06-04,2026-03-01,49,Male,United Kingdom,Bronze,5,218.83,Yes
300929676,2023-06-09,2026-08-03,,male,mexico,Gold,36,3212.53,N
105433326,2022-04-14,,28,Male,United States,silver,10,496.55,no
824773173,2025-04-24,"August 31, 2026",23,Female,United Kingdom,Silver,13,735.73,0
493498644,2021-03-05,2026-07-30,64,male,Canada,Silver,10,721.24,No
843139479,03/11/2022,,34,Male,united states,Bronze,8,$636.73,No
464111571,2021/12/06,2026-07-02,33,Male,United States,gold,26,1797.26,No
101282512,2025-08-15,02.09.2026,46,Female,US,Bronze,1,34.65,No
750214985,2025-01-07,0000-00-00,46,Male,Australia,BRONZE,2,195.06,Yes
135658022,2024-07-10,2026/08/15,53,Male,U.S.A.,GOLD,15,"$2,437.73",No
136479051,01/04/2024,,39,F,United States,Bronze,7,264.62 USD,
942318682,2025-10-18,2026-08-27,35,Male ,Brazil,Bronze,9,668.52,No
949811085,2020-09-08,"June 22, 2026",49,Male,United States,Silver,8,620.09,FALSE
179744936,2022-06-12,2026-04-12,19, Female,Australia,Silver,42,1319.88,No
401343838,2023-11-29,2026-08-31,63,M,USA,Silver,9,1293.81,N
999846030,2025-07-04,,26,male,United Kingdom,Bronze,8,331.3,No
992289569,05/31/2026,2026-05-31,22,F,United States,bronze,4,82.93,Yes
626985238,2024-08-21,08/12/2026,27,F,United States,Silver,22,2066.49,No
362431984,2025-07-31,2026/06/25,44,unspecified,Canada,bronze,9,315.0,No
757620308,2025-01-29,2025-06-14,61,male,United States,Bronze,2,108.29,Yes
849139814,30-Aug-2025,26.05.2026,21,Female,U.S.A.,Bronze,6,398.23,no
194620267,20-Feb-2024,08/25/2026,48,femail,india,slv,none,781.5,No
257856954,2024-05-17,"May 23, 2026",42, Female,Australia,Bronze,2,98.63,No
888872779,03/29/2021,2026/08/20,61,Male,australia,bronze,8,507.88,N
258225652,2023-03-11,"August 14, 2026",51,Male,India,Bronze,10,242.88,no
919748524,2021-08-26,2026-08-23,23,Female,United Kingdom,Silver,23,1273.53,no
926855686,2022-07-17,,34,female,Australia,Gold,64,-3906.14,N/A
139282142,04/15/2026,15.04.2026,49,Male,usa,Bronze,2,$163.69,Yes
634463510,2023-10-31,2026-07-03,64, Female,United States,GOLD,55,1644.99 USD,No
466573688,2023-11-14,08/19/2026,23,Female,USA,Silver,24,1271.35,No
581694019,23.10.2025,09/02/2026,52,Female,usa,  Silver ,8,1001.51,No
239705349,2025-01-16,2025-01-16,45,M,United States of America,Bronze,5,103.57,Yes
151467033,2023-04-02,14-Jun-2026,27,Female,United States of America,gold,24,2043.14,NO
808613436,2023-09-22,,31,M,United States,Bronze,0,0.0,Yes
790861465,03/21/2026,03/21/2026,23,Female,canada,Bronze,1,135.47 USD,Y
275135838,2021-01-19,24-Jul-2026,45,Male,,Silver,10,"$1,554.53",0
640592428,28.12.2022,17-Jan-2026,42,female,México,bronze,1,25.65,Y
522582542,"October 13, 2020",2026-07-25,35,M,Canada,Silver,13,749.19,No
676802329,2024-04-20,2026-09-04,58,Male,Brazil,Silver,11,867.8,no
204572262,2025-01-25,2026-09-03,27,Female,United States,Silver,9,$803.95,No
364991548,2022-04-08,2026-08-05,29,unspecified,United States,Bronze,6,281.42,FALSE
348154184,19-Sep-2025,2026-09-02,33,Male,US,Silver,14,834.2,No
855192875,2024/11/13,2026-01-17,44,M,United Kingdom,bronze,1,55.06,Yes
377923308,06/04/2025,12-Jul-2026,63,Male,United States,Bronze,7,304.17,No
556265248,10/31/2022,2026-05-08,27,M,usa,  Bronze ,11,460.93,No
755913937,2021-09-15,07/21/2026,23,MALE,USA,Bronze,12,327.84,0
715561052,2023-07-01,2026/08/19,64,other,india,silver,18,853.56,FALSE
932523804,11/18/2022,2025-12-17,52,MALE,US,bronze,3,,Y
820859590,2025/05/05,07/05/2026,51,Male,United States of America,Bronze,7,508.58,No
191341516,2024-04-21,2026-07-13,62,F,USA,Gold,36,1657.38,NO
995152609,2024/06/15,09/01/2026,36,m,India,Bronze,5,,No
601385265,08/07/2022,12.09.2024,28,Female,United Kingdom,Bronze,3,228.27,YES
340104832,2023-06-15,2026-07-20,56,M,CA,Bronze,6,$204.18,N
424647214,2020-08-04,2026-07-26,30,MALE,Australia,Silver,16,807.77,No
607801486,2024-01-17,2026-06-15,25,MALE,Germany,Silver,20,"$1,164.53",No
651054816,08/06/2025,2026-08-28,42,Male,USA,Bronze,5,127.65,No
564817928,"August 04, 2025",2025-08-04,38,MALE,USA,Bronze,1,59.73,Yes
284952306,10/17/2025,2026-03-01,46,Male,Germany,brz,1,66.63,Yes
538554614,21-Aug-2025,2026-08-31,35,Female,Canada,BRONZE,9,414.35,0
483483977,08.02.2026,,41,female,US,Bronze,0,0.0,Y
445020084,2021-08-18,03/11/2026,33,,United States,BRONZE,3,346.39,N
303802360,03/06/2023,2026-08-20,45,female,brazil,Silver,28,965.83,No
655857363,01/27/2022,2026-05-20,80,Female,United States of America,Gold,21,,N
160651343,2025-09-05,05/24/2026,79,Male,United States,Bronze,8,293.83,N
302362621,2025-01-18,2026-08-15,48,Male,mexico,Bronze,4,89.53,NO
667336167,11.02.2020,2026-09-07,84,female,usa,Silver,21,988.13,No
682438248,2019-06-26,08/02/2026,46,Male,United States,Gold,56,2533.58,N
864851139,2020-08-30,2026-08-28,20,Female,usa,Silver,49,2137.48,0
164144753,2024-01-11,03/01/2026,37,M,United States,bronze,5,154.61,TRUE
833751707,12.04.2022,25.07.2026,66,Male,brazil,Silver,29,2201.68,No
324574561,2024-08-20,2026-08-18,36,Male,usa,brz,7,384.91,N
574781994,2026-05-09,05/09/2026,63,female,Australia,Bronze,4,303.53,1
566569690,2026-05-04,2026-05-04,58,Female,UK,brz,2,187.2,TRUE
315962612,25-Apr-2026,06/08/2026,45,M,México,Bronze,1,46.2,No
638294258,2025-02-28,,37,Female,United Kingdom,BRONZE,6,180.12,Yes
285575767,2021-03-14,2026-06-13,,Male,Canada,Silver,35,593.79,No
468083519,2023-10-26,2026-08-26,46,FEMALE,Canada,Silver,7,442.42,No
611453656,2024-03-09,2025-10-31,36,Female,united states,Bronze,4,391.7,Yes
807419316,2023-08-24,2026-08-22,33,Male,india,Silver,5,838.44,0
528994614,2024-08-07,2026-08-22,71,male,United States of America,Silver,10,1042.69,NO
814542961,12/24/2021,2026-08-24,18,Female,usa,Silver,10,780.33,No
175647832,07/30/2023,08/25/2026,36,Male,United Kingdom,bronze,4,316.55,0
108022743,"May 14, 2026",2026-05-14,56,male,united states,Bronze,1,131.77,Yes
189384664,03.09.2023,01/10/2026,79,Male ,United States,silver,13,921.74,Yes
695108704,2020-12-04,2026/08/19,57,female,uk,Silver,21,981.57,No
762386647,12.11.2024,"July 06, 2026",37,male,IN,Bronze,1,19.69,no
790965369,2021-12-31,04/16/2024,37,Male,Canada,Bronze,1,47.46,Yes
143836550,2026-05-07,2026-05-07,56,Female,USA,Bronze,2,96.2,Y
500239104,2026-01-11,2026-07-25,,Unspecified,IN,brz,2,94.94,No
974006487,2021-05-28,2026-08-31,50,Male,IN,bronze,8,706.23,No
556140910,2019-09-27,2026-08-29,26,Male,Canada,Gold,76,4517.54,No
452461044,2023-10-14,2026-08-31,32,Male,United States,Silver,14,646.9,No
449516977,28.06.2022,"August 28, 2026",32,FEMALE,US,Bronze,2,60.34,No
789550398,2023-01-08,2026-08-23,69,Male,USA,Silver,20,877.68,No
795420697,01.07.2026,,66,Male,USA,Bronze,0,0.0,Yes
441589352,2025-06-04,2025-06-04,26,female,uk,bronze,7,571.36,Yes
993645282,04/27/2025,2025/12/31,31,Female,USA,Bronze,1,71.2,1
169879241,2022-12-02,09/03/2026,25,Male,Canada,Bronze,8,328.66,no
306839408,2022-07-30,2026-07-23,65,Male,United States,platinum,60,7754.24,No
415837834,"September 09, 2025",09/09/2025,53,Female,United States,Bronze,,457.52,Yes
620138873,10/26/2021,09-Jun-2026,38,f,australia,Gold,50,3488.86,0
301612244,2025-05-11,,53,Female,USA,Bronze,0,0.00 USD,yes
331094637,11/06/2019,06/02/2026,32,Male,United States,Bronze,4,259.79,No
402461849,2021-08-30,2026-08-30,57,M,Australia,Platinum,88,6023.18,No
141372850,2021-12-15,08/10/2026,38,Male,USA,Silver,18,-984.8,No
817717857,2020-11-04,14.08.2026,59,prefer not to say,United States,Bronze,11,433.75,NO
883760613,2024-07-17,2026-06-24,74,male,USA,Silver,10,1043.32,No
573483837,2020/07/03,2026-07-31,37,Other,Australia,Silver,30,1086.79,N
293090579,2020-07-02,"July 15, 2026",50,m,USA,Silver,30,2008.26,NO
308989902,2021-11-13,2026-07-18,33,F,England,Silver,32,709.79,0
605065781,2020-07-27,2026-08-03,71,U,Australia,Platinum,94,7482.4,No
470020448,2025-01-28,2026-07-06,38,male,india,Silver,24,N/A,No
945409443,2023-04-16,2026-08-26,48,MALE,US,Silver,19,742.36,No
120128392,09/28/2024,2026-06-09,59,f,USA,,11,264.08,No
399269130,,2026-07-06,20,Female,AU,Platinum,40,,N
219142604,06/25/2022,2026-03-11,56,Male,United States,silver,13,740.35,0
319905709,2022-06-17,"March 01, 2026",41,M,usa,Bronze,6,400.77,Yes
146105859,06/22/2024,2026-07-16,54,femail,U.S.A.,Silver,16,1250.85,FALSE
238730052,11.03.2023,2026-06-14,41,femail,Australia,Silver,30,1207.77,No
503860078,"April 18, 2022",05.08.2026,27,Female,United Kingdom,Platinum,33,3463.31,N/A
733937972,08/26/2024,,54,F,CANADA,Bronze,0,$0.00,Yes
318154234,2024-11-21,2024-11-21,36,F,United States,Bronze,6,328.55,TRUE
851822021,2023-05-18,08/17/2026,,male,Canada,BRONZE,3,75.83,0
170078790,2022-10-24,2026-07-16,39, Female,USA,gold,19,2958.15,N
851257530,03/29/2024,08/29/2026,54,male,mexico,BRONZE,3,215.72,No
978392371,08/19/2024,10/16/2025,55,F,USA,Bronze,5,252.67,yes
831924732,2023-12-07,"August 17, 2026",60, Female,United States of America,silver,16,1806.19,No
352744027,2024-05-19,2026-09-05,79,Female,usa,GOLD,45,1980.83,0
511703051,01/17/2021,2026-08-02,43,Male,US,  Platinum ,47,10759.72,N
686404811,02/18/2026,18.07.2026,33,female,United States,Bronze,4,104.09,NO
835097742,08/19/2025,08/16/2026,,F,United States,Bronze,6,241.93,No
555939873,02/28/2022,2026-07-19,24,Female,United States,silver,32,870.29,FALSE
311187993,2025-05-22,06/28/2026,28,Male,United States,Silver,6,$716.79,NO
971833333,2022/01/25,"August 12, 2025",58,Other,US,Bronze,13,562.02,Yes
201604780,"September 01, 2026",,24,Unspecified,,bronze,0,0.0,YES
196583247,2026-06-21,,70,MALE,United States,Bronze,0,0.0,Yes
458661388,2023-06-05,31.07.2026,36,Female,US,Gold,45,2465.35,N
249969996,2022-10-10,2026-08-13,58,Male,Germany,Bronze,19,$302.55,N
181852117,2026-05-25,25-May-2026,50,female,USA,brz,2,$164.97,Yes
923667505,2023-12-31,2026-07-16,41,F,United States,Bronze,4,252.48,No
451030348,2025-07-24,,40,non-binary,CANADA,Bronze,0,0.0,1
354239209,2020-04-18,2026-07-04,29,M,Germany,Silver,-31,947.36,FALSE
722677336,2021-10-27,2026/08/22,48,Female,usa,Silver,21,1043.39,NO
316615983,2021-07-18,2026-07-12,37,Female,IN,Silver,12,1175.37,N
815564535,2024-05-12,2026-07-19,69,male,USA,Bronze,16,443.05,N
672673318,20.07.2021,18-Aug-2026,47,Female,usa,bronze,7,267.79,No
719048898,2023-06-26,2026/05/18,44,M,USA,Gold,41,2102.72,No
441591090,2024-11-29,2026-06-12,47,F,Canada,Bronze,14,483.22,no
744971110,2024-01-22,06/22/2026,34,Female,Great Britain,Silver,18,1994.46,N
876112082,2024-09-11,2026-07-12,35,Female,U.K.,Bronze,3,58.91,No
865014045,06/16/2024,2026-06-09,32,Unspecified,United States of America,bronze,13,229.92,0
133302429,2024-07-05,"July 20, 2026",42,Female,United States,Silver,8,757.43,No
653498052,2024-11-07,2026-09-02,34,Male,australia,Bronze,6,267.79,No
355623539,2021-10-14,2026-08-19,62,other,Canada,Silver,30,854.12,FALSE
387293492,12/11/2025,,30,male,INDIA,Bronze,0,0.0,Yes
406364361,2022/11/21,09/03/2026,45,m,USA,  Silver ,36,1125.87,No
793124866,2022-08-08,2026-09-04,44,Male,United States,Gold,12,2693.29,No
272220222,23-Aug-2024,01/02/2026,62,O,United States,slv,5,940.31,Yes
442179126,"February 24, 2026",2026-02-24,46,Male,Canada,slv,5,719.13,yes
420014379,2022-10-01,2026-07-04,36,Male,United States,gold,30,1885.47,N
696158497,2024-02-19,07/25/2026,18,Female,united states,Silver,27,775.03,No
334931591,2024-10-25,2026-08-15,27,F,,Silver,30,817.27,No
544632023,2023-03-14,2026-07-03,44,Female,United Kingdom,Bronze,7,468.69,No
961689076,2024-11-24,2024-11-26,42,female,united states,bronze,1,27.3,Yes
100276910,2024/04/22,07/08/2026,35,Male,U.S.A.,  Bronze ,1,45.99,No
310967172,2023-08-29,2026-07-20,24,Male,United States of America,silver,28,1208.63,No
633906903,2023-03-07,24-Aug-2026,30,FEMALE,Canada,Bronze,18,319.71,0
802418177,05/26/2025,2026-08-17,42,Male,USA,Silver,12,599.47,No
220405891,2024-11-30,2026-09-06,47,Female,uk,Bronze,5,160.45,No
969446744,2023-03-19,"April 26, 2026",73,Female,US,Bronze,7,423.56,No
451360553,2023/05/27,17.07.2026,24,Female,United States,Silver,10,1015.71,No
471341305,2020-04-02,2026/07/24,23,Male,United States,Silver,9,756.64,N
241085820,2024-10-07,2026-06-24,29,m,United Kingdom,Silver,12,966.57,No
527556717,2021-12-17,2026-08-06,41,Male,United States,slv,39,1888.4,no
909698936,2024-08-27,04/04/2025,40,F,United States,bronze,1,$26.82,Yes
982643284,2022-08-03,,24,Male,,Bronze,11,485.8,NO
137145433,2023-12-25,2026-07-19,44,F,US,Silver,25,-935.04,No
321550211,10-Nov-2022,"August 29, 2026",53,M,Mexico,Platinum,50,4268.94,no
264745024,2020-11-30,05/09/2026,47,Other,United States of America,Bronze,8,156.41,No
795378180,2024-01-26,"August 31, 2026",61,F,USA,Bronze,3,253.09,No
547790307,09/06/2024,07/03/2026,82,Female,United States,Bronze,6,,N
754270888,09-Sep-2023,2024-03-06,26,Male,USA,brz,3,219.09,1
735918551,2024-01-31,2026-09-04,78,FEMALE,United States,Silver,-28,1275.99,0
725203947,2021-08-08,09-Jul-2026,62,Unspecified,US,Silver,29,$899.34,N
811801970,2023-10-25,2026-07-18,48,Male,United Kingdom,Gold,28,3277.2,No
770031951,2019-09-19,29-Jun-2026,32,Female,US,Gold,41,3847.77,No
212673251,2023-11-05,2026-08-29,38,F,United States,SILVER,10,850.77,No
263169673,2023-08-25,2026-08-12,22,Male,Mexico,Silver,23,753.01,No
748720460,2019-11-11,19-Aug-2026,25,Female,US,Gold,49,3037.55,no
820387060,2023/09/08,2026-03-11,38,Male,Australia,Silver,20,757.29,N
484810672,2022-06-11,2026-08-22,62,FEMALE,canada,Silver,16,563.64,No
750149058,2020-08-19,2026-08-16,29,Male ,usa,Silver,10,814.25,0
863509966,2022-04-06,04/25/2025,56,F,United States,Bronze,4,422.5,1
936335094,2024-04-22,"August 07, 2026",,MALE,Mexico,Gold,14,2407.88,no
791965779,2020-06-30,08/10/2026,75,MALE,mexico,Platinum,46,6522.05,No
356565753,20.07.2025,2026-08-20,42,Male,Canada,silver,8,-851.21,0
251075985,2025/01/05,02/12/2025,49,Female,United States,Silver,N/A,517.69,yes
495047891,2020-10-21,2025-04-18,45,Female,United States,Bronze,5,285.23 USD,Yes
625344780,01/14/2023,2026-08-21,45,Other,IN,  Silver ,21,643.56,N
847926387,2021-09-16,08/09/2026,52,FEMALE,Germany,Gold,31,2808.38,No
457378125,2023-12-22,2025-05-23,25,Female,Mexico,N/A,4,154.56,Yes
161414993,"October 09, 2023",2026-08-23,35,male,US,Silver,14,1010.69,No
102055798,2023-04-17,2026-03-01,27,Male,United Kingdom,Silver,12,1007.68,Yes
387197885,2024-07-22,2025-09-19,44,Female,US,silver,6,675.62,TRUE
597092452,2022-06-22,2026/07/25,48,Male,United States,Silver,28,1239.29,FALSE
452059379,05/29/2025,2026-03-01,47,female,Brazil,Bronze,3,$320.28,1
628776267,2023-01-27,2026-08-30,58,M,,GOLD,33,4665.0,No
733445638,2023-05-01,2026-08-06,18,Female,CA,Gold,38,2407.17,0
666742343,01.02.2024,04/30/2026,53,M,CA,Silver,14,943.3,no
608955389,2022-10-16,24-Aug-2026,32,,usa,Bronze,12,340.38 USD,0
602116608,2021-01-21,08/10/2026,84,M,USA,Silver,22,805.27,No
928203251,2022-01-18,2026-09-05,45,N/A,united states,platinum,53,5524.65,No
478949908,2025-12-15,2026-07-14,42,Male,US,Bronze,1,149.34,N
807013601,2024-06-08,07/03/2026,44,m,United States of America,Silver,15,519.56,N
743153938,21.08.2022,17-Jul-2026,39,Unspecified,United Kingdom,Silver,25,912.7,
716093078,2024-02-08,17-Aug-2026,39,M,US,bronze,3,166.05,N
116208865,18.05.2025,2025-08-27,35,M,USA,brz,5,260.24,Yes
128350906,2023-11-06,2025-07-27,53,Female,United States,Silver,10,603.49,Yes
259712869,2024-03-20,2026-03-11,35,Male,uk,Gold,26,1745.02,no
497240050,28-Jun-2020,26.08.2026,31,Female,United Kingdom,Gold,22,3415.56,No
319628479,"October 14, 2024",,58,m,CA,N/A,0,0.0,Yes
873583465,2023-10-10,2026-08-07,unknown,Male,australia,brz,4,175.94,No
956602595,05.05.2024,2026-09-03,37,Female,Australia,Silver,18,1935.69,N
668945390,2025-04-09,2025-10-01,54,Unspecified,AU,bronze,1,178.77,Yes
502914583,2024-09-10,09/24/2025,39,Female,Canada,Bronze,3,260.54,Y
782142410,2023-06-26,27.07.2026,37,Male,United States,Silver,,2264.72,No
176490230,"March 08, 2021",2026-08-06,-,Female,United Kingdom,Silver,37,750.71,no
888649437,"January 04, 2022",06/09/2026,69,Male,Canada,silver,16,766.7,No
302984029,09.06.2023,26-Jul-2026,40,M,United States,GLD,20,2582.84,No
723295470,2024-10-23,2026-06-12,N/A,male,uk,Silver,16,-622.2,FALSE
418645765,"July 25, 2023",2026-06-06,72,U,United States,Platinum,54,4237.82,FALSE
667779515,2026-01-01,2026-09-01,46,FEMALE,US,BRONZE,1,101.86,N
535416859,2025-08-09,21.08.2026,35,Male,CA,Bronze,5,261.52,No
274886947,14-Mar-2024,2026-07-09,37,femail,United States,Silver,17,1319.6,N
553217203,2024/06/11,2026-07-13,34,Female,US,Silver,5,501.34,No
638983670,2022-12-20,2026-08-31,55,Male ,United States,Platinum,60,7596.24,NO
684031018,2023-11-06,15-May-2026,65,Male,United States,BRONZE,4,132.15,0
343953988,16-Dec-2020,29.08.2026,47,FEMALE,United States,Silver,42,1519.70 USD,NO
995289675,01/26/2025,06/09/2026,25,Male,CANADA,Silver,4,875.89,N
449601141,2024-10-04,2026-02-26,52,FEMALE,Mexico,Bronze,1,107.37,Yes
179179714,2019-12-15,2026/06/30,71,Male,MX,GOLD,30,1702.11,no
832424130,10/01/2020,2025-06-02,35,male,Deutschland,Silver,18,-1024.74,yes
814846490,06/12/2024,03/01/2026,55,m,U.S.A.,BRONZE,6,$151.66,Yes
440238382,14-Oct-2023,03.06.2026,53,Female,United States,Silver,18,1435.5,FALSE
895899911,10/08/2023,31-Jul-2026,39,F,Canada,silver,23,,No
912454735,"September 17, 2020",2026/07/11,47,FEMALE,MX,Gold,50,2727.46,NO
841682538,2020-07-05,2026-04-08,57,female,United States,Silver,8,496.92,No
159351657,10/12/2024,2026-07-02,27,Other,CA,brz,9,N/A,no
174494748,2023-11-17,2026-07-13,37,F,United States of America,silver,-19,1957.53,no
383524475,2023-10-29,2026-05-15,68,MALE,Mexico,silver,15,784.83,N
672206637,2021-02-09,2026-06-11,47,MALE,Germany,silver,38,"$1,135.50",No
935537496,2022-07-22,07/31/2026,72,Male,United States,Silver,6,656.47,No
406873481,12-May-2024,2026-03-11,57,Female,US,Bronze,9,333.74,No
259713544,05/17/2026,05/17/2026,27,M,usa,Bronze,7,158.84,Yes
287197771,2024-11-07,2026/05/31,59,Female,United States,Silver,9,974.14,No
494550576,2025-11-09,,29,Male,England,Silver,14,760.87,No
152135797,05.10.2024,2026-03-01,44,Female,United States,Bronze,1,39.67,Yes
882833971,02-Nov-2023,,53,N/A,United States,Bronze,9,326.85,
478006379,09/10/2022,2026-03-01,22,Female,United States,silver,20,1165.36,Yes
112792721,03/17/2026,,78,female,Can.,brz,0,0.0,Yes
782239418,2025-04-22,2026-03-01,29,Female,Mexico,Bronze,6,419.74,Yes
518666594,10/17/2025,2026-03-01,45,Male,United States,Bronze,3,143.28,Yes
343401874,"July 28, 2024",2026/07/27,,Male ,BR,Silver,21,881.88,No
962325295,"December 28, 2020",2026-08-23,33,U,UK,Silver,10,,No
157027371,2026/06/23,2026-06-23,29,F,United States,BRONZE,1,51.32,Yes
419437840,2024/04/15,2026-06-01,57,M,United States,bronze,12,,N
913226668,17-Sep-2022,2026/08/18,55,Female,United States,Bronze,8,193.07,no
125878030,2025-04-26,,,Male,United States of America,Bronze,9,315.17,Yes
983043872,31-Mar-2025,"August 14, 2026",48,N/A,CANADA,Bronze,1,62.32,No
701518245,09/27/2022,2026-08-07,31,Female,United States,Silver,30,,No
784863722,2021-05-16,2026-01-12,33,M,Canada,Silver,8,570.05,Yes
391676535,2019-08-16,2026-07-18,33,Male,USA,brz,19,561.89,No
135696394,03.05.2023,2026-09-03,48,female,USA,Bronze,8,531.57,No
868058928,2023-06-24,2026-09-01,57,U,CA,Bronze,13,$325.08,No
339128286,"June 08, 2022",2025-10-03,50,,United States,Bronze,2,65.66,yes
646829535,2020-06-30,06/26/2026,,Male,USA,bronze,4,182.27,FALSE
105724095,2023-03-31,2026-08-22,48,Male,United States of America,Bronze,23,-,N
109007262,2023-03-02,2026-07-01,27,Male,IN,Bronze,10,175.76,0
899350921,2025-08-14,,44,M,US,Bronze,0,0.0,Yes
346186943,2023-10-11,03/01/2026,40,F,CANADA,Silver,14,656.05,Yes
313034219,2022-05-23,08/14/2026,65,Male,India,bronze,4,159.99 USD,No
225186558,27.01.2025,06/14/2026,-,Other,United States,Silver,5,"$1,263.49",No
494884841,11-Dec-2025,,85,female,USA,Bronze,0,0.0,yes
881633135,2024-07-23,08/19/2025,36,Female,Brazil,Bronze,3,371.78,yes
681286815,21-Jun-2025,07/01/2026,31,Male,Germany,Gold,26,1756.59,No
624537074,2022-08-31,2026-07-17,23,Male,United States,Gold,50,2750.2,No
729919715,2023-11-01,2026-05-17,44,male,United States,silver,13,-866.63,NO
831693324,11/16/2021,24.07.2026,37,Female,Canada,gold,22,2144.68,No
705026808,2023-08-21,"June 24, 2026",,Unspecified,United States,silver,20,825.12,0
561827112,2026-01-06,2026-07-27,89,F,Canada,Bronze,3,89.08,No
961790539,2022-07-27,2026-07-07,58,Male ,UK,Bronze,4,242.18,0
713924815,07/25/2025,2025-12-01,64,Female,Canada,Bronze,-8,379.6,Yes
844240860,2021-07-14,2026-08-27,50,Male,USA,Bronze,9,111.99,No
566134797,2025-01-07,2026-07-21,38,Male,Brazil,Bronze,6,219.65,No
461720767,05/02/2026,2026-05-02,26,F,BR,Bronze,N/A,14.18,Yes
588150872,2019/07/28,,63,Male,Mexico,Silver,25,"$1,370.50",0
977729326,2022-12-30,2026-07-09,39,Male,usa,slv,31,718.11,No
426808166,2020-02-02,30-Aug-2026,25, Female,united states,Gold,52,2648.45,N
180695023,"February 19, 2025",2026-06-04,67,f,U.S.A.,silver,16,1101.88,No
953912442,2024-03-14,07/26/2026,54,F,UK,Silver,15,875.83,N
686312229,2022-02-04,2026-08-06,54,F,Brasil,silver,3,693.35,No
885324394,2023-03-08,05.07.2026,50,Female,Australia,silver,10,$885.14,No
460228823,2024-03-20,01-Sep-2026,57,F,USA,Bronze,5,228.67,No
507970253,2021-07-01,,64,Male,Australia,bronze,0,0.0,Yes
316734609,18.04.2025,,32,M,United States,Bronze,0,0.0,Y
815733057,2025-02-03,,45,FEMALE,Mexico,Bronze,0,0.0,Yes
568065811,2021-10-20,09/07/2026,52,Male ,Australia,Silver,11,652.69,No
597015060,05/13/2024,01-Mar-2026,41,male,Australia,Bronze,2,168.89,Yes
206097350,2025-10-08,2026/06/10,38,Female,United States,Bronze,13,543.42,no
241527606,2024-10-09,11-Aug-2026,46,Female,United States,  Bronze ,5,365.47,No
499997512,2020-12-18,2025-04-29,29,Female,U.K.,  Bronze ,13,375.86,Yes
406733384,05.07.2021,2026-04-30,,M,usa,Platinum,39,4802.39,N
525275113,2024-03-30,2026-07-07,49,Female,united states,Bronze,11,481.49,No
514481035,01/30/2023,07/07/2026,87,N/A,USA,silver,17,1457.72,N
925556249,09/07/2023,02.06.2026,45,male,United States,Gold,53,2499.41,No
537762524,2024-01-06,2026-09-04,43,Female,UK,Silver,10,913.44,No
761972737,12/20/2025,2026-07-12,34,Male,United Kingdom,Bronze,4,146.18,no
145962167,"June 20, 2019",2026-05-10,20,O,N/A,slv,17,722.27,no
643912521,28-May-2025,2026/07/18,39,m,Australia,Silver,14,873.29,no
451777037,2023-10-21,2026-06-29,48,Female,India,brz,2,122.74,No
188969067,2025-03-02,08/24/2026,26,male,IN,Bronze,13,632.01,N
411355534,2020/02/17,28-Aug-2026,30,femail,U.S.A.,silver,21,2129.82,0
619256613,2020-10-06,10-Jun-2026,39,Male,DE,Gold,51,2451.12,no
352574691,03/12/2025,2026-03-01,51,female,Australia,Bronze,2,153.66,1
505090564,01-Mar-2025,2026-06-13,44,Male,USA,BRONZE,3,120.58,no
742019136,2024/10/19,2026-08-26,38,MALE,United States,Silver,9,575.03,No
236472840,03/31/2024,08/13/2026,20,FEMALE,USA,Silver,13,1446.77,No
307257343,2023-05-26,2026-08-26,63,male,Australia,bronze,3,136.48,0
678437905,"June 11, 2024",2026-02-18,37,Male,U.S.A.,bronze,12,,1
163367689,2020-04-20,"September 07, 2026",22,Female,uk,slv,33,1679.55,NO
211195032,08/01/2024,08/11/2026,49,Female,México,slv,6,610.03,No
297762590,03/11/2025,2026-08-13,70,Female,Canada,silver,13,954.21,No
106511931,2025-02-24,2026-08-08,68,Female,UK,silver,8,513.76,FALSE
204863258,2024-08-08,,60,male,Canada,Silver,27,1790.6,No
146447680,2023-06-02,2025-12-23,55,male,United States,Bronze,7,243.15,Y
260293239,2023-09-12,,48,O,United States of America,brz,0,0.0,Yes
632975079,2025-04-25,2026-07-06,50,N/A,N/A,Bronze,3,,no
284067867,12.05.2023,2026-09-01,31,M,USA,Gold,36,2096.44,FALSE
872195791,2022/06/12,2026-03-01,46,Female,United States,Bronze,14,561.38,Yes
200163654,21-Jun-2022,"July 09, 2026",79,Male,Germany,Silver,25,1405.55,No
348423763,2025-05-23,2026/08/27,,Female,United States,Bronze,4,436.3,N
602921382,"April 15, 2021",2026-03-01,35,Female,United States,BRONZE,6,440.48,Y
610097222,2023-07-30,2026-08-07,52,Female,Canada,SILVER,15,830.05,No
435534900,16.12.2024,08/02/2026,49,Female,USA,BRONZE,4,338.17 USD,FALSE
230348405,2023-09-09,2025-09-11,43,Other,Mexico,Bronze,1,59.26,Yes
544249158,2020-09-18,2026-03-01,18,F,United States,BRONZE,2,230.18,1
517768589,2024/12/28,06/04/2026,63,F,U.K.,Gold,28,2073.47,0
523289341,09/28/2023,2026-08-18,41,female,united states,bronze,3,83.35,N
655793397,12/22/2021,2026-07-28,34,FEMALE,usa,Gold,NULL,3998.83 USD,No
862551118,2021-05-06,18-Jul-2026,,Male,IN,silver,41,891.19,No
860966552,10/10/2024,02/10/2026,29,MALE,,SILVER,11,713.63,Yes
702478563,2025/12/12,2026-08-26,46,U,USA,Bronze,2,125.84,no
624310419,07-May-2021,2026-08-16,37,M,Canada,Gold,94,2459.95,No
407440415,06-Oct-2023,"August 12, 2026",24,Male,Germany,Gold,30,2769.7,No
115960571,2022-12-28,,30,Female,UK,Bronze,0,0.0,Yes
958814201,2022-02-26,2026-07-10,30,FEMALE,United States,Silver,15,1003.59,No
914248843,06.06.2023,07/12/2026,27,Female,United States,Bronze,3,83.13,N
894858439,2026-03-13,2026-03-13,24,male,US,Bronze,3,32.18,yes
361951671,2024-09-24,2026/07/20,58, Female,CA,Silver,11,1297.13,No
277591458,02/08/2022,2026-08-29,61,O,USA,Silver,23,1612.29,No
421193329,2023/06/15,2026-07-02,80,Female,United States,SILVER,12,635.23,NO
409256997,12/14/2025,,N/A,prefer not to say,canada,  Bronze ,0,0.00 USD,Yes
878769219,2025-08-04,2026-07-04,30,male,US,Bronze,3,258.67,N
128316523,08/26/2021,2026-03-11,33,male,Canada,Bronze,12,443.84 USD,No
234851177,08/13/2021,08/22/2026,63,female,usa,slv,41,-,No
328770211,21.02.2023,2026-08-08,,U,United States,bronze,6,263.54,No
275910365,2022-09-22,01.03.2026,24,Other,India,bronze,5,586.39,Y
115022714,2024-08-31,2026-05-06,46,Male ,DE,Bronze,6,$573.55,No
826455355,2025-11-03,,53,Male,Australia,BRONZE,0,0.0,Y
437759460,2024-12-23,"June 21, 2026",44,N/A,Australia,Silver,5,651.7,No
250957043,02/11/2025,,77,Female,U.S.A.,Bronze,0,0.0,Yes
202231854,02.02.2020,,48,Male,India,Gold,39,1975.0,no
721318058,2021/11/07,2026-02-04,50,Male,U.S.A.,Bronze,4,206.91,Yes
340696504,2026-03-02,"March 02, 2026",55,f,united states,Bronze,4,409.35,Yes
651924209,11/16/2022,07/24/2026,64,Male,México,silver,61,1389.89,N
936004106,2022-03-08,22-Jul-2026,42,OTHER,United States of America,bronze,28,234.82,No
554850112,26.03.2025,2026-08-19,38,F,United States of America,BRONZE,6,279.52,No
608182046,2023-08-14,2026-08-09,29,Male,US,Gold,7,1728.38,N
640634816,09/23/2025,24.08.2026,71,Female,unknown,bronze,4,153.97,No
976175498,2025-10-29,2026-02-06,,Male,,Bronze,1,$13.76,1
652739219,2024-12-16,2026-07-01,30,Male,Germany,Bronze,6,385.22,FALSE
670003011,2025-09-04,2026-08-07,37,Male,USA,Bronze,8,195.16,No
960989398,2021-02-27,2026-05-26,53,Female,United States,GOLD,30,3074.52 USD,No
538747673,2021/07/31,01-Mar-2026,25,Male,United States,Bronze,9,$404.11,Yes
121866508,2023-11-01,2026-08-26,68,Female,United Kingdom,bronze,9,354.31,No
912118136,2021-04-14,2026-06-08,25,Female,Canada,Gold,64,3368.00 USD,No
756112521,03/26/2022,08/26/2026,,M,United States,,14,546.48,No
907709732,2024-12-11,2026-09-05,30,female,US,brz,10,302.56,No
453887933,23-Aug-2024,,66,Unspecified,United States,  Bronze ,2,120.9,Yes
112235312,2025-01-22,2026/07/23,46,Female,USA,Silver,NULL,1056.42,No
957834497,2023-08-20,,32,Female,US,Bronze,9,444.91,No
525884631,03/25/2026,2026-03-25,49,F,Canada,silver,4,1046.04,Yes
859432997,02/18/2026,,40,Male,US,Bronze,0,0.0,Yes
538107751,"November 30, 2022",2026-06-02,43,Female,India,gold,31,2137.65,N
162888348,2025-04-21,,53,male,IN,Bronze,0,0.0,Yes
888946464,10/29/2021,06/29/2026,66,M,United States of America,Gold,44,2063.06,FALSE
471805618,2022-04-15,2026/01/22,39,Male,United States,bronze,3,155.0,Y
787921889,2024-06-25,08/07/2026,45,MALE,United Kingdom,Silver,9,745.22,NO
839218716,2026-05-09,,62,male,Australia,Bronze,-999,0.0,Y
317132218,2025-04-15,03/01/2026,61,prefer not to say,India,Silver,5,648.91,Yes
582404492,2026-04-06,"April 06, 2026",53,M,United States,Bronze,2,106.7,YES
686862276,05/19/2025,,23,Male,United States,bronze,0,0.0,Yes
551443249,2024-06-26,2026/08/18,45,Female,United States,Bronze,2,375.5,No
307218882,2023-04-25,"May 13, 2026",68,Female,USA,Gold,38,3181.88,No
914384629,22-Dec-2025,2026-03-01,41,f,Mexico,Bronze,6,460.74,Yes
738286371,2021-04-08,2026-06-27,28,F,UK,Platinum,69,,FALSE
722670624,2021-05-15,2026-08-03,77,M,United States,Bronze,12,315.86,NO
212346554,2022-03-26,2026-07-01,60,male,United States,Bronze,12,410.43,no
149547005,2025-08-22,25.08.2026,62,male,United States,Bronze,6,179.0,No
491138453,2021-03-10,2026-05-16,54,M,United States of America,GOLD,27,2017.56,No
328760018,04/05/2023,09/06/2026,NULL,male,India,Silver,20,2048.94,No
376154602,31.12.2024,2026-05-23,50,female,Canada,,7,997.57,No
133478879,19.05.2024,2026-08-12,22,M,United States,silver,17,914.76,N
784820268,2023-06-16,04/06/2026,31,FEMALE,US,Platinum,42,4979.78,No
157129651,2023-12-20,,36,Female,US,Bronze,8,$195.89,No
937083242,09.02.2025,21.08.2026,46,female,US,bronze,7,526.53,N
150692154,2024-03-20,2026-07-30,48,male,AU,Silver,16,$651.08,0
838887385,2025-09-09,09/09/2025,54,female,CANADA,Bronze,2,131.5,Yes
833304539,2024/10/13,06-Aug-2026,55,Male,United States,  silver ,17,1140.7,NO
954003183,2025/04/08,2026-07-31,38,F,USA,Bronze,4,308.11,No
277510075,11/10/2024,2026-03-01,60,Female,Great Britain,bronze,2,176.91,Yes
182606458,2024-01-23,23.07.2026,55,Female,England,Bronze,15,450.79,N
965122641,03/02/2025,27.08.2026,58,Female,united states,bronze,22,408.54,
372431292,2022-05-19,2026-08-23,56,M,United States,unassigned,44,1583.6,No
126306597,2021-03-23,2026-05-28,21,M,Canada,Silver,21,,No
227113323,2021-07-20,"July 24, 2026",63,Male,mexico,Silver,34,1391.45,No
333076320,2021-06-01,2026-07-12,39,F,England,Gold,32,2621.1,FALSE
455238926,2023-05-25,2026/09/04,19,Male ,USA,Silver,10,1014.92,N
800095865,2024-09-19,07/13/2026,23,Female,IN,Bronze,11,338.3,No
588920933,2021-05-27,14-Aug-2026,31,Female,United States of America,Silver,19,1062.78,No
740250043,08/26/2024,2026-06-27,43,Female,Germany,Silver,11,1447.42,FALSE
625215144,02/21/2021,2025-11-09,19,female,United Kingdom,Silver,13,1228.4,Y
676461958,2025/08/01,22-Jul-2026,20,Unspecified,USA,Bronze,9,$292.76,No
441525129,10/12/2022,2026-06-30,74,N/A,United States,Silver,7,$442.89,No
660809116,2024-09-23,07/06/2026,32,Male,U.S.A.,Silver,16,816.55,No
427570690,2022-06-03,"July 16, 2026",42,Male,Australia,Silver,18,1169.42,No
490997357,2022-10-29,22.06.2026,,FEMALE,United States of America,Platinum,80,8394.03,N
705744490,08/19/2021,17.08.2026,68,Male,India,Bronze,1,41.7,No
944928272,05-Feb-2024,"August 06, 2026",34,MALE,Canada,Bronze,2,121.16,No
433590328,2023-03-29,14-Aug-2026,53,Female,IN,silver,15,498.13,No
116971990,01-Jun-2022,29.06.2025,58,M,AUS,BRONZE,3,99.49,Y
444135206,2023-04-24,2026-08-26,46,Male,Brazil,bronze,12,248.36,N
138718288,2025-12-07,,44,Female,USA,Bronze,0,0.0,Y
874534116,02/20/2020,2026-08-03,19,,Canada,PLATINUM,52,7711.88,NO
906518753,2025-09-17,2026-02-08,53,Female,united states,Bronze,2,236.07,1
822269486,01-Jan-2026,2026-07-29,61,male,United States of America,Bronze,4,309.01,No
194888675,2022-09-28,08/09/2026,29,female,USA,  Bronze ,6,468.83,No
689693351,03/03/2024,25-Jul-2026,40,Female,India,bronze,5,$276.84,N
388624325,2026-05-21,2026-05-21,47,Male,USA,Bronze,1,$67.78,Yes
947386910,04/09/2025,"March 01, 2026",34,male,United States,Bronze,7,151.64,Yes
780937268,2020-10-21,2026-08-15,25,Female,Brazil,Silver,14,N/A,N/A
409669168,04.12.2025,2025-12-04,23,M,USA,Bronze,3,99.84,Y
325977393,2021-05-16,2026-08-14,28,Unspecified,Germany,Silver,12,673.36,No
953688458,2023-12-18,2026-07-17,76,Male,united states,Silver,29,1700.25,N
245169112,2023-07-03,15-Feb-2025,56,Unspecified,United States,BRONZE,3,165.66,TRUE
592968410,2023-10-10,"March 01, 2026",37,female,Canada,bronze,3,57.74,yes
949449212,2022/11/07,2026-05-24,20,Female,India,Gold,,2727.87,no
534164132,2025-06-03,2026-06-07,33,Female,USA,Bronze,4,258.67,
864650669,18.11.2022,2026-08-28,55,Male,IN,silver,21,1207.89,No
878289376,2022-02-28,19.05.2026,52,m,USA,,16,468.66,No
657482352,2024-05-06,06/19/2026,45,Female,Canada,brz,24,298.77,No
215322359,2023-04-05,2026-05-29,29,female,USA,Gold,51,3484.91,No
557374723,2023-06-19,2026/08/27,69,Male,Germany,slv,17,958.99,No
106346269,2022-04-12,2026-02-21,55,Male,U.S.A.,Bronze,4,$397.85,1
447775509,"February 17, 2021",2026-06-17,41,Male,United States of America,Silver,14,628.42,No
163655432,2023-03-26,08/09/2026,29,Male,United States of America,Bronze,19,609.7,NO
889411359,2025-05-11,2026-07-28,26,f,United States,Silver,16,723.66,No
472783508,07-Nov-2022,2026/03/01,31,prefer not to say,England,Bronze,6,291.96,Yes
928560854,23.05.2022,13-May-2026,36,female,,GLD,36,2669.71,No
314453848,2023-04-19,2026-08-05,49,Female,Canada,Silver,17,,No
588559662,"April 17, 2026",2026-08-02,68,MALE,United States,NULL,3,350.89,No
309716173,05.11.2023,27-Aug-2026,44,Female,USA,Bronze,8,445.18,No
246734685,2020-12-04,"August 06, 2026",-, Female,U.S.A.,gold,37,,0
103006395,2026-06-21,06/21/2026,57,m,,Bronze,1,74.17,YES
177997669,2021-05-18,2026-06-28,35,Female,DE,Silver,55,2144.69 USD,No
890392761,2024-04-17,2026-02-05,56,Female,India,Silver,10,763.5,Yes
963467353,2023-09-26,08/24/2026,46,Female,United States,silver,22,1540.85,FALSE
784568078,2023/06/28,2026-03-01,52,Female,United States,brz,3,45.13,Yes
514377108,20-Jan-2022,2026-04-12,46,Female,DE,SILVER,22,1103.81,no
729831919,2022-11-08,2026-07-02,39,F,United Kingdom,gold,42,2744.3,No
378673511,2024-10-06,08/18/2026,30,,United States,Silver,12,529.76,No
720141720,2019-11-23,2026-06-24,26,MALE,CA,Bronze,10,$626.02,No
305931797,02/20/2026,2026-03-01,57,Male,usa,Silver,4,581.7,Yes
783374408,09/01/2021,2026-07-25,31,Female,United Kingdom,Silver,17,827.59,NO
855541537,2020-04-27,2025-10-02,51,Male,India,bronze,2,18.2,Y
696272871,27-Mar-2025,2026-06-08,31,Male,USA,Bronze,10,293.2,no
335672171,04/15/2023,2026-06-27,44,MALE,Canada,Gold,55,2904.79,No
287921525,2024-11-08,"August 28, 2025",23,M,United States of America,bronze,1,88.81 USD,Yes
987592314,2022-04-23,2026-07-10,43,Other,CA,Silver,18,1357.34,no
569524507,2022-12-03,"August 04, 2026",,male,United States,Gold,64,2375.8,No
197515253,04/05/2025,07/09/2026,65,M,usa,Bronze,15,507.18,No
140516040,"July 23, 2025",08/30/2026,74,FEMALE,united states,bronze,1,41.73,No
943877732,2023-11-30,07/21/2026,31,M,US,Bronze,2,94.22,No
246073812,2022-12-09,2025-09-05,65,Male,U.S.A.,Bronze,9,589.55,Yes
152530880,12/11/2021,2026-07-06,64,F,BR,silver,9,$691.28,N
414305871,2024-10-30,08/10/2026,45,F,USA,Silver,15,977.96 USD,N
520534529,2023-02-13,2026-08-03,31,,United States,GOLD,29,2607.46,No
596446273,2025-03-30,2025-12-18,37,F,Brazil,Bronze,4,308.89,Yes
396181892,06/22/2025,2026-08-28,56,Male,usa,Silver,14,1138.47,0
904049371,2023-03-14,2026-06-23,32,Male,US,Bronze,4,$261.34,FALSE
821703293,2020-12-30,2024-11-17,50,Male,United States,Bronze,2,280.27,Yes
648980009,2021-06-23,2026/08/13,36,F,United States,Gold,42,2572.12,No
264225974,2025-01-29,24-Aug-2026,50,Female,Brasil,Bronze,6,433.24,FALSE
265509662,2025-05-30,"August 30, 2026",21,female,Canada,Bronze,10,474.23,N
627842190,04/09/2021,,37,Male,uk,Silver,22,1018.42,FALSE
959911336,2023-01-06,2026-08-01,39,MALE,USA,Gold,20,1849.88,no
418312550,03/02/2025,06/24/2026,32,male,Canada,Bronze,7,178.3,N
663688014,2025/05/31,,51,O,India,Bronze,0,-17.29,Yes
575211092,09-Oct-2021,2025-10-04,41,Female,Canada,bronze,1,24.48,Yes
485304977,2025-07-20,2026-08-02,44,Female,Australia,Bronze,3,199.36,0
850946651,2022-02-17,08/18/2026,34,M,United States of America,Silver,41,1532.15,NO
991421718,2024-03-07,2026/07/05,36,Male,US,Silver,31,$673.66,0
422479898,05/14/2025,2026/07/29,37,femail,United States,none,6,326.4,No
137942093,06/01/2024,08/06/2026,57,,usa,Bronze,6,303.01,No
277075009,2024-05-26,07/31/2026,28,male,IN,Silver,28,1319.34,No
587077641,2026-08-04,,59,Male,CA,bronze,0,$0.00,Y
501095076,2023-06-17,2026-07-09,63,,United States,Bronze,8,388.74,N
381597008,28-Dec-2025,,51,Male,,Bronze,0,0.0,1
699298651,2022-12-19,2026-08-21,61,Female,Canada,silver,18,NULL,No
494193494,2024-07-29,07/14/2026,,F,England,Silver,16,1520.97,0
279361207,"January 02, 2026",,31,female,USA,Bronze,0,0.0,Yes
849347273,"November 18, 2025",2026-08-08,66,Female,US,brz,7,,No
771013563,2024-11-29,"May 29, 2025",57,FEMALE,AUS,bronze,1,143.12,Yes
724849101,2023-02-09,2026-07-30,32,Male,United States,silver,18,1416.33,0
161560011,2024/11/26,,47,F,United States,Bronze,0,-274.25,YES
126274065,2026-05-01,,43,FEMALE,United States,Bronze,2,73.93,Yes
113257973,2021-04-21,not available,26,female,US,Gold,39,1834.34,No
235751212,2021-01-22,06/22/2026,69,Female,DE,GLD,15,2570.99,No
810258171,2022-12-18,2026-08-20,51,Female,USA,GOLD,34,-,no
927507797,2020-05-17,17-May-2026,25,M,Canada,Silver,19,1477.61,No
121077315,07-Oct-2023,2026-07-12,20,female,United States,Bronze,14,511.32,NO
669585806,2021-12-11,2026-08-25,35,Male,United States,Platinum,68,,FALSE
263745514,2025-09-11,2026-07-28,40,Female,United Kingdom,Bronze,1,63.57,No
466930894,2023-01-11,12.07.2026,48,Male,United States,Bronze,5,$326.54,No
584851836,30.10.2024,2026-09-06,40,Male,United States of America,Bronze,11,639.74,No
517720013,2024-08-07,07/05/2026,27,Male,Australia,Bronze,8,442.9,No
121017038,06/28/2024,2026-08-12,39,Female,Can.,Bronze,7,414.22,No
598261337,2025-06-13,30-Nov-2025,48,,United States,Bronze,5,306.3,Yes
723145557,01/25/2025,"June 14, 2026",32,F,United States,  Bronze ,3,264.55 USD,No
970125274,2025-04-07,2026-07-18,40,Male,Australia,Bronze,3,187.58,N
288991283,04/15/2024,2026-05-20,56,F,United States,SILVER,9,1495.92,No
112257359,2024-09-08,2026-07-25,40,Male,Australia,Silver,27,1085.03,0
452083896,29-Jan-2025,2026-08-06,63,U,CA,bronze,4,397.27,no
974360331,27-Feb-2020,2026-08-08,55,female,United Kingdom,Silver,12,1245.94,NO
118933650,2026-07-07,07-Jul-2026,34,Male,India,brz,1,$19.70,Yes
430740910,28-Feb-2024,2026-03-24,,Male,United States of America,Silver,34,1571.32,N
917888460,2022-02-09,06/19/2026,39,Female,DE,Gold,30,1997.29,no
781311185,19.08.2024,2026-07-29,27,female,USA,Platinum,28,3986.25,No
639239053,28.07.2024,"June 27, 2026",27,Male,Canada,bronze,3,$67.28,no
187229638,2022-12-22,"September 17, 2025",46, Female,United States,Silver,8,1031.13,yes
385405436,07/17/2025,2025-07-17,25,Male,United Kingdom,Silver,8,703.92,Y
655975612,12/30/2022,2025-08-01,83,Male,United States of America,Bronze,9,122.43,Yes
281169680,16.04.2024,2025-05-16,43,Male,Great Britain,bronze,5,525.32,Yes
366282413,06.02.2023,2026/07/28,45,Female,United States,silver,11,691.31,no
502769565,"October 01, 2023",2026-06-24,42,MALE,USA,silver,15,1041.99,No
618822276,2025-11-23,06/03/2026,53,Female,USA,brz,1,49.25,No
165163978,09.11.2022,2026-03-01,26,Male,India,Silver,7,765.81 USD,Yes
798372974,2021-12-07,2026/06/14,,M,U.K.,Gold,19,1809.75,0
654742855,2023-04-07,2026-08-25,51,Male,United States,brz,7,281.02,N
901385248,2022-06-01,2026-04-23,26,Female,Mexico,silver,30,1269.91,N
159243913,2024-10-28,12-Aug-2026,70,,US,Bronze,4,301.11 USD,N
606982279,01/10/2021,2026-07-12,37,Male,United States,GOLD,37,2811.06,No
290737612,2026-06-20,"June 20, 2026",65,Male,United States,Bronze,1,42.86,YES
529106143,08/03/2025,,35,male,England,Bronze,0,$0.00,Yes
420932105,2023-10-08,2026-08-20,44,F,Canada,Bronze,9,,No
610622723,2025-11-10,03/01/2026,33,Male,,Bronze,4,114.3,Y
313220655,11/26/2024,"August 15, 2026",42,,Brazil,BRONZE,17,413.54,No
404112208,07/26/2025,2025-12-29,41,N/A,mexico,Bronze,4,245.67,1
660621384,2024-03-29,2026-08-04,36,Female,United States,Bronze,2,154.55,no
839926095,2023-11-07,18.08.2026,34,other,UK,Silver,22,1435.12,No
450311089,2023-12-11,2026-09-04,30,M,United States,slv,15,792.06,no
246557751,2025-05-30,,21,female,US,bronze,0,0.0,Yes
318065230,2020-11-12,2026-07-07,51,F,CA,Silver,37,1182.52,No
512431487,2024-06-12,"August 09, 2026",32,Female,canada,Bronze,2,146.52,N
708662560,26-Oct-2024,2026-07-28,38,O,,Bronze,4,155.29,No
213947470,2025-07-16,2026-05-29,25,female,USA,Bronze,11,483.17,0
948581038,07/01/2023,,32,male,United Kingdom,bronze,0,0.0,yes
817095811,03-Oct-2022,2026-09-02,40,Female,United States,Bronze,12,480.09,No
473943280,2025-01-16,2025-01-16,49,Male,United States,BRONZE,4,59.14,Yes
932017194,"February 19, 2023",08/03/2026,63,female,USA,GLD,37,1658.79,No
168215877,2026-04-29,2026-04-29,-,unspecified,germany,Bronze,1,56.61,Y
262838663,19-Dec-2022,2026-01-26,54,FEMALE,US,Bronze,10,615.35,Y
250147398,2022-09-18,2026-08-23,54,M,Mexico,Gold,69,2394.93,FALSE
213137455,2024-05-05,04/20/2025,58,Male,United Kingdom,BRONZE,4,508.01,Yes
132388077,2024-06-20,2025-12-22,70,Female,unknown,Bronze,7,199.56,YES
652124418,17-Sep-2024,2026-07-21,51,female,United States,Gold,23,2278.56,N
849192788,2025-07-13,,56,female,US,bronze,0,0.0,Y
686912016,2022-04-21,2026-07-20,52,female,India,Silver,17,-777.54,no
104823691,2025-01-04,2026-09-06,40,Female,United Kingdom,BRONZE,3,$84.09,N
355451635,21-Apr-2026,21-Apr-2026,33,female,United States of America,Bronze,4,420.85,Yes
500231982,2023-01-19,"July 15, 2026",64, Female,USA,Bronze,7,383.23,No
654301370,04/19/2023,06/13/2026,37,F,USA,Silver,55,1251.44,No
225897683,01/05/2024,2026-07-28,38,F,USA,SILVER,16,652.31,No
247435548,2025-04-18,2026-08-30,52,Male,Can.,bronze,4,378.65,No
326270297,,2026-03-26,58,male,Germany,Bronze,1,54.90 USD,Yes
861959578,"July 13, 2024",,44,Female,United States,Bronze,4,301.27,Yes
171148853,03/11/2023,2026-08-10,48,Female,United States,SILVER,65,"$2,129.84",No
313977691,08/26/2022,2026-05-02,49,F,Australia,Gold,78,3386.46,No
855471977,2025-09-23,2026-07-11,39,female,,BRONZE,5,645.98,N
316843761,2023-05-11,2026-05-24,47,FEMALE,Canada,Bronze,2,87.11,No
489925142,2023-01-14,2023/12/15,53,FEMALE,usa,Bronze,11,458.25 USD,Yes
502029078,2025/03/25,2025-03-27,53,Female,USA,bronze,3,62.81,Yes
482847787,27-Jun-2023,2026-07-18,64,Female,United States of America,Silver,20,964.71,FALSE
156018348,"March 20, 2022","July 19, 2026",30,Male,England,gold,51,3859.99,No
414487418,03/06/2022,2026-03-01,35,MALE,UK,Bronze,-13,499.44,unknown
393123304,"May 20, 2020",2026-07-30,65,MALE,United States,Silver,36,1173.35,No
404572606,2024-04-10,,35,femail,united states,Bronze,9,214.0,N
620051711,"May 25, 2022",2026-07-20,41,Male,United States,Silver,25,2222.22,No
631837689,2024-06-27,2025-04-06,46,prefer not to say,BR,Silver,14,795.27,TRUE
731884858,11/11/2022,2026-07-23,49,Male,USA,Silver,42,1702.95,No
656602461,10/18/2023,19.07.2025,56,Male,Brazil,Bronze,-999,219.83,Yes
641720228,01-Jun-2022,2026/08/28,44,Female,united states,Gold,36,4300.56 USD,No
164487453,2025/05/21,2026-03-01,39,unspecified,Canada,Bronze,1,105.09,yes
489756270,21-Sep-2023,2026-08-27,58,Male,United States of America,  Silver ,10,811.59,N
804957147,05/28/2025,2025-11-05,41,f,Canada,Bronze,1,56.29,Yes
839791242,2026-01-08,25-Aug-2026,51,Female,United States,BRONZE,1,77.75,N
972442539,2021/07/20,2026-07-16,22,Female,U.K.,Bronze,11,478.35,0
420246907,2026-04-28,,23,Male,United States,Bronze,0,0.0,Yes
407071100,"April 24, 2023",20-Aug-2026,44,Female,Mexico,Silver,14,,N
615568231,22.09.2024,09/15/2025,58,F,United Kingdom,brz,1,42.39,Yes
930493481,2023/03/06,03.09.2026,57,Male,uk,Silver,5,464.5,
559910878,2025-01-02,2025-07-09,70,Male ,united states,Bronze,1,34.74,yes
888819879,2025-12-26,2026-07-27,42,male,unknown,Bronze,2,41.08,No
255508008,2023-04-23,"August 14, 2026",44,MALE,DE,Gold,17,2947.53,N
623444771,2023-02-13,"June 20, 2026",30,Female,U.S.A.,Bronze,6,303.38,No
471301539,2023-02-08,2026-08-16,55,Female,US,Silver,25,1060.1,0
489582147,30-Jul-2024,22.08.2026,30,Male,Can.,Silver,11,682.46,No
191054112,04/04/2025,22.06.2026,45,F,United States,bronze,1,31.02,
306408419,2024-04-11,07/14/2026,47,MALE,Deutschland,Bronze,15,312.59,No
545075649,2025-05-21,2025-06-08,63,Unspecified,Canada,bronze,5,283.87,Yes
259506046,2024-04-07,2026-06-26,19,Female,United States,Gold,15,2543.45,N
336364458,2022-12-15,2026-07-27,65,M,United States,silver,13,1081.45,N
677827769,2021-04-22,2026-08-01,53,Other,Mexico,Silver,14,1687.51,no
151061596,20.07.2022,2026-04-01,unknown, Female,United States,Bronze,1,26.19,No
680109461,2019-06-23,09/05/2026,46,Male,England,platinum,36,"$6,811.46",NO
547718709,05/23/2026,,20,F,United Kingdom,Bronze,0,0.0,yes
299076864,24-Dec-2025,08/05/2026,67,Male ,United Kingdom,bronze,1,34.69,no
921755858,2025-11-25,,43,MALE,United States of America,Bronze,6,,Yes
528183214,09-Jan-2022,2026-08-24,42,Female,USA,Gold,28,2068.82,FALSE
923675124,17-Nov-2025,2026-02-23,40,Male,CANADA,Silver,11,790.34,Yes
685983607,2022-11-30,06/06/2026,45,m,USA,Silver,19,630.31,No
576585170,03/22/2026,,39,prefer not to say,USA,  unassigned ,0,0.0,yes
580498638,26-May-2024,2026-08-13,38,M,UK,BRONZE,12,281.84,0
944336743,2026-06-08,,65,unspecified,UK,bronze,0,,Yes
240899068,2021-10-01,2026/08/24,40,Other,Can.,Silver,20,517.61,no
686485124,2025/02/05,13-Sep-2025,73,F,United States,Bronze,4,244.19,Yes
672919637,19-Dec-2020,2026-09-01,60,Female,Germany,Silver,10,1130.96,No
284173086,2025-09-17,2025-09-25,35,Male,U.S.A.,bronze,4,360.12,Yes
222566457,02/22/2025,2025/03/20,62,Male,usa,Bronze,5,163.77,Yes
192036700,2022-06-12,07/24/2026,47,Female,USA,Silver,19,"$1,602.15",No
800047185,2023-11-01,2026-05-05,27,Male,USA,gold,29,2108.15,0
432484163,2022-03-07,2026-07-20,38,female,--,Silver,34,"$1,894.59",N
995146671,2024-03-21,2026/08/24,30,Male,India,BRONZE,11,240.75,No
633776874,2024-10-10,01/23/2026,35,Male,USA,Bronze,2,96.08,Yes
607724291,2024-02-07,03/22/2026,30,Male,Mexico,bronze,10,623.28,no
445084129,2025-02-19,2026-08-02,58,female,usa,,4,$314.57,No
855138803,27.05.2026,,82,femail,United States,Bronze,0,0.0,Yes
920927705,05/10/2023,26-Jul-2026,23,F,,bronze,7,346.91,No
924357062,2023-02-20,2026-07-29,45,,Australia,Silver,16,1282.74,No
980529860,03/14/2020,2026-08-01,66,Unspecified,United States,Bronze,3,43.72,No
312976245,2022-02-20,2025-12-23,49,Female,uk,Bronze,10,182.26,Yes
981286961,2019-11-28,05/31/2026,49,male,US,Gold,62,1976.42,No
530794137,2021/04/06,2026-08-21,73,Female,United Kingdom,brz,13,441.84,No
242129750,2024-01-14,07/10/2026,57,Female,usa,SILVER,13,1096.63,no
862132527,07/11/2025,2025-10-06,41,Unspecified,Canada,Bronze,3,-98.69,Yes
235364998,2020-12-26,2026-05-19,46,Male,United States,Silver,19,851.97 USD,No
868169525,2023-12-19,2024-10-14,39,Female,United Kingdom,Bronze,3,368.45,Yes
667352093,02/24/2022,31.07.2026,34,M,Australia,Bronze,5,204.17,N
902279821,09/09/2024,,30,FEMALE,United States,silver,6,,Yes
171701811,2025-09-05,2026-07-20,34,M,Australia,silver,17,1692.71,No
627573416,2023-05-07,2026-06-27,52,,Brazil,BRONZE,5,271.57,N
905093178,12-Feb-2025,26-Jun-2026,61,femail,U.S.A.,Gold,19,1849.7,No
893250261,2025-02-17,26.07.2026,27,Male,United States,Silver,16,658.11,No
712458015,2026-06-30,2026-06-30,31,male,United States,BRONZE,3,158.0,Yes
334745351,2024-07-04,2026-08-20,65,m,United States,bronze,12,$450.24,No
575949607,2021-02-02,2025-10-15,66,Female,United States,Bronze,4,144.8,Y
810492037,06/27/2024,06/04/2026,31,Female,Germany,Gold,29,1574.28,FALSE
812655111,2020-06-01,2026-06-11,47,Male,USA,Gold,39,3433.63,No
710253092,2023-08-16,2025-12-21,30,Female,India,  brz ,4,342.74,Y
244657227,2026-01-05,2026-07-24,31,female,united states,Bronze,5,291.64,No
650708391,03-Jun-2025,"July 24, 2026",23,Female,United States,silver,20,1008.76,N
461689964,2025-04-16,2026-08-17,74,other,USA,brz,5,346.8,0
346096303,2020-03-16,08.07.2026,,m,Germany,Bronze,8,454.71,No
598781891,2023-10-25,2026-08-19,41,F,Germany,Gold,30,"$3,776.15",N
598221483,2024-09-27,2025/03/21,32,Male,CA,Bronze,5,290.86,Yes
731910881,01/10/2025,2026/05/30,48,m,BR,Bronze,10,172.14,No
205713279,2026-08-11,,43,M,USA,Bronze,0,0.0,Yes
858071889,"April 27, 2024",19-Nov-2025,25,Unspecified,IN,BRONZE,3,65.3,Yes
833713364,2021-12-08,2026-08-28,44,Female,United States,Silver,8,1036.72,No
581589166,07.06.2023,2026-09-06,37,MALE,canada,GOLD,37,1607.4,No
337344887,07/15/2023,11-Jul-2026,62,Female,United States of America,silver,14,521.92,FALSE
731399402,"May 04, 2021",05/24/2026,39,Male,United States,Silver,30,NULL,0
640769715,2023-11-25,,62,Unspecified,United States,Bronze,10,296.49,no
101133663,2022-08-25,2026-07-05,58,,United States of America,bronze,3,232.31,no
893256277,2025-01-07,"July 04, 2026",51,Female,United Kingdom,Bronze,12,412.17,No
125690469,2021-02-27,02-Aug-2026,52,female,United States,Silver,27,803.82,No
996144282,01/28/2026,"August 06, 2026",24, Female,United States,brz,6,250.06,N
784834279,"June 28, 2025",N/A,49,MALE,United States,Bronze,3,-203.05,yes
865284509,2024-08-22,2026-08-08,unknown,,USA,Gold,23,1910.96,No
495457440,2020-11-18,"August 20, 2026",45,FEMALE,United States of America,Platinum,32,5907.73,No
471597941,11/25/2023,27-Jul-2026,39,Female,BR,Silver,13,1224.12,no
720157359,2020-07-29,01/10/2026,29,Female,United States of America,Bronze,7,337.49 USD,1
377243490,2023-04-30,2025-08-05,39,Female,United States,brz,3,$198.17,Y
529460925,2022-06-20,2026-07-31,56,Male,INDIA,Silver,12,1682.63,N
725256569,2024-10-18,08/16/2026,57,Male,USA,Silver,17,638.98,No
719162122,2024-02-10,06-Aug-2026,42,m,US,silver,19,719.08,No
957072832,16.07.2025,07/27/2026,40,Male,United States,Bronze,3,-239.5,
788152795,01/14/2026,2026-01-14,42,m,United States,BRONZE,2,108.39,Yes
484105736,2023-09-23,2024-05-02,48, Female,United Kingdom,BRONZE,13,376.46,TRUE
206860212,2026-06-26,2026-06-26,30,female,India,BRONZE,1,36.66,Yes
793022780,2024/10/26,2026-08-10,24,other,UK,silver,15,1350.35,No
959976631,16.03.2022,2026-08-30,35,F,US,Silver,12,606.74,N
418205664,2024-02-16,2026-03-01,43,N/A,united states,Bronze,5,346.02,1
298010032,07/30/2024,07/24/2026,72,Female,Can.,Gold,31,1558.53,No
584814188,18-Jan-2022,2026-07-26,21,Male,Brazil,BRONZE,16,251.28,No
735182559,2025-04-05,2026/02/13,56,MALE,australia,Bronze,2,151.84,YES
980762308,2023-03-14,08/04/2026,-,Male,United States of America,silver,30,1032.01,0
225971593,2022-06-04,08/21/2026,26,M,United States,N/A,18,1009.84,No
561312615,26-Oct-2023,"September 05, 2026",40,Female,United States,Bronze,11,347.64,No
441033394,2023-04-10,2026/07/01,27,male,uk,Bronze,6,418.42,0
515908796,2026-05-14,2026-05-14,40,Other,germany,Bronze,1,,TRUE
246499935,2023/04/27,2026-07-29,63,Male,usa,Bronze,6,276.51,no
117001302,2023-05-10,08/17/2025,unknown,Female,U.S.A.,Bronze,-6,$122.46,yes
505316133,"February 18, 2023",2026-07-02,56,Female,united states,Silver,8,,NO
403886546,10/13/2025,02.01.2026,-,MALE,US,Bronze,4,$262.08,Y
236867054,11/13/2023,2026/08/23,47,,Canada,Silver,,1472.15,FALSE
954666113,08/28/2021,30-Aug-2026,44,Female,United States,Gold,25,2875.06,N
369944851,2022-09-17,12-Jun-2026,52,Male,United States,Gold,41,2635.71,No
502509125,2025-03-31,2026-08-04,37,Male,United States,Silver,18,1062.92,N
460796029,05/11/2023,2026-08-05,57,Female,Canada,Gold,19,1921.42,no
616296174,2024-08-17,2026-08-25,34,non-binary,Canada,Silver,14,839.54,No
811868294,09-Feb-2023,2025-07-22,44,Male,Brazil,Bronze,8,171.18,Yes
151827932,10/30/2024,02/26/2026,82,FEMALE,United States,Silver,12,980.97,Yes
941824647,12-Sep-2023,08/18/2026,40,prefer not to say,India,Silver,24,1422.06,NO
584179458,03/17/2022,11/06/2025,27,M,US,bronze,3,117.32,Yes
561529061,12/09/2023,2026-08-06,33,Male,united states,SILVER,23,1901.26,No
907728627,2024-03-25,08/16/2026,28,female,United States of America,Silver,10,1695.65,No
825197957,,2026-07-03,30,m,India,Bronze,6,363.93,no
361582661,2024-10-19,"December 25, 2025",28,Male,India,Bronze,3,31.58,yes
370242923,2025-06-25,2026-01-25,23,,India,bronze,5,-525.04,Yes
457118037,04/01/2023,2026-06-15,24,Female,US,Silver,24,1353.16,No
291036572,2023-11-06,"May 11, 2026",40,Male,U.S.A.,gold,20,1924.31,No
171825137,12/03/2024,2026-03-01,25,F,Great Britain,BRONZE,8,311.08,Yes
283821545,2025-01-22,,27,Male,Brazil,brz,0,0.0,Yes
349635707,2024-07-19,2026-08-29,23,male,U.S.A.,Bronze,12,439.25,N
456268196,07/10/2025,2026-07-18,33,female,United States,Bronze,3,205.24,N
874228167,10/16/2024,04-Jul-2026,28,Male,Mexico,Bronze,9,387.46,N
555276208,10/28/2023,2026/07/17,50,Male,United States,Silver,none,935.07,No
284217141,01.11.2022,2026-08-04,53,MALE,United States,Silver,13,1590.9,no
622555675,04/03/2022,2026-08-10,35,other,United Kingdom,Platinum,35,5648.3,No
425667907,2021-10-24,2026-07-25,59,Male,usa,,,1932.96,no
202924865,2021-09-27,06/24/2026,46,Female,United States,BRONZE,9,271.95,N
534062561,13-Sep-2024,2024-09-13,46,female,United States,Bronze,6,457.0,Yes
843342614,2023-05-03,21.01.2026,43,Female,Germany,Bronze,5,$215.03,Yes
652619973,2021/07/08,2026-07-16,64,Male,Mexico,Bronze,11,376.94,NO
682504185,07-Apr-2023,2026-08-12,26,Female,USA,silver,10,575.14,N
458962640,17.10.2023,2026-03-01,52,female,CA,Bronze,1,96.65,Y
319138865,10/08/2021,2026/07/11,43,,CANADA,SILVER,14,1131.5,No
800394619,2022-05-27,2026-09-03,31,M,USA,Silver,18,936.52,N
173372460,2019-10-16,08/25/2026,48,M,United States,Gold,43,4551.61,No
105936696,01/27/2024,2025-11-03,22,Male,USA,Bronze,1,48.77,Yes
321026132,2024-11-29,"July 24, 2026",56,Male,UK,silver,24,1333.56,No
829986691,2023-10-02,2026-08-18,33,Male,Canada,Silver,3,NULL,0
222055646,2023-01-18,,38,Female,United States of America,Bronze,8,305.59,No
736651046,2019-08-08,2026-08-24,42,Male,United Kingdom,PLATINUM,83,6514.14,0
401127604,2025-12-22,2026/03/01,47,MALE,India,bronze,1,45.33,Yes
968879381,2022-01-27,2026-08-06,36,U,AUS,Bronze,17,329.87 USD,N
329782030,29-May-2026,29-May-2026,47,Female,Mexico,Bronze,1,128.95,Y
147427099,2024-04-04,0000-00-00,56,Male,Deutschland,Silver,27,879.72,no
966618424,2025-01-24,2026-07-26,41,Female,United States,BRONZE,5,541.48,No
876658423,2024-05-03,2026-08-27,37,Female,IN,SILVER,25,978.97,No
672947727,2024-11-26,02-Aug-2026,36,Male,MX,Bronze,1,$53.00,no
206515894,2023/09/04,2026-08-28,57,Male,CANADA,  Silver ,25,1404.49,no
247243015,2022-10-09,08/17/2026,41,Female,,Bronze,none,221.82,FALSE
974785457,2025-11-15,2026-05-02,42,Female,Germany,BRONZE,6,303.7,No
620053386,20.03.2025,08/19/2026,54,M,Australia,bronze,4,155.52,No
190295249,11/22/2022,2026-07-29,34,F,Germany,Bronze,8,$321.38,no
427987077,05-Jul-2023,11-Mar-2026,48,female,US,Bronze,-5,176.66,N/A
860064851,09/06/2023,2026-08-09,19,Other,United Kingdom,gold,62,3138.74,No
310499917,14-Jan-2024,,30,other,Australia,bronze,0,0.0,Yes
204167406,,2026-05-30,39,Female,United States of America,Silver,7,640.0,NO
871499426,"June 13, 2020",2026-08-19,49,f,U.S.A.,Platinum,34,8523.42,No
411513358,2023-09-19,2026-05-16,34,Male,United States of America,Bronze,10,323.03,No
644216737,2026-05-15,"May 15, 2026",66,Male,USA,bronze,1,100.22,Yes
946727498,10/17/2023,2026-06-18,32,MALE,US,Silver,13,911.35,N
125204533,2024-03-27,2026-03-01,41,female,AU,Bronze,1,23.16,Y
431232087,03/18/2025,"August 27, 2026",61,Male,United States,Bronze,7,465.56,N
319814748,12/13/2023,08/20/2026,38,Male,,Gold,28,2137.56,No
477919413,2022-07-27,2026-08-28,27,f,United States,Silver,18,705.09,No
505367790,2024-10-10,2026-02-04,59,Female,Australia,Silver,14,941.41,Yes
480570756,30-Jan-2023,2025-12-30,35,Female,India,Bronze,6,136.58,yes
204958710,2021-01-14,06/23/2026,35,F,United States of America,Silver,25,761.13,No
490006171,2024-06-27,2025-08-06,46,Female,United States,Bronze,5,274.92,yes
115547799,2025-06-28,2025-06-28,41,MALE,Australia,Bronze,6,365.95,YES
452308392,18-Feb-2023,2026-06-29,41, Female,United States,BRONZE,25,632.15,no
291695513,02/24/2023,08/03/2026,83,Male,IN,slv,6,694.68,No
207714585,19.07.2025,2026-08-10,,male,DE,Silver,21,768.47,No
124062494,08/14/2022,07/21/2026,49,F,United States,Silver,11,609.69 USD,N
182018567,2022-03-26,06/03/2026,39,Male,USA,Silver,6,1394.42,no
499576347,2025-03-16,2026-08-06,62,femail,Germany,Bronze,4,418.18,0
273676774,11/03/2024,2026-08-23,43,Other,Mexico,Bronze,6,220.22,No
731777916,2024-02-27,2026-02-28,33,F,United States,silver,26,1148.43,yes
591841578,2022-07-16,2026-08-05,49,Female,United States,Silver,31,1612.46,FALSE
595974002,2024-07-25,2026-07-03,32,Male ,United States,Silver,22,993.53,NO
388806410,2022-11-26,01.07.2026,59,Female,United States,platinum,37,3937.88,FALSE
128744304,09/10/2024,2026-06-26,,F,United States,Bronze,8,269.36,No
506614310,27-Jul-2023,2026-06-03,29,female,United States,gold,23,3485.67,NO
225712469,29-Apr-2022,2026-08-23,52,Male,DE,Silver,15,787.03,no
113514803,2023-09-24,12.08.2026,39,Female,U.S.A.,Gold,30,2247.9,No
576170733,2022-06-07,09.08.2026,38,male,USA,SILVER,20,,0
221374127,12/18/2023,2026-07-16,44,Male,USA,SILVER,17,1192.45,N
551244559,2020-03-16,,44, Female,Brazil,Gold,29,2981.72,N
658947191,2024-06-05,2025-11-21,59,Male,USA,bronze,3,139.7,yes
768603845,11/11/2024,2026-08-04,50,Female,United States,Silver,9,627.49,FALSE
861462155,2024-07-01,2026-05-05,45,female,united states,Bronze,8,,No
278262392,2026/02/06,2026/09/01,42,Male,United States of America,Bronze,4,566.87,No
470768938,2023-01-22,21-Jul-2026,25,F,Mexico,Platinum,21,6147.1,0
270969853,12/23/2023,11-May-2026,35,unspecified,United States of America,GOLD,27,2162.21,0
441016679,01/06/2023,2026-07-26,33,Male,United States,silver,34,764.9,NO
508598859,15.11.2022,2026/05/16,21,Female,United States,bronze,4,355.3,No
118764412,2025-08-10,2026/07/14,33,Female,United States,Bronze,2,146.02,No
613151985,2024-10-29,2026-07-29,30,MALE,AUS,silver,8,725.37,No
270617357,2020-10-17,NULL,58,f,Australia,GLD,56,1884.4,no
159316435,2023-09-17,2026-07-26,56,F,unknown,Silver,21,902.28,No
952809116,2020-08-03,06/10/2026,40,FEMALE,united states,Silver,32,1107.31,FALSE
787071201,2023/12/03,2026-06-16,59,f,United States,Bronze,7,222.77,no
722099720,2025-04-27,2026-08-12,,m,United Kingdom,BRONZE,12,422.98,0
828062948,2024-10-11,2026-08-23,52,m,United States of America,Bronze,3,$187.62,No
262329242,05/21/2023,,48,FEMALE,BR,Bronze,0,0.0,Yes
148042188,2022-02-25,03/11/2026,55,Male,United States,Gold,66,4346.64,No
465527351,2023-03-08,2026-08-06,26,Female,IN,bronze,7,$219.63,No
149373889,2022-12-23,2025-10-19,36,Female,BR,Bronze,12,159.24,Yes
643630851,07/01/2024,07/05/2026,43,Male,USA,Silver,4,538.1,No
557473007,08/03/2022,2026-07-22,63,FEMALE,USA,Bronze,20,481.76,No
826840228,20.02.2023,,60,Female,canada,Bronze,0,0.0,1
878436213,2021-08-01,2025-12-20,32,Unspecified,US,BRONZE,5,134.7,Yes
581234008,2024-07-27,05/03/2026,31,Male,United States of America,brz,9,290.47,N
571623338,2024-09-02,"July 21, 2026",85,female,Brazil,SILVER,15,992.21,No
773554936,16-Oct-2024,2026-07-22,44,m,Canada,Silver,12,473.42,No
109282025,2025-12-22,,62,Female,United Kingdom,,0,0.0,Yes
614892962,2026-01-19,,51,Unspecified,Canada,Bronze,0,0.0,Yes
424163434,2025/09/15,2026-07-23,68,M,INDIA,BRONZE,1,53.64,no
301792071,2024-04-02,2026-08-20,41,m,United States,silver,12,973.87,no
853878394,2022-10-13,2026/08/20,36,,United States,Silver,23,1093.16,No
252874726,26-Aug-2022,2026-08-21,43,Male,AUS,Silver,51,1222.48,no
213811135,2024-12-29,07/24/2026,50,male,United States,Bronze,13,$500.70,no
322596723,2021-03-29,2026-04-18,28,female,United Kingdom,gold,22,-,No
725339566,2022-11-20,22-Aug-2026,42,Male,US,Bronze,8,203.78,No
766321956,2024-11-01,2026-03-01,35,Unspecified,Deutschland,bronze,2,102.99,Yes
954250414,2023-09-07,2024-02-15,42,Male,United States of America,Bronze,4,199.09,1
473987144,2026-07-17,07/17/2026,48,Female,india,Bronze,2,14.82,Yes
996298260,2023-05-08,08/08/2026,47,Female,Brazil,Silver,8,574.62,No
440726507,"November 20, 2023",05/02/2026,51,Other,Brazil,Gold,31,2294.91,No
584810002,2025-02-01,2026-03-11,34,O,India,brz,7,326.32,no
485644940,2026/06/23,,32,m,Canada,bronze,0,0.0,1
322842253,2025/10/05,21.06.2026,46,Other,Brazil,Bronze,,253.08,N
923299543,06-Apr-2026,,62,Male,United States,Bronze,0,0.0,Yes
405367883,2024-08-13,2026-08-11,54,Female,USA,Silver,14,786.56,No
473492938,2026-03-27,2026-03-27,32,Female,United States,Bronze,8,274.81,Y
782312621,2024-04-12,2024-04-12,57,female,United States,SILVER,11,701.04,Yes
720947990,05.04.2023,2026-07-30,60,female,US,Gold,53,1859.81,N
621746475,2025-04-27,08/29/2026,28,Male,United Kingdom,Bronze,7,352.53,no
344057605,2024-08-07,,32,male,united states,Bronze,4,194.26,0
217622990,2023-10-13,2026-08-24,28,M,India,NULL,4,264.58,No
608742008,28.01.2025,2025-11-30,26,M,Australia,slv,4,464.37,Yes
664833375,16.03.2023,,63,F,England,brz,0,0.0,Yes
887337168,2023-02-11,2023-11-13,39,male,United States,Bronze,1,39.65,Yes
825017060,2019/08/24,2026-08-11,43,M,USA,  Platinum ,51,4125.14,No
991942444,2023-12-11,2025-03-08,42,female,United States,silver,9,501.81,Y
334477483,21-Mar-2025,29-Aug-2026,29,male,US,Silver,8,681.07,N
246601932,28-Jun-2025,2026-08-15,N/A,Other,USA,Bronze,4,187.47,0
258771214,2024-03-02,08-Aug-2026,63,Male,United Kingdom,Gold,27,2760.5,No
880791799,2026-04-09,2026-04-09,50,Female,CANADA,,5,289.31,
921031761,19.08.2023,2026-09-02,41,M,IN,Silver,8,759.29,no
671013551,2025-03-31,13-Jul-2026,51,Female,United States of America,Bronze,8,423.95,No
410790730,18.12.2025,18-Dec-2025,32,female,US,brz,2,48.83,Yes
550862714,2023-11-27,08/29/2026,30,m,US,Bronze,4,268.42,No
500202655,2020-07-30,17-Jun-2026,46,Female,Canada,Silver,33,997.33,0
282290221,2020-10-15,2026-08-21,66,M,United States,Gold,57,"$2,426.00",No
979338125,2022-07-05,2026-07-05,59,Male,U.K.,Gold,43,2491.51,No
281985542,2022-07-01,2026-03-01,57,male,Germany,Bronze,4,256.89,Yes
840375789,"October 20, 2024",2026-05-05,43,MALE,USA,silver,12,1065.13,no
390127553,"August 27, 2020",2026-06-23,39,Male,United Kingdom,gold,30,2494.58,No
440198476,2025-03-29,2026-01-20,52,Male,Mexico,bronze,1,,Yes
612576691,2023-11-23,2026-08-06,51,Female,United States,Bronze,23,360.73,No
475871036,2024-02-24,2026-08-30,28,male,United States,bronze,2,71.13,No
739810017,30.10.2025,2026-08-17,60,F,United States,Silver,9,678.9,No
568037423,09/05/2023,"July 06, 2026",32,Male,USA,Bronze,,637.75,No
282560804,05-Apr-2022,05-Sep-2026,31,Female,United States,Silver,34,1979.82,N
455905549,05.09.2020,2026-08-26,60,female,US,Silver,14,878.8,No
736153655,22.07.2023,21-May-2026,47,MALE,United Kingdom,Silver,29,743.11,0
764892487,06/04/2021,2026-07-02,51,M,United States,Bronze,2,138.08,No
796678701,22.01.2024,2026/07/03,64,Female,United States,Silver,22,"$1,464.72",No
763415427,2026-05-03,03.05.2026,64,Male,BR,Bronze,2,95.21,Y
582084040,2022-12-05,2026-07-20,45,Female,United States,Gold,30,2057.94,No
259182128,21.04.2020,,?,male,,Silver,32,731.46,NO
389315107,04/20/2025,2026-08-05,,f,india,bronze,12,479.46,No
929314987,2021-02-05,2026-03-01,66,female,united states,Bronze,2,72.8,YES
214496086,09/29/2024,2026-04-03,,male,United States,Silver,21,560.21,no
652561127,2024-12-01,05.08.2026,57,M,United States,Bronze,5,329.48,No
461497176,2022-08-25,2026-07-10,33,Male,USA,Bronze,4,137.33,no
969471100,11/30/2022,2026-08-28,,Other,usa,silver,18,1778.92,No
571480536,04/17/2024,10/13/2024,48,f,Brazil,Silver,9,-757.37,yes
251632998,2024/11/09,2026-02-05,35,,United States,BRONZE,12,,Yes
234762716,11-Mar-2025,28-May-2026,29,Male,United States,Bronze,3,171.88,No
377658709,2026-01-26,,36,Female,United States,brz,0,0.0,YES
493182003,2023-12-04,08/17/2026,36,Male ,USA,Bronze,6,239.78,No
578275001,2022-05-21,2023-11-09,33, Female,AU,bronze,5,174.86,Yes
113031163,2023-11-09,2026-08-29,19,Female,united states,  Silver ,19,1824.96,no
452719561,2023-08-12,"August 30, 2026",27,Male,Canada,Bronze,4,349.59,No
795160800,2023-09-05,,45,Unspecified,United States of America,BRONZE,10,535.4,NO
355451635,21-Apr-2026,21-Apr-2026,33,female,United States of America,Bronze,4,420.85,Yes
609787546,2020-07-17,"August 14, 2026",43,Male,AU,  silver ,21,N/A,0
858995747,2021-09-11,"August 06, 2026",49,female,United States,Bronze,6,390.03,0
902090980,2025-12-04,2025-12-04,53,female,canada,Bronze,1,33.38,Y
700841552,2024-05-22,"June 13, 2026",48,Female,brazil,SILVER,21,1107.98,No
255914507,"November 30, 2024",2026-08-30,50,male,United Kingdom,brz,1,58.04,0
153991519,2025-02-01,2026-08-08,49,Male,Australia,Silver,10,,No
627085002,2023-01-07,"July 23, 2026",28,male,United States,silver,6,655.55,No
559191219,09/22/2025,10/04/2025,39,Male,BR,brz,3,363.28,Y
987520715,10-Jan-2024,07/11/2026,56,Male,DE,Silver,12,1160.14,No
376010185,2020-01-12,2026-07-19,28,m,US,Platinum,76,,N
411932883,2024-08-20,16.08.2026,62,Female,UK,Silver,17,1081.89,0
408745998,2023/08/10,2026/06/22,31, Female,United States,Silver,9,548.41,No
188331134,2025-07-01,2026-04-03,53,Female,australia,BRONZE,11,431.21,0
458875077,2025-09-10,2026/03/01,50,male,US,Bronze,1,50.48,Y
915376584,2020-09-20,2026/08/29,22,Male,US,silver,,1233.29,No
902448631,2025-05-09,N/A,70,Male ,USA,Bronze,1,52.64,Yes
859241257,2022-07-17,2026/08/09,54,Female,USA,silver,27,712.97,No
673267627,2024-09-28,2026-09-01,60,prefer not to say,United Kingdom,Silver,6,996.22,N
177583844,20.10.2024,2026-07-31,47,FEMALE,usa,Bronze,12,$610.37,no
656797517,2020/11/05,2026-07-24,35,M,USA,BRONZE,3,128.83,N
907137022,02-Jul-2024,2026/08/30,42,M,Canada,brz,1,N/A,No
701384158,2021-07-07,06/14/2026,28,F,Germany,Bronze,3,72.05,N
753363373,2023-08-07,07-Jul-2026,47,MALE,USA,Bronze,7,115.01,No
551405925,04-Feb-2026,2026-02-04,38,Male,U.S.A.,brz,1,43.09,Yes
613250489,2023-08-13,,60,male,US,bronze,0,N/A,Yes
510778133,2024/10/10,06/29/2026,44,Female,USA,bronze,5,331.28,No
682257842,2024-06-29,11.03.2026,31,Unspecified,United States,BRONZE,7,393.93,No
819235408,2023-05-31,,24,Male,US,Bronze,0,$0.00,Yes
243855187,2023-11-25,2026-08-23,53,Female,CA,Silver,14,,N
726946959,02/09/2026,,54,male,United States,Bronze,0,0.0,Yes
899534607,2024-10-04,"July 31, 2026",,Female,United States,Silver,8,1348.12,no
898215613,2023-05-23,2026-07-29,51,Male,brazil,Silver,14,1299.25,FALSE
728786633,"September 15, 2024",2026-08-19,66,Male,USA,Bronze,4,154.19,No
551266375,2024/05/05,01-Mar-2026,66,male,US,Bronze,4,118.05,Yes
816850616,"April 06, 2023",01/21/2026,52,U,USA,Bronze,2,40.17,Yes
388952851,09/20/2023,06/30/2026,25,female,United Kingdom,Silver,10,829.71,No
855481089,02/18/2023,2026-08-20,65,Male,United States,Silver,28,981.9,No
305623055,2026-04-22,2026-08-27,21,Female,United States,Bronze,3,222.62,No
791325354,"December 12, 2022",2026-09-03,26,Male,Brazil,Silver,38,1142.76,No
193418981,2022-12-13,"July 18, 2026",44,Female,Australia,Bronze,8,141.83,N
930065350,2021-09-07,08/19/2026,53,female,United States,BRONZE,4,243.38,N
659031941,09/25/2022,08/30/2026,44,FEMALE,Australia,Bronze,7,483.36,No
838226844,2023/09/25,2026-03-01,60,Male,Canada,,10,594.76 USD,Yes
589469048,25-Nov-2022,,32,Male,uk,silver,15,846.79,N
736768367,2024-05-28,2025-07-30,27,Other,Brazil,silver,13,1147.85,yes
104355164,11/06/2022,2026/08/21,37,Unspecified,United States of America,Silver,29,782.54,0
120939387,2022-04-23,07/26/2026,37,Female,US,Gold,39,2025.99,No
199005283,27-Jul-2025,2026-07-13,40,other,U.S.A.,bronze,,147.72,No
587252649,06-Apr-2025,2026-08-18,,Male ,US,brz,6,110.47 USD,N
730806384,2020-12-11,08/08/2026,42,Female,United Kingdom,SILVER,61,"$1,657.58",no
684792182,2025-05-29,,33,Unspecified,United Kingdom,BRONZE,0,0.0,Y
155911377,"April 15, 2020",20-Aug-2026,,MALE,US,Silver,-999,1070.72,N
870102392,2026-07-14,,58,Male ,Australia,Bronze,0,0.0,Y
844198972,2023-11-17,2026-08-05,52,m,UK,Silver,17,1328.46,No
323877453,09/23/2023,2026-08-24,46,Male,United States,Gold,29,-,No
279566009,06/25/2020,2026-08-17,51,FEMALE,UK,Silver,14,511.23,No
248636086,2024/02/19,07/15/2026,41,Male,India,Silver,23,"$1,396.48",No
541115292,10/15/2024,,53,Female,United States,Bronze,6,227.51,No
522439676,17-May-2025,05/31/2025,30,F,united states,  Bronze ,1,79.55,Yes
968416625,2024-07-17,2026-08-27,69,femail,Canada,Silver,8,649.16,NO
921079884,2024-04-22,"July 31, 2026",29,Female,canada,slv,21,1721.16,No
269127378,18.09.2024,2026/08/05,77,Unspecified,Canada,Bronze,6,174.76,No
371380769,2022-10-19,2026-08-12,33,F,United Kingdom,Gold,31,1809.79,0
188919754,06/21/2022,2026-08-22,29,Female,CA,Bronze,7,307.18,no
561099517,2022-03-08,08/02/2026,45,m,India,Gold,19,2416.58,No
295433039,"August 17, 2023","August 29, 2026",65,Male,United Kingdom,Bronze,3,$108.89,No
272473988,12/26/2024,2026-08-09,43,M,US,Bronze,5,188.86,N
394452235,2020-06-25,2026-01-13,23,Male,Mexico,silver,13,494.94,1
905239757,2026-06-27,2026-06-27,23,Male,Canada,Bronze,1,47.5,Yes
807591440,2025-05-20,2026-08-17,26,m,Germany,Bronze,3,280.86,No
112187515,"May 12, 2025",2026-08-16,29,Male,USA,Bronze,6,375.99,FALSE
743470763,2026-02-09,,63,m,United States,BRONZE,0,$0.00,Yes
399915779,2025-04-04,"May 14, 2026",35,Female,Germany,Bronze,,211.87,0
488361780,22-Nov-2024,08/12/2026,28,Male,United Kingdom,Silver,7,449.02,0
400734669,"October 03, 2025",2025-10-03,31,male,US,none,3,274.32,Yes
853266152,2021-09-20,2026-06-23,36,Male,IN,Gold,59,2737.22,No
587703485,2022-11-01,2026-08-26,32,Male,United States,silver,22,1160.91,no
184584597,2024-07-10,2026-09-05,71,F,U.S.A.,Gold,43,2441.59,No
208258665,2023-05-06,"September 03, 2026",62,Female,US,Bronze,8,337.66,No
626617192,01/05/2024,08/21/2026,38,female,United Kingdom,Silver,18,951.75,No
971102173,2023-03-16,2026-05-26,46,Female,U.S.A.,SILVER,-999,1801.33,No
177647978,22.08.2023,27-Jul-2026,42,Female,United States,Bronze,10,missing,0
709072741,"June 20, 2026",,unknown,female,USA,bronze,0,0.0,Yes
546468268,12/01/2022,2026-06-29,31,Female,U.K.,Silver,20,$795.01,0
238914883,03/04/2022,2026-06-25,72,femail,United States of America,gold,33,,no
932372424,2026-06-18,2026-06-18,38,MALE,Canada,brz,2,193.91,Yes
486531336,2021-06-13,08/11/2026,43,Male,germany,silver,48,1163.98,FALSE
629794090,2025-04-27,2026/03/01,70,female,Canada,Bronze,3,226.38,Yes
410448767,2026-08-08,08-Aug-2026,73,Male,DE,Bronze,2,214.39,Yes
384672421,2020-10-23,08/16/2026,53,m,United States,Gold,41,3492.01,N
694826653,,02.11.2024,53,Female,usa,BRONZE,2,70.11,1
300578487,2025-01-23,2026-07-08,23,Male,usa,silver,15,992.92,No
328662043,24.11.2021,07/19/2026,23,Male,USA,Gold,42,2773.18,N
212061237,2023-08-23,2026/08/06,25,Male ,USA,Silver,18,717.76,No
683952394,2024-04-22,2026-06-29,30,Other,United States,Silver,18,1020.77,
370714446,"December 19, 2019",2026-06-29,35,Female,uk,Silver,18,683.59,0
745889081,18.12.2022,2026-08-26,53,Female,United States,bronze,9,602.47,No
527518404,2021-04-13,2026/06/06,46,Female,Brazil,Bronze,9,406.32,No
460193171,2022-11-24,2026-07-04,50,Unspecified,U.S.A.,bronze,1,42.9,No
472402210,06/23/2023,2025-03-18,43,Female,United States,bronze,2,127.93,Yes
769176854,2022-11-18,15.07.2026,42,m,Can.,GOLD,24,2318.47,No
187492266,31.01.2024,2026-08-05,43,N/A,United States of America,Bronze,5,292.78,No
251500007,13-Jan-2022,07/14/2026,57,FEMALE,usa,Platinum,70,9424.29,FALSE
154960587,2025-12-20,08/01/2026,48,female,United States,bronze,1,89.47,no
815630901,08-Jun-2026,08.06.2026,55,male,United States of America,brz,2,161.08,1
557978609,2026-01-21,,65,F,U.S.A.,Bronze,,0.0,Yes
579782947,03/18/2022,2025-08-30,-,N/A,,BRONZE,1,60.26,Yes
214562151,01/12/2022,31-Aug-2026,39,femail,AU,Silver,11,934.13,No
731380015,2023-05-09,2026-07-22,33,,India,GLD,33,2422.07,No
485966231,2021-04-29,2026-08-10,43,MALE,usa,Gold,35,"$3,227.54",N
163813362,2024-02-07,2026-07-29,34,m,United States,Bronze,12,603.01,NO
439428686,2026-03-29,2026/03/29,34,O,United States,Bronze,1,80.36,Yes
236195313,2022-06-27,08/07/2026,37,N/A,Can.,Silver,29,1071.88,N
702910985,2022-11-17,2026-08-05,54,Female,United States of America,Silver,19,1681.87,No
809800409,2023-05-14,"May 09, 2026",65,Unspecified,germany,Silver,50,1501.54,No
593234011,02/18/2021,"August 07, 2026",69,non-binary,United Kingdom,gold,72,-2629.38,No
285337886,13-Feb-2025,2026-07-16,52,female,Germany,SILVER,13,800.29,0
942324314,09.08.2024,2026-08-02,74,,Mexico,Bronze,9,387.89,N
998898679,,2026/08/28,39,Male,United States,slv,24,1295.05,NO
542793248,2021/03/23,13-Aug-2026,-,female,US,silver,11,628.92,No
989603801,2019-07-19,07/18/2026,51,Female,CA,Gold,50,"$2,272.09",No
548150199,06.01.2024,,36,Female,CA,  Bronze ,0,0.0,TRUE
367334533,2021-01-20,2026-08-12,48,Female,United States,GOLD,48,1600.3,No
140593939,2023/02/21,2024-12-03,36,Male,US,Bronze,3,164.69,yes
765823592,2024-02-02,2026-07-19,45,Female,United States,bronze,2,85.06,No
681950578,2025-06-16,2026-06-27,30,male,U.S.A.,Silver,13,1310.03,NO
238552821,2025-01-31,09-Feb-2026,37,Unspecified,United States,BRONZE,3,255.90 USD,Yes
949919273,06/11/2024,05-Sep-2026,?,male,--,Bronze,4,196.44,no
502101267,2022-03-06,2026-08-16,52,Female,United States of America,Silver,34,"$2,201.90",FALSE
798561783,2022-07-26,11-Jul-2026,58,Male,England,Silver,23,1751.5,No
354869882,2022-07-15,2026-07-11,27,Female,United Kingdom,Gold,27,2690.03,No
251845392,2023-01-09,,45,Female,United States,Gold,34,2621.67,No
427531308,2026/04/14,"April 14, 2026",28,Male,United States,bronze,none,35.35,Y
778289882,2025-12-10,,64,male,united states,Bronze,0,0.0,Y
508567451,"September 07, 2020",2026-08-01,58,Male,USA,Bronze,8,453.83,No
694969257,06/18/2024,,37,Male ,CA,Bronze,4,109.56,Y
189578601,10/28/2025,2026-07-24,32,Male,australia,bronze,5,215.44,NO
921198172,"September 23, 2023",08/29/2026,,F,AUS,BRONZE,20,379.98,No
821251811,"May 09, 2020",2026-08-27,25,Male,CA,Silver,30,1416.3,No
716860991,2023-10-06,,58, Female,United States,GLD,21,1878.18,no
587313791,2024-01-19,2026-06-26,38,prefer not to say,Mexico,Silver,21,"$1,659.23",No
790686314,2022-02-25,2026-07-27,37,Female,BR,slv,24,1590.42,0
996162210,2024/10/24,"June 08, 2026",45,male,india,Silver,9,651.15,0
315943823,2024-03-16,2026-03-01,52,m,US,Bronze,5,186.46,Yes
223096305,2022-06-27,2024-04-27,54,male,United Kingdom,Bronze,4,213.68,Yes
368132179,2019-08-29,2026-09-07,23,Male,USA,Silver,29,1301.84,N
538276248,30.03.2025,2026-08-14,37,male,México,Silver,19,916.39,No
653702746,2022-10-25,"March 01, 2026",20,Male,United States,Bronze,10,$361.27,YES
743719271,05/02/2021,,40,Male ,germany,Bronze,1,73.12,Yes
336891736,2025-05-30,,39,Male,United States,Bronze,2,182.42,0
115180391,03/04/2024,2026-06-20,27,Male,australia,Gold,37,1846.84,unknown
841383127,04/19/2022,not available,50,Unspecified,,slv,16,1164.77,Yes
720684178,2021-01-06,2026-08-10,49,Male,India,Gold,20,1532.64,No
927434969,10/27/2021,2026/06/30,35,Female,United States,Gold,18,"$2,028.08",No
265762923,"June 25, 2025","August 12, 2026",30,Female,United States,Silver,24,1226.02,No
484099633,02/02/2025,2026/08/18,45,male,AU,Bronze,,$306.01,No
570303974,2025-04-22,03/01/2026,40,Male,united states,SILVER,7,443.52,Yes
103078546,02/16/2025,2026-08-16,56,m,Canada,Bronze,2,123.78,N
467061490,2020-09-25,2026-06-12,-,Female,Canada,SILVER,37,1337.51,NO
592541968,2021-11-01,2026-08-27,39,female,CA,Gold,18,2446.65,No
679631256,2026-01-02,18-Jun-2026,41,M,Brazil,bronze,4,153.85,No
601186478,2021-11-06,28.12.2023,45,f,MX,Silver,12,1263.16,Yes
308411311,2021-04-12,22.10.2025,,FEMALE,United States,bronze,3,196.81,Yes
804325374,10/01/2025,01.03.2026,30,Male,USA,bronze,3,106.73,Yes
718150009,11/19/2024,03/01/2026,38,Male,Canada,brz,1,-73.83,1
559799407,2022/12/31,2026-07-12,35,M,uk,Silver,36,1546.86,No
450069506,01/23/2025,2026-07-07,47,male,usa,Gold,28,1888.16,No
988249201,"September 17, 2024",0000-00-00,53,Male,United States,Bronze,4,458.05,Yes
533354093,2026-06-27,2026-06-27,51,Female,usa,Bronze,2,39.77,Y
958381133,04/28/2025,07/16/2026,51,Female,Canada,bronze,none,120.24,FALSE
833251699,2025/01/22,2026-08-20,33,male,usa,Bronze,5,453.62,No
501569692,19-May-2025,2026/05/20,62,M,Germany,Bronze,7,353.9,0
213274167,2021/05/20,08/31/2026,46,Other,U.S.A.,Gold,36,2916.45,No
216668998,2025-03-11,29-Jun-2026,25,FEMALE,US,Bronze,10,311.04,No
522643159,2025-06-13,,34,F,United States,brz,5,352.46,No
160105463,2021-12-18,2026-08-31,20,unspecified,Canada,Gold,-87,"$2,475.53",No
629437844,2023/06/02,2026-07-23,65,Female,USA,gold,55,3438.67,FALSE
457216678,21.04.2023,2025-06-19,63,femail,United Kingdom,Bronze,2,153.2,Y
624786376,28-Jan-2025,2026-07-29,29,Male,U.S.A.,bronze,2,49.72,No
262972120,2021-01-31,2026-06-28,55, Female,USA,Silver,35,2122.39,no
527163619,2023-11-21,,74,M,United States,Gold,29,2630.37,No
294072286,07/31/2024,2026-06-28,43,Male,United States,Silver,15,495.61,No
558090915,01/27/2025,"August 08, 2026",39,female,Germany,Silver,3,540.51,0
840198472,2021-05-31,2026-05-26,58,Other,CA,Gold,57,"$2,741.26",No
573863734,28-Mar-2024,"July 30, 2026",48,,United States,Gold,67,3195.41,N
222606436,2021-12-20,2026-05-25,48,Male,US,Silver,13,1153.29,No
981704081,2025-05-07,2026-02-08,30,female,Mexico,BRONZE,7,$252.71,Yes
977358723,2022-12-02,06/23/2026,44,Female,Canada,Silver,30,"$1,618.04",No
618670944,2025-07-28,2026/07/05,63,M,united states,Silver,10,1009.11,No
467988435,2024-05-13,2026-01-08,78,Female,United States,Bronze,4,305.05,Yes
841141076,19.11.2022,09/15/2025,65,Female,US,BRONZE,6,264.5,Yes
787783720,05-Aug-2022,2026-07-09,27,F,United States,Gold,32,3387.45,No
278045644,31.10.2021,07/25/2026,46,O,United States,Bronze,5,224.47,No
198494085,06/30/2026,2026/06/30,30,Female,N/A,Bronze,3,145.64,Yes
381709584,2023-11-19,2026-08-23,29,other,USA,Bronze,7,312.78,N
336096580,2023-10-26,08/07/2026,55,f,United States,Silver,13,674.03,No
341056401,2022-03-16,2026-07-21,59,Female,United States,Silver,20,525.53,N
701102951,2025-03-06,2026-07-15,50,Female,Canada,Bronze,3,56.26,N
297439801,2024-07-26,2025-03-31,,MALE,US,Bronze,2,154.92,Yes
667054742,2022-10-10,2026-03-01,36,Male,Mexico,Bronze,2,86.51,Y
805993692,10/25/2023,21.04.2026,69,M,Canada,Gold,25,2826.76,No
457945181,2021-12-08,2026-08-13,37,Female,United States,Gold,52,1964.64,N
471144415,2023-12-24,28-Dec-2025,35,Male,United States,bronze,1,43.43,Yes
666381364,2026-04-13,04/13/2026,60,Male,Australia,  Bronze ,2,203.28,Yes
462097057,2025-11-19,08/02/2026,30,Female,USA,bronze,6,478.68,N
305550346,"November 28, 2022",2025-07-07,31, Female,United States,Bronze,1,166.29,Yes
370284662,28-Jun-2025,,44,FEMALE,United States,Bronze,4,245.79,Yes
853964547,2021-04-19,2026-05-07,60,Female,Canada,Bronze,2,84.35,No
733315867,06/23/2024,2026-08-26,36,f,united states,Bronze,9,410.72,0
740478664,"May 15, 2025",07/17/2026,34,Other,US,Bronze,3,229.75,No
802594251,"August 26, 2024",2026-06-19,59,,IN,Silver,10,813.63,NO
538107527,2023-03-05,2026-02-24,40,Male,DE,BRONZE,7,206.79,yes
825577426,2026-04-01,,24,male,usa,BRONZE,0,0.0,Yes
646578329,2022-03-18,2026-04-21,60,Female,,  Gold ,43,2316.89 USD,FALSE
830105400,2022-11-12,2026-03-01,34,Unspecified,US,BRONZE,3,$180.12,Yes
221043050,2023-04-25,2026-03-26,24,f,USA,Gold,28,2508.28 USD,N
603816130,2025-09-16,16.09.2025,74,F,india,Bronze,3,130.07,Yes
682070870,05/06/2023,13-Aug-2026,65,female,United States,Silver,16,1303.27,N
946391908,2025-09-05,28-Jul-2026,63,FEMALE,United Kingdom,Bronze,5,352.39,No
179852937,2024-11-07,"August 11, 2026",-,M,US,Silver,12,631.52,No
477830869,2024-08-13,2026-08-04,30,femail,US,Silver,17,1003.89,No
349805142,05.05.2024,2026/07/18,37,Female,Canada,Gold,16,3307.79,No
468480632,2026-01-28,2026-01-28,44,Female,United States,Bronze,2,82.15,Yes
750080420,2022-03-24,08/02/2026,64,Female,United States,BRONZE,5,235.15,no
916669185,2024-07-30,21.08.2026,44,Female,USA,Silver,15,659.25,N
854513769,23.08.2025,2026-09-04,78,Male,US,Silver,7,831.49,N
726182845,2023-06-03,"July 19, 2026",60,F,United States,Silver,49,-2049.14,N
360483733,2024-12-29,,44,Unspecified,uk,  BRONZE ,0,0.0,1
926122524,2020-11-24,2026-08-10,61,Female,UK,Bronze,7,372.13,N
418252151,2025-11-04,03/01/2026,22,Male,India,bronze,2,135.76,Yes
116219289,04/01/2025,2026-08-01,39, Female,United States,Bronze,6,268.73,NO
955435759,2021-12-23,2026-08-28,49,Male ,usa,silver,24,1706.13,N
886644914,2023-06-24,2026/08/24,77,M,United States,brz,3,161.87,No
699817446,08/25/2023,07/26/2026,55,female,United States,brz,10,525.82,0
236531770,07/27/2023,2026-08-07,46,Female,United States of America,Gold,40,"$1,854.84",No
485696763,2023-09-23,2026-07-05,34,Unspecified,USA,silver,,1596.26,No
910872059,2024-07-16,2026-07-18,35, Female,united states,silver,18,1050.45,FALSE
777695523,06/11/2021,2026-07-07,63,,CA,SILVER,17,588.86,N
127467494,04/02/2026,2026-04-02,60,Unspecified,Canada,Bronze,3,107.69,Yes
255599078,2024-09-17,2026-08-01,44,Male,Canada,Bronze,12,523.26,N
344067869,12/01/2022,05.09.2026,,Female,US,Silver,6,1029.14,No
449221482,07/09/2020,2026-07-21,39,Male,United Kingdom,Silver,19,1239.86,no
249783330,2026-01-24,,66,Female,Australia,BRONZE,0,0.0,1
527299975,2021/02/16,2026-06-24,25,MALE,Brazil,Platinum,49,4376.33,no
178320005,24-Jun-2022,09/01/2026,30,Male,United States,Silver,none,547.52,N
532949718,08.12.2023,2026-05-05,71,male,India,Silver,11,459.37,No
528477304,2022-04-16,08/17/2026,25,female,U.S.A.,,4,123.59,No
355026343,12/15/2019,2026-07-19,62,Female,US,Gold,23,2571.88,no
392379578,2023-11-06,2026-09-04,44,female,UK,Silver,41,-1628.86,No
393418536,2024-12-21,2026/08/14,60,Male,US,bronze,5,506.63,N
280860011,24-Jun-2024,15-Jul-2025,54,M,U.S.A.,Bronze,7,343.19,Yes
578798211,06/16/2025,2026-08-19,46,Male,India,,8,353.79,No
331940230,2023/12/20,2026-08-18,36,M,U.S.A.,Silver,38,1460.55,no
739591373,2022-05-08,07/25/2026,32,,US,GOLD,21,2504.66,No
819114262,2026-07-04,07/04/2026,27,female,Australia,Bronze,1,56.41,yes
757537054,"November 06, 2022","July 27, 2026",65,f,United States,Silver,37,1100.93,No
773227078,01.02.2025,09.08.2026,51,Male,NULL,Bronze,9,307.52,No
309054378,07/30/2024,2026-07-22,44,FEMALE,Germany,Gold,23,1997.82,no
526861461,11/18/2023,2026-03-01,-,MALE,Australia,silver,9,949.91,yes
405121038,2023-10-18,2026-08-04,23, Female,UK,brz,10,485.14,N
431020516,09/23/2023,2026/01/23,50,Female,US,Bronze,1,47.54,Yes
817085565,"March 15, 2022",2026-08-16,51,Female,U.S.A.,Gold,61,2822.15,no
315601987,"April 18, 2023",28-May-2026,36,Male,USA,Bronze,10,621.18,no
105731723,22-May-2025,2025-05-22,75,Male,United States,Bronze,NULL,224.20 USD,1
529022048,2023-05-15,,41,male,--,Bronze,5,171.57,Yes
406876756,2026-06-29,2026-06-29,43,Female,Australia,Bronze,3,59.3,FALSE
553640967,2022-11-08,2026-08-17,64, Female,United Kingdom,Silver,24,1525.19,N
738214193,11/03/2024,,68,Female,United States,Bronze,0,$0.00,Yes
170359829,"June 03, 2020",2026-06-23,22,Male,United States of America,Silver,21,1460.16,No
897354636,13-Oct-2024,"July 16, 2026",41,Female,United States,Silver,24,997.07,No
240549278,09-Jun-2023,2026-07-20,41,F,Brazil,Silver,22,1136.65,No
572059956,2026-01-02,2026/07/23,51,Female,United States,brz,8,249.61,0
118606613,17.12.2019,28-May-2026,48,f,UK,Platinum,81,7888.9,N
353442480,06/18/2021,2026-07-30,26,Male,USA,Silver,15,1524.13,0
901767942,11/14/2021,2026-05-30,32,Female,United States,Silver,13,536.77,no
958356365,2025-08-14,2026/08/17,35,female,Canada,Silver,9,1197.55,No
677920059,2026-08-10,,33,Female,Deutschland,Bronze,0,0.0,YES
152719651,2021-01-03,2026-06-28,42,Male,Mexico,Gold,40,1873.34,No
820361576,26-Oct-2020,2026-07-24,45,m,Canada,SILVER,7,$668.25,No
249374962,2024-10-08,2025-03-19,22,U,unknown,Bronze,3,121.22,Yes
488009982,01/23/2021,19-May-2026,51,m,India,Silver,-34,741.65,NO
133988402,2023-10-02,,53, Female,CA,Bronze,0,0.0,YES
138696114,2023-04-03,2026-07-20,57,male,USA,Silver,19,1273.38,no
690032883,,2025-11-04,62,N/A,United States,brz,2,72.54,Yes
543417070,2025-07-23,2026-08-16,NULL,Male,germany,Silver,8,490.95,FALSE
645483831,2023-09-03,2026-08-12,71,Female,united states,SILVER,12,1104.25,no
560033628,2023/11/19,2026-05-23,23,Female,United States,bronze,6,233.43,N
385629644,03/05/2024,,43,female,DE,BRONZE,0,0.0,yes
878991384,12/28/2022,2026-07-10,50,Female,germany,Silver,47,1679.79,N
323639185,09/20/2023,2026/07/24,50,f,United States,Bronze,4,147.93,No
253927606,2022-04-24,03/01/2026,45,Male,United States,bronze,,192.31,Yes
560263642,2026-01-10,2026-07-31,47,MALE,United States,Bronze,3,133.29,No
610160026,2023-08-25,2026-08-10,24,M,Australia,Bronze,14,411.61,0
354198101,2025-08-25,08/18/2026,62,Male,U.S.A.,Bronze,5,315.4,NO
253916310,2025-01-07,09-Aug-2026,46,female,US,Bronze,10,410.12,N
965735447,23-Nov-2025,2026-08-16,45,Male,Brazil,Silver,8,749.5,no
265469807,2022-06-20,2026-08-13,56,Female,United States,Bronze,15,362.78,N
464050484,08.04.2023,26.08.2026,45,unspecified,Brazil,Gold,21,2646.79,N
795041646,2021-11-10,07/29/2026,59,Male,United States of America,Gold,30,2187.48,0
879681725,"October 14, 2024",2026-01-30,19,Male,INDIA,Bronze,8,198.81,yes
919499368,2023-11-10,2025-12-15,46,Male,United States,Bronze,12,,Yes
788919364,2023-07-12,08/11/2026,24,Male,United States,Silver,12,755.34,No
686167190,2026-05-04,,25,Female,Germany,  Bronze ,0,0.0,Yes
743257869,27-Jun-2023,2026-05-25,,Other,Canada,Silver,3,533.54,NO
998980928,01/05/2025,2026-08-26,50,Male,Germany,Silver,4,636.34,No
185704744,07/29/2022,2026-08-22,66,M,United States,platinum,-34,3934.39,No
927155179,01/02/2022,2026-05-26,66,O,Canada,Bronze,7,255.65,No
754279833,2021-12-31,2026-08-05,79,Female,United States,Silver,5,616.44,No
822414873,2025/12/20,2025-12-20,67,Male,united states,  Bronze ,3,121.22,Yes
389052468,2020-09-19,08/17/2026,23,unspecified,United States of America,Silver,37,1227.49,No
404692462,2025-11-26,2026-07-27,32,Male,United States,BRONZE,1,78.96,no
277740516,2019-10-02,18.06.2026,50,MALE,USA,Gold,-999,3791.09 USD,No
142882270,20-Mar-2023,24.06.2026,55,male,UK,Silver,26,1021.73,No
824274887,"October 03, 2022",08/21/2026,65,male,U.S.A.,Gold,63,3199.65,No
898461993,2023-09-20,2026-08-19,61,Female,United States,,8,729.08,No
196335594,12-Nov-2020,2026-08-12,75,Male,Australia,Gold,33,3325.35,No
173867406,03/17/2025,2026-08-19,23,Male,Mexico,Silver,24,836.91,No
549452317,2023-06-18,28.10.2024,68,Female,United States of America,Bronze,6,383.73,Y
518845570,"April 21, 2026",04/21/2026,50,M,Brazil,Bronze,1,23.73,Yes
852004880,2024-09-17,2026-08-10,41,Female,USA,SILVER,20,959.6,No
953276453,2025-01-20,09/03/2026,53,Female,USA,none,12,"$1,267.74",No
279569864,09/29/2023,2026-07-17,48,Male,Canada,Gold,23,N/A,FALSE
499949153,03/06/2024,2025-03-15,42,f,United States,Bronze,3,102.8,Yes
890713149,2023-08-17,07/22/2026,32,Female,canada,Silver,40,1566.89,no
456080540,2022-09-02,2026-03-11,39,Female,United Kingdom,Silver,16,1237.18,No
482003386,2022/07/30,29.08.2026,57,Male,United Kingdom,Bronze,11,414.64,No
641534327,2023-05-15,25-Dec-2025,32,Male,BR,Bronze,10,461.77,TRUE
753056799,2022/05/03,2026-06-08,46,Male,usa,Gold,36,1525.97,FALSE
601777857,2023-08-30,2026-03-01,47,femail,Canada,Bronze,9,331.67,Y
795187296,2023-04-24,2026-06-09,32,Male,US,Silver,16,1017.65,No
464453652,2021-07-18,22-Aug-2026,65,Female,Canada,silver,17,1676.74,N/A
445040461,26-Nov-2025,2026-06-08,52,non-binary,US,Silver,7,$966.86,0
108086141,2024-07-05,23-Aug-2026,39,Male,United States,Silver,17,843.28,N
899601920,2021-10-08,2026-08-14,44,f,USA,Silver,37,1554.33,No
219845238,2025-07-24,2026-08-22,30,female,United States,BRONZE,1,34.76,No
820408454,2024-01-11,"August 27, 2026",41,other,United States,Silver,13,$906.30,no
779532758,2020-06-09,08/25/2026,71,Male,United Kingdom,Platinum,101,15724.42,NO
738870266,2025-12-08,2026-03-01,43,f,USA,Bronze,3,301.3,Yes
460564958,2024-08-13,04/17/2025,19,Other,US,  Bronze ,9,385.74,Yes
772617265,2022-02-21,,49,femail,United States,Bronze,0,0.0,Yes
687438244,02-Dec-2024,2026-08-28,30,,BR,Bronze,5,211.15,0
897332866,2023-09-08,07/10/2026,37,unspecified,United Kingdom,Bronze,12,514.53,No
438911554,2021-05-10,2026-06-19,82,Male,U.S.A.,Bronze,14,$606.35,No
394793502,2025-07-31,2025-07-31,26,N/A,India,Bronze,4,166.4,Yes
939825036,02/25/2022,2026-07-06,40,Female,USA,Silver,28,1077.34,N
621309297,2022-08-08,2026-07-05,27,M,United States of America,Bronze,9,238.14,NO
311013580,10/18/2022,12-Aug-2026,77,Female,USA,Gold,31,,No
989116930,2024-11-17,19-Jun-2026,41,FEMALE,United States,Gold,,2613.95,0
838126136,2023-11-04,08/26/2026,55,Male,United States,Gold,31,3024.73,FALSE
474896597,2023-08-21,08/17/2026,44,F,usa,Silver,23,$888.06,No
894631237,03/10/2024,2026-03-01,71,F,germany,Bronze,12,479.95,Y
236170326,2023-02-04,05.11.2025,23,Female,usa,Bronze,5,99.67,Yes
264244545,2026-01-31,,27,M,usa,Bronze,0,$0.00,Yes
538647563,03-Oct-2022,"July 20, 2026",23,Male,USA,brz,10,636.11,No
173229595,04/10/2023,2026-08-28,62,Female,brazil,BRONZE,3,281.25,no
924830827,2024/05/24,20-Jul-2026,22,male,,GLD,38,"$1,528.66",No
231388640,2025-05-15,,23,Male,US,BRONZE,0,0.0,Yes
472281587,07/25/2025,08/05/2026,28,Female,United Kingdom,bronze,3,158.52,No
151196602,2021-11-18,2026-08-12,61,Female,United States,Silver,16,1313.70 USD,No
571797972,2024-09-16,2026-03-01,41,M,US,Bronze,13,247.02 USD,1
639885816,2024-10-26,2026-08-29,40,femail,usa,Bronze,4,341.55,0
343156349,01/26/2020,07/26/2026,36,Male,CA,Platinum,81,11420.75,No
604476114,2022-02-03,2026-04-28,25,Male,USA,Silver,27,1034.81,N
121795564,05/02/2021,2026-09-02,62,Unspecified,USA,Silver,13,830.7,No
868226606,11/08/2021,20.08.2026,-,Male,U.S.A.,silver,12,697.38,N
582245394,2025-05-15,2026-07-13,28,Female,United States,brz,2,55.92,No
153803195,02.08.2025,,53,FEMALE,USA,Bronze,0,0.0,Y
853622333,2024/08/02,02-Sep-2026,58,Unspecified,United States,gold,16,1464.86,no
968812975,06/11/2026,,,Female,US,  Bronze ,0,0.0,Yes
548038841,07/25/2020,15-May-2025,66,F,United States,Silver,18,685.58,Yes
903696374,2023-04-10,,23,Male,USA,Bronze,4,173.15,No
205131621,2024-01-19,2026-06-03,62,Male ,U.S.A.,slv,16,974.01,No
928157445,03/12/2021,2026-05-19,31,M,Brazil,Platinum,59,4190.35,No
667790984,2024-07-16,07/23/2026,80,Female,US,Silver,20,872.87,No
463975476,2019-10-29,2026-08-14,45,Male,United States,Plat,104,4551.98,No
976595483,03/09/2021,2026-06-17,39,F,United States,Bronze,8,281.84,N
422802773,2022-03-13,29-Aug-2026,51,unspecified,USA,silver,10,795.52,No
465984433,03/06/2023,06/29/2026,67,Other,United States,Gold,40,1962.95,no
625399380,2021/06/24,2025/11/24,30,M,CANADA,silver,16,-665.64,Yes
351754199,2022-12-16,07/31/2026,50,Male,MX,Silver,13,687.65,no
725869015,2024-01-31,2026-08-31,57,Male,United States,Silver,10,,No
658193804,23.07.2022,27.07.2026,42,Female,USA,Bronze,10,515.87,FALSE
918196652,2022-12-28,2025-01-15,,Male,Germany,Bronze,7,254.88,Yes
664837641,"July 04, 2021",2023-08-01,32,male,Canada,Bronze,2,72.28,1
550005669,2025-09-28,13-Aug-2026,30,,United States,bronze,10,349.53,No
281605357,02.12.2023,2026-07-06,69,Female,United States,Bronze,4,371.71,No
724309915,2024-02-16,08/07/2026,23,Female,Mexico,Silver,6,"$1,042.91",no
908964587,2024-11-17,2026-08-17,37,Female,United States,SILVER,14,696.68,no
861874899,09/14/2024,2026-03-01,39,Female,USA,Bronze,2,182.32,Yes
872998443,2022/02/09,2026-08-15,,Male,England,silver,7,570.34,N
121037769,2021-05-02,2026-08-07,59,M,united states,Bronze,12,522.56,FALSE
892255341,2026-04-20,,40,M,UK,Bronze,0,0.0,yes
123565329,2020/12/21,07/28/2026,37,Female,United States of America,GLD,59,3062.69,NO
102523106,2026/02/09,2026/07/11,57,female,india,Bronze,2,118.94 USD,no
319827387,04/10/2025,04-Jun-2026,, Female,United States,Silver,8,716.72,No
843191860,2025-01-05,2026-03-01,52,F,Australia,  Bronze ,6,$241.07,yes
643502707,2024-01-21,2026-08-25,41,Female,US,Bronze,8,306.34,No
875666661,2023-02-17,20-Aug-2026,68,Female,UK,Gold,38,3231.88,No
770871858,29.06.2024,2026-03-01,61,Unspecified,usa,Bronze,2,81.49,Yes
799478768,11/10/2023,2026-08-22,57,MALE,Deutschland,SILVER,13,470.14,No
837593296,2025-10-07,2026/08/11,39,Female,United States,Bronze,7,567.05,N
858742715,03.01.2025,2026-07-31,34,F,Can.,Bronze,5,150.06,No
887680279,2021/09/19,07/22/2026,32,Unspecified,canada,Silver,15,859.99,N
954221028,2021-02-14,2026-07-28,26,female,Deutschland,GLD,20,1787.57,no
279647515,2021-04-04,"August 08, 2026",30,Female,United States,Bronze,6,304.78,No
699461334,2025/03/06,04/02/2026,66,f,united states,silver,13,-711.29,0
356106461,2024-05-25,01-Feb-2026,43,,México,Bronze,4,224.68,Y
232769583,2025-05-16,16.05.2025,52,Male ,United States,Bronze,4,115.81,yes
415566157,02/05/2025,NULL,45,F,U.S.A.,BRONZE,0,0.0,Yes
496060951,12/19/2023,05/22/2026,65,Female,India,Bronze,13,209.4,No
152649472,2022-11-12,03-Aug-2026,62,Male,Mexico,Silver,6,466.07,No
769128970,2023-09-28,2026-07-28,47,Female,United States,Bronze,4,90.25,No
585111530,06-Dec-2024,2026-08-25,59,Male,United States,Bronze,2,-115.59,No
544161415,2021-02-23,2026/09/02,21,Male,United States,GOLD,13,1685.39,no
366671801,15-Dec-2024,2026-07-25,62,F,Australia,Silver,22,1515.01,No
362499706,06-Oct-2025,2026-05-01,43,Female,Canada,Bronze,4,197.08 USD,No
565664870,2023/11/19,2026-07-07,N/A,F,UK,Silver,10,435.11,N
168645988,2024-11-18,07/15/2026,25,male,usa,silver,22,876.01,no
185501361,2023-12-16,2026-08-08,42,prefer not to say,United States,Silver,20,1155.73,No
207388992,2024-02-03,2026-05-18,35,male,,bronze,6,$230.74,No
352295526,2023-01-17,2026-08-28,46,Female,United States of America,Bronze,7,170.51,No
406968085,2021-12-02,06/27/2026,43,female,United Kingdom,Gold,58,4682.59,0
292765779,11/22/2025,N/A,42,Male,Canada,bronze,4,-249.1,1
962218975,2023-07-26,2026/07/13,42,Male,Australia,Silver,12,786.69,No
148348309,2021-01-14,26.08.2026,83,Female,England,Platinum,91,4526.44,No
700252417,2022-03-02,08/19/2026,55,M,United States,Silver,27,1771.78,No
268780409,11/13/2020,07/15/2026,24,F,USA,silver,7,890.14,No
371772911,2025-11-18,2026-08-08,42,F,USA,bronze,2,$85.52,No
381214781,2023-05-22,"May 25, 2026",38,Male,Canada,Bronze,8,377.13,NO
490356599,"June 17, 2019",08.05.2023,54,F,Canada,Bronze,5,307.88,Yes
259063101,2024-06-28,2026-08-16,48,FEMALE,United Kingdom,BRONZE,18,340.75,No
473883253,07/19/2026,,54,Male,Mexico,Bronze,0,0.0,1
350657017,2021-09-03,2026-08-12,27,Male,CA,Gold,31,,no
707031562,2023-10-21,03/01/2026,27,Female,United States,,4,229.45,Yes
998258333,10/03/2024,07/19/2026,30,FEMALE,England,Bronze,5,350.53,no
605886954,"June 01, 2024",2026-08-16,46, Female,United States,brz,1,29.62,No
100519177,2021-03-19,03/25/2026,26,M,USA,Silver,36,2114.14,No
505363314,12/12/2024,20-Feb-2026,42,Male,CA,Bronze,6,173.02,Yes
426808166,2020-02-02,30-Aug-2026,25, Female,united states,Gold,52,2648.45,N
966160498,31.12.2022,2025-11-26,50,Female,UK,brz,1,83.76,Yes
747154599,"December 24, 2023",2026-08-23,36,F,usa,Silver,16,989.2,No
283109792,2023-05-20,05/28/2026,26,female,United States of America,Silver,35,"$1,328.86",No
290341393,05-Aug-2024,2026-08-25,28,Female,US,brz,1,35.93,No
446316482,05.09.2024,2026-08-19,69,M,Australia,BRONZE,10,311.81,no
105246986,2024/06/18,10/21/2025,NULL,m,Australia,Bronze,7,452.8,1
235494540,06/23/2023,01.03.2026,32,female,brazil,Bronze,N/A,167.75,Y
766643821,2025-12-16,08/18/2026,47,Male,India,Bronze,3,406.28,No
673900532,2026-08-23,,42,female,United States,Bronze,0,0.0,Yes
895167661,2024-04-16,2026-07-01,,Male,United States,Silver,15,,no
557203798,2025-09-30,09/30/2025,89,Female,United Kingdom,Bronze,4,96.01,Y
746311168,2025/08/23,2026-08-08,57,FEMALE,Great Britain,BRONZE,1,84.25,NO
731891982,2023-08-11,2026-08-11,33,Female,Germany,SILVER,10,1049.92,no
224215534,06-Apr-2024,02/23/2026,37,Female,United States,Silver,10,1370.72,Yes
361360076,2026/01/04,2026-07-03,50,Male,AUS,Silver,13,1336.55,No
817636142,30.06.2023,08/14/2026,56, Female,U.S.A.,SILVER,20,1148.08,No
781747680,31.01.2026,,35,Unspecified,United Kingdom,Bronze,0,0.0,Yes
806908344,"July 22, 2022",2026-06-04,45,Male,IN,Silver,30,896.9,unknown
374250616,2023-12-30,not available,33,MALE,Canada,Bronze,10,477.60 USD,N
900128852,20.06.2022,08/14/2026,24,Male,United Kingdom,Bronze,9,516.46,no
341677794,2023-07-14,2026-07-18,44,unspecified,United States of America,Bronze,3,208.21,N
508249672,01/07/2025,28.06.2026,53,Unspecified,INDIA,Bronze,4,448.76,No
190643601,2023-01-10,2026-07-29,41,male,DE,Silver,48,1631.37,No
460517113,05/22/2023,2026-03-01,53,Female,Brazil,Bronze,1,77.68,YES
458515527,2022-05-11,2026/08/18,46,M,USA,gold,38,3709.07,No
303049057,2024-03-03,2026-07-30,39,M,USA,SILVER,23,949.7,No
292984511,2023-06-30,2026-08-14,28,Unspecified,usa,Silver,21,906.98,NO
845227071,2023-04-08,2026-07-17,32,Female,US,Silver,16,855.08,No
131011828,2025-04-11,07/28/2026,43,Female,Australia,Bronze,2,347.95,no
944709288,2022-12-24,08/18/2026,38,Male,USA,Silver,26,2050.87,N
360373255,2023-08-23,,32,Female,CA,none,0,0.0,Yes
923877794,09-Mar-2026,2026-03-09,59,Female,Brasil,Bronze,2,$70.74,1
505103199,"June 14, 2023",2026/08/17,48,Female,USA,Bronze,16,535.33,0
707213757,11/30/2024,2026-07-27,44,F,Canada,silver,13,1353.77,0
551468789,2022-01-29,2026-07-17,52,m,UK,Gold,N/A,1699.72,NO
859719242,12/14/2023,2026-08-21,31,male,US,BRONZE,12,569.93,No
963345020,2020-09-27,2026-08-15,42,Other,United States,Bronze,6,297.68,No
532456412,2024/12/08,08/16/2026,56,F,United States,Silver,14,670.6,No
716277467,02/14/2020,2026-08-04,35,male,United States,Gold,88,2855.59,NO
471283464,05/13/2023,2026-03-01,32,Male,United States,bronze,8,109.77,Y
915078218,2022-01-20,07.07.2026,72,,US,Plat,84,"$6,376.44",No
115845335,2023/03/20,,63,Male,United Kingdom,Bronze,5,222.96,FALSE
272442233,"January 18, 2024",08/26/2026,62,Female,Brazil,Bronze,4,,No
921051524,2025/12/27,2026-06-24,26,M,USA,Bronze,11,565.28,NO
204482384,30.04.2025,2025-04-30,39,Male,England,Bronze,2,221.88,Yes
646325138,2023-11-19,2026-08-25,68,Male,Canada,Silver,18,1450.71,No
600936988,12/19/2024,06/02/2026,59,F,US,Silver,12,701.68,No
506367294,2025-09-11,2026-08-05,42,male,CA,Bronze,3,132.43,FALSE
107307010,03/24/2024,31.08.2026,49,Female,Brazil,Gold,22,1797.01,no
738240027,10/12/2023,13.08.2026,48,Male ,India,Bronze,7,359.6,no
472995318,2024-06-01,09/04/2026,57,N/A,USA,Bronze,11,291.63,FALSE
711870674,2022-08-04,2026-08-17,60,MALE,--,Silver,57,1204.84,N
880528490,2023-11-30,03/01/2026,57,F,Canada,bronze,7,96.68,Yes
574788647,10.01.2025,,34,F,US,Bronze,0,0.0,1
657490526,21-Jul-2025,2026-08-08,23,F,United States,bronze,5,$419.88,no
777285252,06/24/2025,2026-08-17,24,Female,USA,Bronze,5,290.22,No
476876890,2020-01-08,2026/07/23,72,Male,India,Silver,-17,498.53,No
603165773,2025-07-05,2025-12-29,28,female,United States,Bronze,1,73.45,Yes
106274696,07/31/2023,25-Jul-2026,45,male,USA,bronze,7,199.89,FALSE
175565465,10/21/2025,"February 07, 2026",28,FEMALE,India,Bronze,2,279.01,1
970558762,2025-07-04,2026/08/26,28,Male,Canada,Silver,4,831.5,No
117051516,01/30/2025,2025/01/30,42,Female,US,Bronze,1,52.87 USD,Yes
419942212,2021-01-08,2026-07-12,53,F,NULL,Gold,13,1947.62,NO
864896082,02-Mar-2023,03/01/2026,72,Male,Germany,Bronze,8,374.77,yes
539480886,2024-07-07,31-Aug-2026,69,Male,USA,slv,15,1589.91,No
786733102,2021-11-12,2026-08-26,42,Male,United States,slv,38,1557.68,N
716880921,2023-10-24,2026-07-20,54,Female,United States,Bronze,8,335.93,No
709898212,09/11/2022,06/27/2026,74,,USA,Silver,15,1046.62,N
905245022,2021-04-04,2026-08-14,29,female,USA,BRONZE,13,453.66,No
446812514,2023-12-17,2025-01-21,46,Female,United Kingdom,Bronze,4,126.5,Yes
779186089,2024-04-27,08/06/2026,55,Female,United States,BRONZE,16,327.13,0
682087569,2021-08-31,2026-06-07,62,Female,usa,Silver,33,1362.21,No
306680279,2026-05-19,2026-06-26,40,FEMALE,canada,Bronze,2,,No
531131832,2020-06-23,24.05.2026,50, Female,Deutschland,Platinum,62,5552.52,No
297668914,07/07/2021,2026-08-22,66,F,Mexico,GLD,17,1755.68,No
499690565,11/24/2025,11/24/2025,31,female,india,Bronze,1,39.77,Yes
186120971,2023-03-10,2026-08-19,46,Female,USA,Bronze,5,232.33,No
801889081,08/07/2022,2026/08/27,77,Male,US,NULL,53,3304.84,No
854915288,22-Sep-2025,2026-08-11,30,f,U.K.,slv,11,1263.58,No
437856913,03/09/2021,2024-10-22,48,f,,Bronze,3,70.91,Yes
946662976,2023-06-08,2026-08-11,23,MALE,australia,SILVER,30,1210.99,No
128697403,2025-08-04,08/04/2025,56,Male,united states,Bronze,3,159.37,Yes
609269969,2023-11-29,22-Aug-2026,35,Female,canada,Silver,20,911.57,No
776538189,11/27/2022,2026-08-21,50,Male,United States,Silver,19,1120.77,No
117842149,2024-01-03,2026-07-27,49,female,CA,Gold,15,2259.65,N
552817722,2022-12-19,2026-08-08,52,Female,United Kingdom,BRONZE,10,$298.10,N
845910814,02/26/2022,2026-06-09,55,female,USA,Silver,34,$549.46,No
941813693,2021/12/17,2026-08-26,27,Female,United Kingdom,Platinum,46,7226.83,N
368203293,2022/06/14,2026-06-27,64,Male,UK,gold,19,3362.35,FALSE
235716830,2024-05-19,06/21/2026,53,Male,Mexico,Silver,9,1368.19,No
190976788,2021-03-16,2026-08-23,70,male,usa,gold,83,2773.3,No
701597062,2026-03-25,2026-03-25,27,Unspecified,United States,Bronze,3,$68.96,Y
528446647,03/31/2022,2026-07-02,47,,N/A,Bronze,3,234.82,No
439005333,"August 03, 2021",2026/08/02,42,female,united states,Gold,27,2226.98,no
895646885,2025-09-09,2026-06-10,46,Male,Germany,bronze,2,237.77,NO
582622162,08/06/2026,2026-08-06,44,femail,usa,Bronze,1,34.64,Yes
718271986,2021-05-21,2026-07-17,47,f,USA,Silver,10,1100.82,NO
991774529,2026-03-04,2026-03-04,39,Female,Australia,Bronze,2,97.15,Yes
559831423,2022-10-20,2026-08-27,26,M,brazil,silver,27,2213.21,No
741172828,2026-04-09,04/09/2026,44,Female,United Kingdom,Bronze,2,123.71,Yes
940749664,2022-04-20,03.07.2025,43,male,U.S.A.,bronze,3,156.37,YES
920241525,11/03/2020,2026-05-25,31,F,USA,Silver,13,722.28,No
609195087,2024-02-11,,56,Male,Canada,Bronze,7,565.73,No
891306832,"April 18, 2024",,61,Male,United Kingdom,bronze,10,340.97,No
809742937,2022-06-05,08/29/2026,50,m,United States,BRONZE,4,289.96,No
984896814,,2026-02-04,61,female,US,Bronze,1,46.95,Yes
391046989,2025/04/23,"July 26, 2026",36,Female,Germany,Bronze,7,225.52,No
721417236,2024-08-20,2026-07-02,39,male,usa,Bronze,12,452.75,No
620805938,2023/05/03,2026-08-19,43,Male,USA,brz,8,540.56,N
822698769,02/04/2026,08/12/2026,33,Female,Canada,Bronze,1,66.31,0
806187270,2022-06-01,04/07/2026,20,Male,united states,Silver,25,1951.0,No
803997475,2023-10-24,2026-06-21,22,Unspecified,Australia,Silver,20,1235.32,No
354911072,08/19/2025,07/24/2026,46,male,US,brz,3,98.15,NO
350551515,2025-01-26,2026-08-12,56,Male,DE,Silver,14,747.77,N
871127847,2025-06-07,2026-06-23,35,Female,USA,Gold,19,3128.69,No
320994129,2026-05-12,,27,male,United States,Bronze,1,,Yes
881231162,2023-07-07,22-May-2026,,MALE,United Kingdom,Bronze,6,350.27,N
586005573,2025-08-16,2026/06/03,51,female,United States,BRONZE,5,108.85,No
480885244,2024-11-23,2026-08-17,48,Male,United States,Bronze,3,269.95,No
555425048,2025-06-29,2026-06-24,41,M,IN,Bronze,22,666.49,NO
206079147,02/10/2022,"July 07, 2026",29,F,US,gold,60,,FALSE
798368583,2021-09-14,2025/07/16,34,F,Canada,Bronze,,$202.00,yes
583512366,2024-04-09,,43,f,USA,Bronze,0,0.0,yes
974247474,2020-11-19,07/27/2026,42,FEMALE,United States of America,Silver,18,"$1,230.92",No
415568753,"March 18, 2025",2026-07-13,46,femail,US,Bronze,7,253.76,No
991619977,2021-03-16,27-Feb-2025,36,Female,Can.,bronze,5,,yes
895401408,05/12/2024,2026-08-08,35,Male,UK,Silver,5,815.7,No
382528514,10/13/2025,10/13/2025,22,Female,US,bronze,2,97.13,Yes
573210818,14.12.2019,15.07.2026,43,Male,Can.,Silver,24,1233.09,no
733507580,2023-06-11,2025-04-01,28,M,United States,BRONZE,4,252.92,Y
522210069,2024-04-24,06-Jun-2025,40,MALE,England,Bronze,2,67.62,yes
926880714,,24-Jul-2026,35,Female,United Kingdom,silver,18,621.32,0
910703993,04-Oct-2021,2026-08-19,55,prefer not to say,CANADA,Platinum,38,4663.37,No
605841212,2022-02-11,06/23/2026,42,female,India,GLD,38,3414.16,No
280256633,10-May-2022,2026-01-06,38,N/A,United Kingdom,BRONZE,6,,Yes
209672374,2024-07-15,08/08/2026,87,Female,india,Silver,14,1001.69,no
786277639,2022/09/08,28-Feb-2026,-,Female,United States of America,Bronze,3,137.92,Yes
507205446,06/28/2022,28-Dec-2024,,F,CANADA,Bronze,5,185.65,TRUE
414334422,2024-07-15,2026/07/10,49,Female,U.S.A.,Gold,22,1515.24,No
606805939,2022-12-24,"August 17, 2026",45,Female,United States,silver,24,997.95,No
441709828,2023/04/16,26.08.2026,54,Male,USA,Bronze,9,246.75,NO
449140640,10/27/2024,24.08.2026,61,F,,brz,9,256.84,No
592424511,2022-09-04,20.08.2026,50,Male,US,Silver,15,1189.07,No
559747322,13-Aug-2023,2026-08-21,30,female,U.S.A.,Gold,41,2776.43,FALSE
133132662,09/28/2021,"September 04, 2026",69,Female,,GLD,40,,No
775008830,11.05.2025,2026-06-23,66,unspecified,United States,Silver,26,812.26,N
240364511,2025-05-01,2026-06-15,55,Unspecified,United States,SILVER,19,749.59,No
374790151,2022-06-04,,,F,United States,BRONZE,0,0.0,Y
965000247,2023-07-06,08/10/2026,31,Male,Germany,Silver,21,1319.83,N
396470623,2023-12-20,2026-07-13,50,female,United States of America,Bronze,28,345.42,No
858849369,2024-03-17,2026-08-01,19,prefer not to say,Canada,Bronze,10,250.97,No
962332737,2025-03-30,2026-01-08,72,Male,United States of America,Bronze,10,405.75,Y
240342602,01/14/2023,07/14/2026,41,M,United States,Silver,7,687.45,no
856227353,2023-04-04,2026/09/01,41,F,United States,Silver,15,N/A,No
604802637,2024/02/29,2026-05-23,31,Male,United States,Bronze,12,,No
292817361,07/31/2026,,58,female,CANADA,Bronze,0,0.0,1
951658707,2026-08-16,,62,F,canada,Bronze,0,0.0,Yes
991880747,"January 16, 2026",2026-07-16,51,Female,AUS,BRONZE,3,419.1,NO
223198175,11/29/2021,31.08.2026,30,Male,Great Britain,Silver,,607.38,No
236216797,31.07.2026,,40,female,Canada,Bronze,0,0.0,Yes
664320307,28-Sep-2021,2026-09-01,35,female,Germany,Silver,NULL,761.18,No
676875312,02/01/2025,2026-09-04,NULL,Male ,India,bronze,5,334.03,N
862457332,10/10/2022,2026-08-15,45,m,usa,Silver,23,$868.69,no
685314962,24-May-2026,05/24/2026,58,Female,United States,Bronze,2,120.59,TRUE
351416550,2024-12-03,2025-12-30,31,female,United States,Bronze,2,65.17,Yes
320484049,02/15/2025,2026-07-25,44,Male,Brazil,Silver,32,1707.49,No
447220871,2024-06-06,"October 17, 2025",69,Female,England,Bronze,2,55.67,1
607598029,2022-09-27,13-Jul-2026,59,Female,india,Bronze,13,255.06,No
948214827,11/29/2023,2026-09-06,27,Female,CANADA,slv,29,1232.2,no
375040618,21-Mar-2024,07/21/2026,48,Male,Canada,Bronze,4,70.7,No
784634835,2023/07/05,"August 24, 2026",60,Male,United States of America,Gold,55,2192.4,No
927290343,,"May 13, 2025",28,male,usa,Bronze,8,408.16,Yes
785482497,25-Jul-2026,,70,Female,Canada,Bronze,0,0.0,1
720690941,2025-04-30,,92,prefer not to say,India,brz,0,0.0,yes
137221924,10/05/2021,"July 20, 2026",39,F,United Kingdom,gold,51,2288.36,No
381587575,06/15/2024,"July 05, 2026",32,Female,USA,Silver,31,1020.91,No
732968007,24-Jun-2025,2026-03-01,32,Female,India,Bronze,3,148.8,Yes
376162680,2025/02/08,2026/07/23,41,Female,usa,Silver,11,994.32,N
510656593,07.08.2025,2026-07-25,61,Female,United Kingdom,Bronze,10,279.12,N
120036340,2020-12-15,2026-08-25,37,F,Canada,Silver,11,860.98,No
861840951,2021-04-11,05.09.2026,32,Male,United States,Silver,26,1182.3,no
395823208,08/03/2019,2024-04-05,34,Male,Brazil,Bronze,5,455.42,Yes
475054971,"April 03, 2024",15.07.2025,26,F,US,Bronze,4,219.0,Yes
410223028,2021-06-29,2026-07-02,25,m,México,bronze,9,466.75,No
802442930,2022-12-09,2026-08-01,40,F,Germany,Silver,18,1208.83,No
622384009,2025-10-25,,43,M,United States,BRONZE,0,0.0,Yes
503273566,01/29/2023,2026-08-05,63,Male,United States,Silver,20,1697.62,0
628841477,2025-06-14,2025-06-14,41,Female,United States of America,Bronze,6,311.62,yes
726634107,2022-06-11,2026-08-13,58,MALE,united states,silver,35,1117.45,No
996112983,2024-03-02,2026-07-29,46,Male,México,Silver,14,680.0,No
622775163,2025-04-03,2026-07-26,64,Female,Canada,Bronze,5,204.06,FALSE
958236276,10-Feb-2026,2026-07-18,33,M,US,Bronze,2,186.19,0
739190627,2023-10-02,08/30/2026,64,F,India,Bronze,16,$402.46,no
795300149,2024-03-16,09/05/2026,20,Female,United States,Silver,17,646.15,no
126939764,07/22/2026,,,Male ,USA,Bronze,0,0.0,Yes
399188501,2022-12-27,04-Jul-2026,58,MALE,United States of America,Bronze,2,370.88,No
659748884,15-Sep-2025,,45,f,AU,Bronze,0,-,Yes
862818272,2025/09/18,2025/09/18,60,prefer not to say,United States,Bronze,1,30.76,YES
236995675,2023-02-22,2026-08-26,28,m,Australia,Bronze,22,416.01,0
932897364,08/10/2021,2026-07-06,62, Female,US,Gold,33,2523.43,N
173351014,2022-10-28,2026-08-07,38,f,United States,Silver,14,1337.46,N
415780126,2022-12-13,2026-08-16,42,N/A,USA,Bronze,29,-,No
484732143,29-Nov-2021,2026-08-14,72,FEMALE,Mexico,  Gold ,24,1566.22,NO
509972346,2023-08-22,,74,U,U.S.A.,Gold,32,3164.63,No
935483836,2026/03/15,"June 26, 2026",42,other,India,Bronze,1,31.88,No
814721537,05/10/2026,2026-05-10,71,MALE,United States,bronze,3,255.46,1
678648056,2025-01-04,2026-08-22,50,FEMALE,United States,BRONZE,2,309.98,No
495263269,2024-12-09,,48,O,INDIA,Bronze,0,0.0,yes
474286057,2025-01-24,08/08/2026,37,prefer not to say,usa,bronze,8,477.58,0
180506048,15.04.2022,08/11/2026,54,Male,Germany,Silver,17,1188.3,No
600496335,2024-08-20,12-Sep-2025,43,Male,Germany,brz,4,210.04,Yes
192764298,2021-12-11,20-Aug-2026,30,female,united states,SILVER,10,451.76,N
277247044,2023-01-29,06/23/2026,,Female,United Kingdom,SILVER,27,724.3,No
123697947,08/30/2025,,77,female,India,bronze,4,232.86,No
359983397,2024/11/20,08/10/2026,22,female,United States,Bronze,16,546.18,N
264928570,2024-05-13,2025-06-21,47,Male,United States,  Bronze ,7,325.67,yes
772459690,2024/11/29,21-Jul-2026,22,Male,United States,Bronze,,115.75,NO
380311383,2024/10/21,08/02/2026,48,male,United States of America,Silver,10,743.0,No
927398129,2025-09-13,2026-08-22,36,FEMALE,Australia,BRONZE,2,50.73,
949926430,02/25/2024,08/21/2026,63,femail,US,Silver,-28,793.87,N
248160428,01/04/2022,06/06/2026,51,female,united states,Platinum,30,6799.24,FALSE
231120281,2021-10-29,2025-06-25,43,Male,Mexico,Bronze,6,129.45,YES
977773229,17-Jul-2024,01-Mar-2026,44,other,IN,Bronze,2,$69.65,Yes
984632804,05/25/2023,2026-03-01,32,Female,Canada,Bronze,3,268.5,Yes
593431047,2025/05/26,03/01/2026,58,femail,Deutschland,bronze,2,176.49,Yes
872354180,2025-02-07,2026-05-15,50,male,unknown,Bronze,9,528.73,NO
186674785,2024-07-27,10.05.2026,61,Other,Canada,Silver,6,565.4,No
447462765,07/07/2025,21.06.2026,27,Female,United States,bronze,10,450.31,FALSE
775565409,2022-07-24,"December 14, 2025",45,prefer not to say,US,brz,3,114.57,yes
454950481,2026-01-03,2026/01/03,52,Male,MX,Bronze,3,236.81,yes
119652161,10/30/2022,2026-06-21,24,Male,United States,Silver,9,597.6,NO
562231632,2022-11-22,12.08.2026,unknown,Male,United States,Bronze,2,65.81,No
647376372,2024-03-15,2026-08-02,50,Male,Canada,Silver,14,645.63,No
734407924,2020-09-11,08/10/2026,82,MALE,Can.,Gold,34,1877.03,No
706387961,05/13/2024,2026-08-19,61,Female,germany,Silver,12,587.1,no
786639582,2026-02-15,05/07/2026,30,Male,Canada,Bronze,none,$129.48,no
178353471,2022-04-13,04/22/2026,49,Female,usa,gold,38,3597.65,0
606609581,2021/03/18,08/11/2026,52,Male,germany,Bronze,8,402.02,No
800822010,2024-06-13,01/07/2025,,Female,Australia,Bronze,4,115.53,Yes
169240304,2022-06-12,30.08.2026,47,Male,UK,platinum,27,5924.33,NO
413026486,2023-10-28,17-Jul-2026,40,Female,United States,silver,27,838.48,N
768997985,2023-09-04,28-Aug-2026,51,M,US,platinum,22,4375.85,no
681436770,"June 03, 2026",,63,FEMALE,Great Britain,bronze,1,84.2,Yes
724626058,25-Dec-2021,2025/07/12,46,female,US,bronze,-4,505.36,Yes
929881447,2023-12-05,2025-08-06,70,Female,germany,Bronze,9,362.24,Yes
849378551,2025-03-25,08/04/2026,82,,United States,slv,9,771.48,No
910016042,2025-07-07,,46,MALE,United States,Bronze,0,0.0,Yes
616070883,2023-09-05,,47,Male,Germany,Bronze,0,0.0,Yes
409524004,"March 20, 2020",2026-07-17,43,male,USA,GOLD,24,1861.57,No
965931714,14-Jul-2023,2026-08-04,80,Unspecified,Brazil,Silver,20,747.99,0
213956968,2020-05-24,25.08.2026,43,Female,united states,Silver,18,760.08,No
942287224,2024-01-25,2026-06-02,64,MALE,Australia,Bronze,3,114.4,No
139163556,2020-10-06,2026-08-12,,Male,United States,bronze,30,245.62,N
220179652,22-Jun-2022,2026-07-30,38,unspecified,USA,SILVER,14,1213.72,No
540546021,2020-08-12,10.08.2026,51,MALE,U.S.A.,Bronze,7,351.27,no
105041466,11/09/2024,2026-08-27,27,Female,United States,Silver,6,698.01,No
948172860,2022-08-10,2026-07-21,36,F,Canada,platinum,54,3728.31,NO
800880808,2020-09-11,08/15/2026,22,Female,U.S.A.,Silver,21,989.04 USD,No
101690737,2023-05-19,2026-08-27,37,female,United States,SILVER,10,1282.4,No
610889947,2020/12/16,"March 01, 2026",39,Male,Brasil,bronze,4,82.39,Yes
137047738,2023-07-15,2026-07-20,35,Female,United States,Bronze,7,440.0,No
550006505,2023-06-08,2024-09-17,37,Female,Canada,Bronze,2,105.84,Y
946456080,2022-07-11,"August 24, 2026",23,M,IN,Gold,36,2839.09,NO
971102173,2023-03-16,2026-05-26,46,Female,U.S.A.,SILVER,-999,1801.33,No
971511474,03-Dec-2022,,40,Male,United States of America,Gold,55,2401.36,No
889013028,2023-08-07,08-Jun-2026,26,FEMALE,UK,Bronze,18,657.02,No
869933850,2025-07-18,"September 09, 2025",38,Female,canada,Bronze,2,107.86,Y
285225100,2021-06-16,08/10/2026,37,,AUS,Platinum,117,5433.39,0
105342254,05/23/2026,23-May-2026,29,Male,,BRONZE,1,23.17,1
132367723,"February 15, 2023",2026-08-12,56,Male,United States,Silver,15,1243.48,0
397500363,04/01/2026,NULL,59,MALE,United States,Silver,10,436.79,Yes
880825817,06/05/2021,,48,Female,United States of America,slv,13,1015.28,No
527071375,2022-06-03,2026-07-24,70,m,USA,Bronze,5,257.87,No
290631393,2024-12-20,08/10/2026,42,M,united states,Platinum,47,10761.53,NO
746768903,05/26/2023,2026-07-12,26,Female,United States,Silver,31,745.28,No
244463946,01/10/2025,2026-07-26,47,,United Kingdom,Bronze,,$131.75,No
761373942,2025-10-19,2025/12/28,52,F,usa,Bronze,8,319.25,Yes
960750986,2024-09-12,2026-07-19,34,Female,United Kingdom,silver,6,638.42,0
362286848,2025/03/01,2025-11-23,56,m,AUS,Bronze,5,202.5,1
689067481,28-Dec-2025,2026-07-25,33,prefer not to say,United States,Bronze,10,368.61,No
520524281,2023-11-15,27-Aug-2026,53,Female,USA,bronze,4,208.67,No
898259075,2022-08-27,08/09/2026,25,male,USA,Bronze,8,413.14,N
985624121,27-Oct-2023,2026-07-26,69,Male,India,Silver,12,786.74 USD,No
279058640,2021-03-11,2026-07-26,27,Male,IN,Gold,25,2156.78,N
127437033,"May 16, 2024",07/26/2026,47,Male,UK,BRONZE,8,599.68,N
553792783,2024-02-03,2026-06-21,28,femail,Brazil,Silver,27,1341.96,no
276051913,2023-05-15,2026-04-24,65,Male,US,Silver,12,735.47,0
346159854,2021-08-16,,59,F,USA,gold,23,1869.98,no
150857677,01/16/2025,2026-07-29,36,Male,United States,BRONZE,3,368.43,No
727479833,2025-05-20,2026/08/16,59,m,U.S.A.,Bronze,5,241.26,N
466598911,"June 29, 2024",2026-08-12,32,Male,USA,Gold,36,2680.08,No
209602650,2026-07-24,07/24/2026,52,Female,Mexico,Bronze,1,53.16,Yes
222138880,2023/08/17,26-Jul-2026,20,male,Canada,Silver,23,1078.84,No
820602789,2025-01-20,2026-07-25,36,Male,U.S.A.,Silver,4,667.15 USD,FALSE
517046678,19-Aug-2022,2026-07-14,35,Female,United States,Silver,13,810.15,No
508637541,10-Jan-2025,2026-08-24,39,Female,US,BRONZE,1,-55.41,No
359906663,2020-07-31,06/29/2026,41,Male ,Brazil,Platinum,,"$10,143.74",no
440858222,2021-04-27,2026-07-26,39,Male,United Kingdom,SILVER,15,688.5,No
344117215,2025-03-18,2026-03-01,29,Female,United States,Bronze,1,71.5,Yes
506525275,2026-04-08,08.04.2026,66,Male,USA,Bronze,5,106.39,1
591098611,2025-08-17,2026-05-21,25,Male,usa,Bronze,3,,0
875856180,10/03/2025,2026-08-29,21,F,England,Silver,N/A,724.65,No
403709989,2026-06-08,not available,NULL,Female,Germany,Bronze,3,95.78,Yes
169784801,04-Mar-2021,2026-03-01,39,female,US,Bronze,3,-111.29,YES
701827053,25.05.2023,2026-08-21,29,M,United States,Silver,19,,N
898350155,2019-12-01,27-May-2026,28,Male,uk,Platinum,61,4153.79,no
613781920,09-Oct-2023,04-Aug-2026,44,male,united states,Bronze,-6,452.11,No
341502937,2026-01-05,05.01.2026,26,Female,United States,BRONZE,2,362.45,1
941518580,07-Jun-2023,2026-05-19,NULL,Male,US,Bronze,7,339.12,N
956328767,"April 04, 2024","September 04, 2026",23,male,United States,bronze,1,33.34,N
564191567,05/08/2025,"July 30, 2026",49,,United States,silver,10,872.73,0
259778570,2023-08-22,2026-05-29,26,Female,N/A,Platinum,38,6618.62,N
928563400,2025-01-18,01/18/2025,56,Female,USA,BRONZE,2,77.27 USD,Yes
733278192,2024-02-07,06/22/2026,49,Female,United Kingdom,Bronze,12,192.17,No
236327242,07-May-2020,2026-08-24,39,Female,BR,Platinum,77,4695.99,no
784362099,2022-10-24,2024/05/02,67,m,US,Bronze,1,42.26,yes
141510240,12/30/2023,2026-05-20,39,male,India,Gold,35,1960.62,No
762872596,2024-02-17,18-Aug-2026,23,Male,canada,Bronze,26,483.42,No
182685390,08/14/2021,not available,34,Male,India,Silver,17,985.96,NO
643590137,2024-01-18,2026-03-01,50,Female,United States,bronze,3,362.16,Yes
471229289,27-Sep-2024,18-Feb-2025,57,Female,United States of America,Bronze,5,449.92,N/A
107779446,2022/12/07,06-Sep-2026,41,FEMALE,USA,Gold,35,2885.89,NO
455561674,2024-11-27,11-Jul-2026,52,Female,US,SILVER,7,$769.10,No
449601925,2022-05-07,07/25/2026,28,male,UK,Silver,33,1721.22,No
153528964,2024-08-08,,64,Female,Australia,Bronze,0,0.0,Yes
991581843,2025-04-21,2026-07-31,55,Male,,unassigned,21,2045.58,N
829482733,2024-10-27,2026-07-29,27,Female,Canada,Platinum,32,3704.39,No
351374461,03/09/2025,2026-08-05,36,MALE,Australia,,3,235.95,No
577479199,2025-04-13,30-Dec-2025,54,Male,United States,bronze,,99.47,Yes
228335951,2023-08-11,2025-07-24,34,Female,USA,Bronze,4,154.47,Yes
993735436,10.10.2024,"August 03, 2026",24,female,AU,silver,10,812.09,FALSE
814842930,03-Jul-2021,08/01/2026,50,Other,United States,Platinum,83,4853.36,No
200381569,2025-06-19,,58,Female,United States,bronze,0,$0.00,1
335278351,10/04/2025,2026-07-21,31,m,germany,Bronze,4,$216.35,No
989935540,2025-07-01,2026-07-12,45,F,usa,Silver,16,659.45,N
418038702,2023-01-06,2025-07-29,41,Male,United States,Bronze,1,49.84,Yes
609392677,01/08/2022,04-Jul-2026,37,Female,Germany,bronze,N/A,372.37,No
601589752,2025-03-14,2026-08-27,23,Female,US,bronze,7,561.28,N
887039762,2022-10-01,2026-07-11,24,Male,canada,bronze,3,193.31,No
832220752,2020-01-13,2026-01-03,22,female,USA,Bronze,7,260.93,Yes
706637116,2023-03-13,07/11/2026,69,Male,Australia,Silver,28,1187.4,No
689809602,16.06.2025,01/16/2026,73,Female,Germany,Bronze,4,336.80 USD,Yes
685645492,2022-03-08,"August 05, 2026",45,male,Brazil,none,19,1011.76,0
486417973,"July 02, 2025",08/22/2026,44,Female,usa,Silver,4,543.15,no
882322156,20-Jan-2025,17.02.2026,55,female,United States,BRONZE,11,273.01,Yes
903603578,2024-10-26,2026-06-07,35,female,United States,Bronze,12,417.66,no
877268951,2023-08-04,06/06/2026,32,m,United States,brz,14,185.95,No
801991885,2020-07-03,06-Apr-2026,35,M,Canada,platinum,60,15281.89,No
800669957,2024-02-23,2026-06-06,26,M,United States,Silver,12,529.89,N
318307468,2022-12-11,2026-06-20,30,F,India,gold,49,4643.93,FALSE
686558503,2026-01-25,2026-01-25,27,male,IN,Bronze,7,212.29,Y
688614715,2025-12-17,NULL,-,Male,United States,Bronze,10,264.63,no
912204050,2024-02-15,"August 16, 2026",32,M,United States,Silver,16,920.36,no
881870671,,19-Aug-2026,37,unspecified,USA,Plat,75,3884.29,no
473713220,2021-03-07,2026-08-18,24,Female,brazil,Platinum,55,6756.05,No
422085073,2019-11-07,22.05.2026,31,Female,United States,GOLD,29,3225.01,No
576231829,2025-05-02,,46,M,United Kingdom,bronze,0,-172.65,Yes
554136146,2024-03-24,23-May-2026,54,prefer not to say,Australia,silver,24,926.78,No
508292790,2023-08-16,26-Jun-2026,25, Female,Great Britain,Gold,34,4745.83,no
872037756,2025-10-18,2026/08/26,65,Male,Canada,Gold,none,3344.86,No
350657017,2021-09-03,2026-08-12,27,Male,CA,Gold,31,,no
967699330,02-Oct-2025,,73,Male,United States,bronze,0,0.0,Yes
462037971,"January 26, 2024","September 03, 2026",45,F,US,silver,14,$930.99,No
989202007,01/02/2025,,72,Female,USA,BRONZE,0,0.0,Yes
603594133,2022-07-09,2026-08-25,29,Female,india,silver,4,680.05,FALSE
618707125,2025-04-08,2025-10-07,41,f,IN,Bronze,4,79.64,Yes
873080828,2025-01-06,01/06/2025,28,MALE,Mexico,Bronze,4,272.44,TRUE
101972084,01/27/2024,2026-07-04,25,Female,United States,slv,15,1002.59,No
973430383,"June 16, 2022",2026-07-05,34,M,United States,Silver,12,"$1,197.31",0
835726730,07.02.2024,"August 01, 2026",55,Male,U.S.A.,Bronze,8,$394.75,no
738401951,2025-01-24,2026-07-16,27,male,USA,Silver,15,672.97,0
663401892,02/20/2025,2026/07/30,,Female,IN,Bronze,8,247.92,no
413548748,2022-02-28,2026-07-26,38,Female,United States,Silver,23,,No
830208655,04/24/2023,2026-05-30,55,Male,Brazil,Silver,35,1002.08,no
939361593,2022-01-21,2026-07-27,26,F,USA,Silver,8,848.34,No
212593057,09.05.2023,2025-06-29,76,Female,U.S.A.,NULL,6,221.69,Yes
783437671,2025-01-04,2026-08-21,41,Female,United States,Silver,7,1160.85,No
956602595,05.05.2024,2026-09-03,37,Female,Australia,Silver,18,1935.69,N
851864372,09/28/2023,06/10/2026,64,Male,U.S.A.,Silver,33,1198.73,NO
527364424,2026/05/21,,60,female,US,bronze,0,0.0,yes
143317993,11/21/2020,2026-08-01,57,Female,Canada,slv,,1021.26,0
509400877,08/17/2025,2026-08-20,50,Male,United States,bronze,9,179.96,no
442972804,2022-07-21,2026/08/06,59,F,USA,Plat,52,5294.96,no
107559996,2024-04-18,"August 13, 2026",42,male,Germany,Bronze,9,405.64,No
668301527,06/05/2022,2025-11-19,22,Female,U.K.,Bronze,NULL,173.89,YES
748676873,02/12/2023,2026-08-05,29,male,United States,Bronze,4,185.18,No
943097315,2024-11-08,2025-11-12,28,M,canada,bronze,1,57.19,Yes
757835194,01.12.2021,2026-06-04,54,Female,United Kingdom,,24,"$3,326.08",
705610574,2026-05-16,,37,Male,Mexico,Bronze,0,0.0,Yes
190751563,2022-11-13,07/19/2026,79,F,Canada,Gold,22,2193.15,N
933765386,"March 27, 2022",2026-07-07,47,Female,USA,GLD,30,2420.51,No
425268376,2026-03-20,,47,F,UK,Bronze,0,0.0,Yes
484419074,2026-06-14,2026-06-14,48,Female,México,BRONZE,2,70.68,Y
452010526,2023-03-27,2026-03-01,85,Male,Canada,  Bronze ,1,36.35,Yes
557893316,08/27/2023,2026-07-17,22,female,US,bronze,13,$405.31,N
922017777,07/20/2025,25-Aug-2026,68,Male,US,Silver,16,1351.38,No
841401430,03/25/2025,2025-03-25,33,FEMALE,DE,Bronze,7,317.28,
667139851,"March 03, 2024",2025-10-14,63,female,India,Silver,15,554.98,1
887740436,2024-11-15,,57,Male,United States,Bronze,0,0.0,Y
914841060,23.03.2022,2026-04-22,31,Female,England,Bronze,2,140.16 USD,No
258707611,11/14/2020,2026-08-07,61,Female,Canada,bronze,9,271.33,N
809387705,2023-07-07,"July 02, 2026",60, Female,United States,silver,17,736.58,No
174362150,08/30/2023,2026-08-30,35,Female,United States,silver,26,1463.24 USD,No
425490712,2020-12-20,"August 05, 2026",34,prefer not to say,U.S.A.,Bronze,6,350.54,N
703306485,"July 02, 2023",07/29/2026,28,Male ,Germany,brz,23,629.38,
545693468,2023/02/05,"February 17, 2025",31,female,MX,Bronze,1,$23.91,1
476505353,"August 26, 2026",,28,Female,US,Bronze,0,0.0,Yes
875307757,07-Nov-2024,2026-03-01,57, Female,United States,unassigned,6,$217.70,Y
490751169,06/29/2024,2026-08-22,40,M,mexico,SILVER,17,791.81,no
143047336,01/03/2024,08/19/2026,43,F,US,  Bronze ,7,247.46,No
536454162,2025-01-14,08/16/2026,31,Female,USA,slv,26,694.14,No
990110190,"September 19, 2024",25-Aug-2026,81,Female,india,Silver,19,"$1,428.60",NO
858171572,2026/03/17,2026-03-17,83,F,Brazil,Bronze,3,201.65,Yes
963983748,24-Jun-2024,2026-08-24,39,Female,United Kingdom,bronze,6,511.47,No
805372508,2021-02-22,07/18/2026,23,M,United States,bronze,24,$551.92,No
104561809,2022/01/29,2026-08-12,68,male,USA,Gold,55,2507.68,No
592885906,"January 19, 2025",,22,F,U.S.A.,Gold,35,2262.36,0
434051081,14.08.2025,11-Oct-2025,67,Male,United States,Bronze,3,196.74 USD,Yes
364555685,2024-07-18,23-Jul-2026,34,F,United States,Bronze,5,461.04,No
969937663,2024/01/20,,40,Female,United States,Bronze,0,0.00 USD,Yes
884711379,11/04/2022,08-Aug-2026,40,m,United States,Bronze,12,434.48,No
333367347,2024-03-05,2026/09/03,44,Female,USA,Silver,21,833.72,NO
126231614,2024-02-27,2026-07-22,25, Female,United Kingdom,Bronze,4,188.11,no
207653875,08.08.2022,2025/05/11,50,Male ,USA,Bronze,7,198.15,Yes
633358029,2023-06-23,2026-06-21,28,M,United States,Silver,22,608.2,NO
525137171,2021-07-05,2026-07-07,57,M,United States,Bronze,4,179.32,0
434516154,2021-06-29,2026-08-12,36,male,U.S.A.,Platinum,65,6350.15,No
128571950,11.01.2023,2026/08/24,61,,united states,Gold,34,1761.47 USD,No
214413206,2023-11-24,2026-08-22,,Female,BR,BRONZE,1,41.51,FALSE
389279031,04/04/2024,25-Aug-2026,50,,US,Bronze,-5,382.55,NO
210763809,2020-08-30,2024-10-31,33,F,US,Bronze,8,,Yes
370779153,04/13/2020,,54,female,United Kingdom,SILVER,69,905.16,No
498892983,2023-11-07,2026-06-06,46,Male,germany,Bronze,11,290.82,No
538577110,,05/29/2026,40,male,US,BRONZE,1,40.7,Y
188504566,2023-06-27,29.08.2026,23,MALE,Canada,SILVER,21,544.26,N
495457440,2020-11-18,"August 20, 2026",45,FEMALE,United States of America,Platinum,32,5907.73,No
820335680,2024-05-03,07/22/2026,28,F,United States,brz,9,347.99,N
697043007,2024-12-18,2026-06-07,55,Female,Brazil,Bronze,2,60.27,no
162625682,2023/08/18,2025-06-24,37,female,India,Bronze,2,86.55,Yes
787834576,11/16/2022,2026-08-21,50,Male,usa,Silver,36,1126.1,No
929873609,2024-01-19,2026/08/10,25,female,U.S.A.,Silver,11,1377.94,No
299298175,2023-10-20,not available,43,Female,US,Gold,33,2730.36,No
783723764,2024-12-15,2026-08-27,46,Unspecified,United States of America,Silver,14,1068.28,No
400500986,20-Jul-2021,2025-10-18,unknown,Female,Canada,BRONZE,1,52.26,Yes
496524344,2025-07-27,2025-11-20,62,male,United States,Bronze,2,88.19,Y
370249311,05/06/2021,"August 21, 2026",41,F,USA,Platinum,44,5637.23,No
108918844,2026-01-19,2026-01-19,42,m,Germany,Bronze,5,$235.18,Yes
169323618,14.02.2025,"August 28, 2026",52,,AUS,Silver,34,"$2,031.90",0
472256346,2023-01-06,2026-07-28,42,Female,Canada,silver,20,842.68,No
706816044,2023-09-06,05/05/2026,62,non-binary,U.S.A.,gold,26,-2181.71,No
100250964,02/24/2026,"February 24, 2026",49,F,USA,Bronze,6,252.41,Yes
273127856,2023-05-25,2026-08-24,53,Male,Canada,Bronze,,171.15,N
851599555,2023-03-07,27-Aug-2026,63,M,United States,Silver,42,1120.79,No
934292196,2023/10/29,07/09/2025,unknown,Female,australia,Bronze,5,163.62,Yes
791074376,2024/11/11,2025-03-22,48,Male,CA,bronze,1,99.68,Yes
662399684,12.02.2021,07/21/2026,76,Male,U.S.A.,GLD,29,2323.54,0
511565535,2025-01-28,2026-07-27,48,Female,Can.,Bronze,6,225.65,0
146762766,2020-03-15,"May 29, 2026",54,Male,Mexico,Gold,24,-2188.19,No
857851492,2023-10-07,0000-00-00,47,Male,United States of America,bronze,3,171.96,Yes
921782298,2022-08-16,26.06.2026,34,Male ,Australia,  Silver ,22,"$1,922.75",0
359095335,2023/10/29,"July 21, 2026",31,m,Canada,Silver,9,465.23,No
432667918,03/23/2021,09/04/2026,72,Female,United Kingdom,Bronze,4,217.92,No
531901278,07/12/2022,07/18/2026,65,Female,United States,Silver,26,851.23,No
940933664,08/04/2022,2026-06-22,30,female,Brasil,Silver,28,812.75,N
464387359,2021-05-02,19.07.2026,31,Female,USA,Silver,27,1264.25,No
726650055,07/25/2019,07/28/2026,64,Female,United States,SILVER,49,1310.9,0
965204303,13-Jul-2022,2026-08-01,44,M,US,BRONZE,1,50.82,N
666590783,09.07.2023,2026-07-17,36,male,Brazil,Silver,10,587.52,No
335273100,2021-07-21,08/08/2026,38,Male,United Kingdom,silver,15,1175.17,no
629110698,30.05.2020,,40,Female,Canada,Gold,42,2475.36,0
292522157,18-Feb-2024,2026-07-17,47,Male,United States,Bronze,12,458.31,No
854682902,02-Nov-2024,2025/09/17,37,Male,Germany,Silver,9,608.7,Yes
994654198,2024-09-02,08/27/2026,66,FEMALE,N/A,SILVER,8,566.64,No
342730676,2024-07-05,2026-07-12,32,Female,Australia,Bronze,6,404.49,No
370724352,2020-11-01,2026-08-07,26,Male,US,Silver,13,802.83,No
672413405,"June 15, 2026",2026-06-15,57,Male,USA,Bronze,,63.55 USD,1
696631002,02/18/2022,2026-07-30,56,Unspecified,India,Bronze,6,190.53,0
406081369,28-Aug-2021,2026-08-04,37,MALE,India,Platinum,43,8607.88,No
397528849,2024/12/09,2026-03-30,20,MALE,U.S.A.,Bronze,5,104.27,no
504625704,2025/05/15,2026-07-23,39,femail,USA,Silver,20,739.2,FALSE
160585126,04/28/2025,01-Mar-2026,66,femail,CA,Bronze,3,151.43,1
788641846,2021-07-07,30-Jan-2026,37,Other,United States,Bronze,2,$98.18,Y
729502656,2020-07-09,2026-07-10,NULL,Other,USA,Gold,45,1567.11,NO
955346326,2023-10-09,12-Aug-2026,58,m,United States,Silver,6,581.8,No
530389812,2023/02/25,2026-03-01,,Male,Brazil,Bronze,4,234.93,Yes
145798057,02/09/2022,2026-08-22,53,Female,US,Platinum,47,5109.12,No
770710982,2024-08-11,2026-06-14,54,Female,United States,brz,2,83.19,No
938397300,2023-10-07,2026/07/21,58,Female,usa,silver,17,1186.02,No
522425012,2023-12-11,,54,F,U.K.,NULL,0,0.0,1
343342272,2024-07-08,"April 02, 2026",62,M,CA,Silver,13,1490.84,N
202472923,2020/07/24,07/24/2026,41,Unspecified,United States,Silver,14,962.12,No
146743486,2024-05-07,2026-08-05,29,Unspecified,US,Bronze,4,284.05,N
432144221,26-Nov-2022,08/18/2026,61,femail,United States of America,slv,NULL,1091.63,NO
202437686,30-Jan-2023,2026-08-08,39,Female,UK,Bronze,6,505.09,No
584656128,2025-07-09,,57,F,United Kingdom,Bronze,5,341.51,No
469358245,04/12/2024,2026-04-16,43,Male,,Bronze,9,235.17,N
241851399,01/11/2020,2026-07-23,35,Female,germany,Silver,-7,500.87,N
653678593,05/15/2025,2026-08-21,29,Female,CA,Silver,6,750.35,0
731792046,2024/06/17,06/07/2026,38,Male,US,Bronze,10,355.03,no
948800950,"March 13, 2023","December 10, 2024",31,Male,United Kingdom,Bronze,6,382.01,Y
103260855,2024-05-31,07/21/2026,,F,Canada,Silver,11,671.91,No
667776376,22.02.2023,15.09.2024,26,Female,U.S.A.,Bronze,2,276.85,TRUE
236883756,,"August 24, 2026",43,male,United Kingdom,Silver,13,647.68,N
219960662,2026-07-02,,74,Female,United States,bronze,0,0.0,Yes
986708025,2024-03-11,2026-08-29,33,Female,United States,Bronze,8,326.79,No
131683776,03/26/2022,17-Aug-2026,23,male,DE,brz,9,233.45,No
706995892,02/25/2023,06/19/2026,40,male,CA,Silver,19,1106.84,No
405624144,12-Dec-2022,2025-07-02,48,M,USA,Silver,24,1361.38,YES
472968593,2023/09/01,2026-03-01,,Male,Brazil,Bronze,4,293.1,Yes
152311843,02/19/2024,2025/11/30,21,f,australia,BRONZE,1,26.07,1
369718687,"May 14, 2025",05/14/2025,53,Male ,United States,  Bronze ,2,137.11,yes
534218175,17.11.2025,2026/07/08,75,Female,usa,Bronze,2,101.36,no
742349729,"December 15, 2025",2025-12-15,33,Female,México,brz,1,49.88,Yes
608896762,"February 04, 2026","March 01, 2026",45,f,United States,Bronze,1,42.79,Yes
861347546,2023-05-15,2025-05-26,53,,united states,Bronze,3,109.35,Yes
106642018,2023-01-16,2024-07-10,27,M,United States,Bronze,3,98.84,Yes
810469663,2026-02-11,2026-02-11,36,,US,bronze,5,154.32,1
629056771,"April 07, 2024",2025-10-28,48,Female,Brazil,bronze,5,322.43,Yes
727252330,2021-09-14,08/26/2026,24,male,,Bronze,12,248.55,N
480012622,08-Feb-2023,19-Mar-2025,30,FEMALE,United States,Bronze,6,287.82,1
491966027,11/25/2024,07.07.2026,37,female,CA,Silver,19,1036.16,no
504173941,2023-03-17,2026-08-05,33,,Canada,Bronze,2,86.26,no
350605362,2024-08-31,2025-11-01,58, Female,CANADA,Bronze,5,372.78,Yes
213106763,2025-07-30,2026/03/01,62,Male,US,Bronze,11,477.71,1
775538775,2023-01-25,,52,Female,U.K.,silver,13,$896.27,FALSE
202173437,2024/10/30,,NULL,Male,Australia,Bronze,0,0.0,Y
450272542,2024-03-21,07/11/2026,43,,Canada,Silver,26,$898.12,N
877798750,2024-12-06,2026-06-22,57,Female,United States of America,SILVER,25,2075.89,no
359059403,"October 13, 2024",2026-07-18,47,Male,US,Bronze,11,238.59,FALSE
162102945,2022/05/18,2026-08-07,?,MALE,US,Silver,19,$594.09,no
446701732,2025/09/24,2026-03-01,68,m,United States,Bronze,5,missing,TRUE
589809631,2024-12-19,2026-08-17,40,Female,United States of America,Bronze,2,40.6,No
478253210,24-Apr-2026,04/24/2026,82,M,Australia,Bronze,4,-565.16,Yes
860149912,2024-04-03,2026-03-01,48,Female,united states,Bronze,1,29.11,Yes
975708589,2023-02-03,2026-07-25,43,Female,Germany,Platinum,63,6721.75,No
538003615,2026-03-09,,,F,BR,Bronze,0,0.0,Yes
884181051,2025-12-11,2025-12-11,22,Male,United States of America,Bronze,1,27.68,Yes
577585765,2026/04/30,2026-07-16,,female,United States,Bronze,2,89.22,No
674578218,2020-10-16,04-Aug-2026,56,Male,Germany,gold,28,3077.53,N
203680985,2021-10-30,2024/10/16,28,male,united states,Bronze,3,53.41,Yes
238709835,23-Aug-2025,2026-03-01,,Male,Brasil,Bronze,2,$77.01,Yes
592339420,2022-07-12,2026-07-02,-,MALE,Germany,Gold,35,2328.39,FALSE
321810866,2022-04-17,29-Jan-2026,69,Male,United States,Silver,17,597.82,Yes
951833497,2024-09-22,2025-10-26,46, Female,Germany,bronze,3,168.83,Yes
921415824,2023-11-15,08/23/2026,64,Female,canada,Bronze,4,307.63,No
746725476,07/11/2023,10.08.2026,69,Male,United States,Gold,8,"$2,065.41",No
403454900,2024-10-15,08/19/2026,52,Unspecified,United States,bronze,10,424.19,NO
101105121,2023-02-15,03/01/2026,,Female,USA,  Bronze ,4,402.33,Yes
318285746,2023/06/08,07/20/2025,54,M,Canada,silver,4,810.97,Yes
147181232,2024-02-01,08/08/2026,38,Male,Germany,Bronze,6,$177.59,No
983132066,2024/10/14,2025-07-20,38,male,United States,Bronze,3,122.05,Yes
913396943,2026-07-17,,23,prefer not to say,germany,bronze,0,0.0,Yes
419422499,2021-08-31,08/01/2026,53,male,United States,Bronze,9,$204.18,N
556455089,2024-09-13,2026-03-01,31, Female,CANADA,brz,2,130.35,Yes
627103629,2023/12/20,02/07/2026,44,Female,United States,Bronze,2,89.1,Yes
952375305,2020/02/26,19.08.2026,31,F,Canada,Silver,16,1051.46,NO
745681249,2023-11-29,2025-12-08,27,Female,United Kingdom,Silver,7,1452.31,Y
614348901,2022/03/16,08/01/2026,31,F,United States,Gold,47,3656.21,no
883400263,2022-02-06,30-Dec-2025,70,Female,United States,Bronze,3,143.7,Yes
575788012,2024-03-02,"July 20, 2026",21,Male,Germany,bronze,7,286.1,N
888416176,2022-06-28,2026-09-02,39,Other,Australia,Silver,13,$882.77,FALSE
460589070,01/25/2022,"May 01, 2026",42,F,mexico,Silver,41,"$1,750.77",No
754817291,30.01.2024,2026-08-24,27,Female,United States,Silver,11,1285.02,N
918679099,2025-03-23,08-Nov-2025,30,Male,Germany,Bronze,1,82.23,yes
782120059,2025-02-18,2026-07-20,70,m,United Kingdom,BRONZE,4,372.58,No
121284722,2025-10-01,,34,F,United States,BRONZE,0,0.0,Yes
107086508,2024-04-16,,28,Male,usa,Bronze,0,0.0,Yes
998952462,2025-12-27,2025-12-27,49,Male,Great Britain,BRONZE,3,74.89 USD,Yes
734148895,20.07.2021,2026-03-01,34,m,UK,silver,27,867.06,Yes
466370145,2024-01-05,2026/07/28,58,Male,mexico,bronze,8,394.55,No
256419587,2026-01-25,08/10/2026,70,Female,United States,bronze,2,88.87,No
109730790,2021-03-04,2026-07-28,27,Unspecified,canada,Silver,17,875.71,FALSE
661136825,2023-09-12,14-Aug-2026,50,male,Brazil,Bronze,2,219.27,No
417872182,04/10/2024,2026-08-12,39,Female,Brazil,Silver,10,1167.77,0
404672004,01/24/2025,06/13/2026,37,Male,USA,Silver,24,757.1,N
689821098,"June 30, 2023",2026/08/27,36,FEMALE,USA,Gold,37,3324.19,No
949814702,2021-11-26,15-Aug-2026,30,M,Canada,Gold,56,4704.64,No
183011849,2026-04-09,,59,,Canada,bronze,0,0.0,1
539921018,06/05/2023,2026-08-24,32,female,U.S.A.,Silver,27,"$1,572.04",No
962404141,2022-03-13,"March 01, 2026",48,Female,Canada,Bronze,3,164.01,Yes
617090980,2025-01-25,08/11/2026,46,F,USA,SILVER,16,1400.82,N
317852332,2025-10-19,,36,Female,USA,Bronze,0,0.0,Yes
714617621,2025-06-02,01-Mar-2026,54,unspecified,Can.,Bronze,4,359.1,yes
481172537,2024-10-07,09-Aug-2026,38,Female,India,Silver,11,1235.65,FALSE
386024286,20-Feb-2023,04/11/2026,25,female,Canada,Bronze,9,464.48,N
792990810,07/23/2023,2026-08-15,68,Female,United States,BRONZE,5,402.32,No
864521772,2022-07-13,2026-08-15,30,Male,Australia,Silver,22,987.42,No
316488288,2024-08-04,2025/11/20,34, Female,USA,Bronze,2,124.67,Yes
727440836,01/18/2025,2026-04-22,,f,Germany,  Silver ,19,1548.59,No
597969977,2022-12-31,2025-09-02,42,Female,United States,Bronze,2,61.62,Yes
377457110,12/22/2022,14-Jul-2026,41,Female,usa,Bronze,2,195.25,N
260797222,2024-03-01,2025-03-03,42,Female,US,slv,8,780.73,TRUE
331710677,2024-05-19,2026-06-21,54,F,Great Britain,Silver,37,"$1,952.31",no
253966301,"February 06, 2023",2026-08-20,30,M,USA,Platinum,36,5578.38,0
291655426,2022-03-04,08/27/2026,61,female,United States,unassigned,31,1192.83,No
547274807,2023-08-06,"August 10, 2026",48,f,usa,Bronze,1,103.07,FALSE
491166437,2025-04-01,07/04/2026,45,male,United States,Bronze,12,477.23,No
337368432,"August 14, 2025",2026-07-06,50,F,Australia,Silver,-5,583.96,no
686235691,2024-12-31,2025-08-25,28,Male,INDIA,Bronze,3,79.26,yes
650413799,2022-10-24,2026-08-27,55,F,MX,Silver,27,1389.75,No
189103257,2024-02-23,2025/04/27,43,male,United States,Bronze,4,125.38,YES
139585891,2025-03-11,2025-08-12,69,Male,usa,Bronze,5,214.26,Yes
454867155,08/12/2026,2026-08-12,25,Male,US,brz,NULL,58.77,TRUE
121930286,2024-12-04,,68,F,United States,Bronze,0,0.0,1
324540170,02/13/2024,2026-06-16,69,Male,usa,Gold,28,"$1,762.10",No
341545559,02/11/2023,2026-08-27,27,Female,Canada,Bronze,9,465.75,No
395071958,19.07.2022,2026-08-11,43, Female,UK,Gold,29,2513.14,FALSE
950415208,2025-03-22,28-Feb-2026,58,Female,United States,Bronze,2,158.64,Y
851810582,2022-11-22,07/27/2026,58,Female,United States,gold,45,2049.8,N
493066697,2025-08-17,2025-08-28,49,Female,United States,Bronze,6,199.07,Yes
466664289,2021-05-23,2026-07-31,42,F,USA,Silver,22,2188.63,No
205332961,2025-11-25,27.08.2026,51,female,USA,brz,2,27.95,No
661740417,01-Nov-2024,08/08/2026,67,Male,Brazil,BRONZE,7,,no
288446973,"January 27, 2024",07/21/2026,59,M,United States,Bronze,8,469.01,No
743877865,2020-08-04,2026-07-19,63,F,United States,,27,1525.43,No
767951691,2021-08-30,2026-06-06,31,f,germany,Silver,32,925.93,no
259135688,2026-02-08,02/08/2026,30,Male,Australia,Bronze,1,28.91,Yes
436022896,"January 24, 2023",2026-03-01,23,Female,US,Bronze,7,253.58,Y
188704453,18.10.2022,2026-06-12,34,M,CA,Platinum,87,4759.05,no
592274122,2021-01-30,"August 17, 2026",30,Female,United States,BRONZE,11,553.38,No
977887382,24.12.2024,16-Jul-2026,64,Male,United States,silver,17,1213.8,No
787903046,2024-07-09,2026-07-20,59,female,USA,Bronze,6,294.72,no
835431421,04/23/2021,2026-09-04,41,F,united states,Silver,19,1055.5,No
938455316,2023-05-30,01-Mar-2026,71,Female,CA,Silver,11,958.09,Y
515929649,2023-07-23,2026-08-25,36,femail,USA,platinum,27,NULL,0
672213847,2025-08-01,2026-08-06,75,Male,NULL,brz,3,$282.06,No
765794135,2022/12/19,2026-08-20,64,Female,unknown,Bronze,5,264.34,no
660712962,"May 26, 2024",08/13/2026,83,Male,canada,silver,29,"$1,131.11",N
978850178,2022-10-10,2025-05-25,45,U,Australia,Bronze,5,543.56,Yes
585756075,11/08/2025,2026-09-07,29,MALE,australia,Bronze,4,66.92,No
690565532,"August 16, 2025","November 10, 2025",22,Male,CA,Bronze,8,346.18,1
535425303,2021/02/13,2026-08-21,26,Female,United States,Platinum,80,"$8,219.37",No
673477573,2024-06-04,07/20/2026,55,Male,CA,gold,23,2342.35,FALSE
618793921,10/03/2025,03.10.2025,31,FEMALE,United States,Bronze,3,198.1,Yes
137583836,12/20/2022,2025-05-24,37,M,usa,bronze,5,149.25,Yes
979940535,2021/08/27,2026-08-03,28,male,Canada,Gold,34,3730.79,No
578651507,18.01.2024,2026-08-21,55,femail,N/A,silver,-11,790.94,No
599332270,2020-08-11,2026-07-21,54,U,Mexico,Gold,41,2603.44,N
656519130,14.08.2026,,65,Unspecified,United States,brz,0,0.0,Yes
411678616,2024-02-17,2026-08-25,30,F,United States of America,Silver,11,917.11,N
262906789,"April 11, 2021",12.08.2026,26,Female,usa,Gold,12,1528.45,No
501542564,07/01/2025,2026-08-24,29,M,United States,Bronze,1,23.6,NO
126091224,2023-10-19,2026-03-11,,Female,USA,bronze,3,155.16,FALSE
496347360,2025-03-13,2026-08-19,41,male,Canada,silver,13,756.71,no
666407062,2024-12-24,01-Mar-2026,57,F,United States of America,Bronze,8,273.26,Y
854832043,,2026/07/31,64,M,Canada,GLD,14,3477.37,No
944709288,2022-12-24,08/18/2026,38,Male,USA,Silver,26,2050.87,N
600156588,2021-01-25,06/08/2026,29,male,India,Silver,13,1025.59,N
451780445,"December 07, 2022",07/18/2026,45,MALE,India,Silver,25,997.97,No
543605484,2020/12/10,2026-08-24,44, Female,USA,Plat,98,7644.29,No
683708492,2024-08-02,2026-03-01,68,Male,UK,Bronze,NULL,35.98,Yes
524298046,05-Sep-2022,2026-03-20,55,Male,United Kingdom,Gold,22,1696.97,No
614489718,2022-10-03,2026-04-14,54,Male,USA,Silver,25,1907.18 USD,N
686781136,26-Mar-2025,2026-08-09,40,M,AUS,Bronze,5,208.12,No
128140937,2023-04-22,2026-08-17,23,M,Great Britain,Bronze,6,631.13,FALSE
363026520,2023-09-09,2026-07-28,43,M,United States of America,Silver,15,1610.08,No
608495537,2024-04-03,2026-08-25,38,Male ,UK,Bronze,4,371.79,FALSE
429690778,2022-05-01,2026-08-20,58,Female,United States of America,Gold,68,"$3,095.14",N
365498875,2022-09-05,07/26/2026,22,female,USA,GOLD,25,3227.62,N
139305646,2025-04-30,01.03.2026,33,male,Canada,Bronze,4,191.86,Yes
695957250,2026/02/12,02/12/2026,38,Female,Brazil,bronze,2,144.67,Y
704545082,"July 05, 2024",2026-08-06,52,F,DE,gold,21,2147.82,No
138960657,,10.08.2026,51,U,Brazil,Silver,-999,1515.16,No
608182046,2023-08-14,2026-08-09,29,Male,US,Gold,7,1728.38,N
217231536,2025-02-18,,71,,usa,bronze,0,0.0,TRUE
173555367,2023-07-31,"July 24, 2024",32,Male ,,Bronze,2,206.67,yes
394685849,2025-07-16,2025-11-07,39,female,England,Bronze,NULL,263.88,YES
849170233,29-Nov-2023,2026-03-01,38,Female,Canada,Bronze,12,382.03,Yes
393994228,2026-05-27,27.05.2026,31,Female,,Bronze,2,110.1,Yes
106707442,19-Dec-2023,2026-06-13,64,Male,canada,Bronze,15,411.48,No
640617838,2023-04-08,11/14/2025,20,F,US,Bronze,13,526.31,Yes
268819718,2023-06-04,08/10/2026,41,M,U.S.A.,Bronze,3,158.57,NO
747181804,"April 06, 2025",2025-09-27,19,Male,united states,brz,5,283.52,Yes
447066115,05-Feb-2023,2026/06/08,24,U,Deutschland,Bronze,4,318.43,no
118827891,12/22/2025,2026-07-31,60,Female,Great Britain,Bronze,1,53.87,no
587430174,2025-04-26,2026-07-10,46,Other,United States,Bronze,5,$131.07,No
874663014,06.08.2021,2025-10-19,54,M,united states,Bronze,5,-328.23,YES
790137548,2024-01-21,2025-10-25,26,MALE,USA,Silver,21,961.46,YES
200924129,2025/12/18,,61,Female,Can.,Bronze,0,0.0,Yes
197902581,2022-06-16,2025-08-10,45,FEMALE,usa,Silver,10,811.54,Yes
993825337,2023-03-18,2023/10/21,37,FEMALE,AUS,Silver,8,749.51,Yes
784262640,2024-04-26,2026-08-31,26,M,United States of America,Silver,9,1405.21,No
387431269,2024-05-22,08/30/2026,31,Male,United States,silver,5,-665.03,No
185278768,2023-12-05,2026-07-24,52,M,australia,silver,13,1011.2,N
521876962,04-Jun-2025,2026-08-15,-,FEMALE,UK,bronze,4,143.48,No
139918642,2024-01-26,24-Jul-2026,40,Unspecified,USA,NULL,21,655.8,N
382870211,2025-09-11,2026-05-15,55,Female,United States,Bronze,3,154.45,No
919949731,2023-11-16,2026-08-04,36,male,uk,Bronze,5,167.91,No
662933926,03.02.2026,2026/08/06,68,M,usa,brz,2,82.19,no
114336128,2022-12-14,2026-08-17,64,Female,United States,Gold,20,"$1,926.03",0
462357874,09/21/2024,2026-03-01,20,Other,United States,Silver,10,540.19,Yes
650500341,2024-01-15,10-Aug-2026,72,Female,USA,GLD,35,1633.35,No
109405069,07/23/2025,2026-07-01,34,Female,India,slv,6,812.85,NO
734243203,2025-09-02,2026-08-07,50,male,United States of America,Silver,11,691.04,No
288506173,2025-03-09,2026-08-21,37,Female,Canada,Bronze,4,101.4,No
624125632,2024-08-26,2024-08-26,20,Female,CANADA,Bronze,3,436.36,Y
378545717,03/29/2024,23-Dec-2024,48,Male,United States,Bronze,5,148.4,Yes
865801718,20-Jan-2025,2026-06-22,54,N/A,U.S.A.,Silver,3,466.49,No
621118224,2023-10-24,14-Aug-2026,55,Male,USA,BRONZE,3,125.62,No
942877997,2023-06-19,2026-05-23,58,F,United Kingdom,Gold,26,1704.75,N
120036340,2020-12-15,2026-08-25,37,F,Canada,Silver,11,860.98,No
944354329,15-Dec-2020,2026/08/19,56,f,US,Platinum,32,3741.5,No
786105405,2024-01-09,2026/08/14,60,Female,United States,Silver,32,841.91,No
962156812,01/28/2024,08/15/2026,36,MALE,United States of America,brz,14,295.53,NO
290109063,05/07/2021,2026-08-24,52,Male,Mexico,Silver,28,1149.46,0
393659902,09/01/2022,2026-08-19,61,Female,usa,Gold,36,2316.75,No
837617766,29.07.2025,11/10/2025,58,female,UK,BRONZE,4,176.9,Yes
945814896,2024-03-12,2025-10-14,29,Female,united states,Bronze,13,290.92,Y
122147909,2026-03-13,"September 01, 2026",51,M,United States,BRONZE,2,$133.23,N
592901830,10/26/2025,2025-12-07,NULL,Female,United Kingdom,Bronze,-999,35.71,Yes
568111401,2026-01-05,,,Male,australia,silver,6,667.44,No
535040516,2023-02-23,2026-08-01,31,U,Germany,Bronze,6,332.55,NO
564230833,2024-03-09,2026-08-28,58,male,United States of America,Silver,14,766.22,No
424026570,09/12/2025,2026-08-16,24,Male,United Kingdom,  bronze ,6,274.45,N
639760894,14-Jun-2025,2026-08-16,42,Female,united states,silver,7,681.36,No
801561218,2024-04-08,08/03/2026,59,Male ,australia,Bronze,6,188.83,0
685744866,2022-03-24,08/22/2026,36,Female,CANADA,silver,17,1358.71,NO
614982045,2022-10-21,2026-09-01,53,female,Canada,Silver,35,1361.79,No
773024264,2025-07-27,2026/07/28,84,Female,US,Silver,5,,NO
801380260,2026-05-05,05/05/2026,39,male,Canada,Bronze,1,$49.91,Yes
828541087,04-Jun-2024,28-Jul-2026,36,Female,India,Silver,10,590.71,N
844751671,2024-11-13,13-Nov-2024,34,Male,USA,Bronze,3,112.02,Y
950946924,2023/07/09,2026-02-08,22,Male,US,Bronze,4,109.57,Yes
324680759,27-Mar-2023,2026-06-18,33,MALE,Canada,Bronze,3,155.19,N
720084831,07.11.2025,"March 01, 2026",46,Female,USA,Bronze,2,124.89,Y
664355388,2022-12-31,08/18/2026,44,Male,CANADA,platinum,87,4489.06,NO
815419349,2023-08-29,"July 06, 2026",89,Male,brazil,GOLD,26,,NO
997296092,07/25/2024,"June 12, 2025",60,m,United Kingdom,bronze,2,171.43,Yes
550731585,02/14/2024,,64,Female,USA,slv,15,735.46,No
808312585,13-Jul-2021,2026-09-01,55,Female,USA,Silver,21,946.48 USD,No
116404298,2023-05-17,2024-12-01,48,Male,USA,brz,4,272.82,YES
872320453,2023-06-12,,49,F,India,Bronze,3,88.31,Yes
887482638,23-Feb-2025,2026-08-09,52,m,DE,silver,10,657.15,No
668412176,2022-12-31,05.08.2026,65,m,United Kingdom,  Bronze ,8,283.51,No
547230572,2023-04-19,2026/03/16,37,Female,United States,Silver,49,1102.79,No
865883278,2023-10-16,17-Aug-2026,43,F,Great Britain,Bronze,3,145.33,No
322304444,2021-10-05,15-Aug-2026,29,F,United States,Bronze,4,349.68,N
774718426,2025-02-01,,50,Female,USA,BRONZE,0,-359.44,Y
556500099,09/06/2022,07/27/2026,52,Male,Germany,Bronze,5,226.34,No
232693580,2023/02/23,,63,MALE,England,bronze,0,0.0,Yes
882617684,19-Jan-2021,06/25/2026,51,female,Canada,Silver,15,579.89,No
995877305,2024-06-08,2026-08-16,79,Male,uk,Silver,9,1489.23,no
867308609,2023-06-28,2025-11-03,50,m,Can.,silver,15,676.42,yes
612241429,2025/01/19,2026-07-19,67,Female,usa,Gold,29,2264.85,NO
590616246,"May 27, 2023",11-Aug-2026,38,Male,Germany,Gold,26,1725.76,FALSE
524897434,04/21/2026,,25,Female,US,Bronze,0,0.0,1
848486542,03/20/2022,2026-07-29,26,Female,U.S.A.,BRONZE,4,221.74,FALSE
239834389,2024-09-02,07/24/2026,53,Male,U.K.,Bronze,5,$313.10,N
552932519,"July 31, 2023","May 20, 2026",39,FEMALE,United States,Bronze,3,86.82,No
772843842,03/05/2023,25-Apr-2026,72,M,,Bronze,16,490.48,N
284425426,2025/06/09,01-Aug-2026,39,Female,United States,Bronze,3,111.23,0
354721891,2023-04-25,16.08.2026,63,M,Mexico,Bronze,7,177.48,No
437927621,2023/09/14,"June 07, 2026",31,F,United States,Silver,10,616.82,No
241576394,2024-03-06,2026-08-19,29,Female,United States of America,Silver,15,546.7,No
531340216,2025-05-24,23-Aug-2026,52,Female,U.S.A.,Bronze,6,380.78,no
311263732,"September 27, 2023",25-Aug-2026,74,Male,Canada,Silver,25,839.58,No
502716146,10-Sep-2019,13.08.2026,NULL,,Canada,PLATINUM,17,3753.13,0
823018664,02/21/2020,2026/07/26,25,Male,United States,Gold,19,2613.61,N
470675804,2025-11-27,11-Jun-2026,35,Female,United States,silver,,1253.9,No
847718843,2025-03-12,06/14/2026,42,M,canada,Bronze,2,276.14,No
848313386,"December 06, 2024",2025-12-25,37,FEMALE,Canada,Bronze,1,95.64,Yes
117054792,2021-12-17,18-Jul-2026,81,Female,United States of America,brz,12,474.15,no
879027365,03-May-2024,05-Jul-2026,32,unspecified,United States,  Bronze ,10,598.79,N
125192102,2024-04-04,01-Mar-2026,56,F,united states,Bronze,10,,Y
315022547,20-Sep-2023,2026-06-19,47,FEMALE,Mexico,Silver,11,$641.02,N
363719888,2025-08-17,2026-07-17,28,male,Mexico,bronze,2,48.98,No
667348610,03/16/2024,2024/12/04,60,,USA,Bronze,4,274.33,Yes
625267335,"August 09, 2021",,69,Male ,US,Bronze,4,217.03,0
322379939,16.08.2023,,63,Male,USA,Bronze,2,65.59,Yes
891404944,2026-02-19,,34,m,UK,BRONZE,0,0.0,Yes
946893433,"July 07, 2020",07/02/2026,56,Female,Canada,Gold,-56,3411.31,No
490729784,2024-07-26,,51,female,usa,Bronze,0,$0.00,Y
718048492,2026-03-16,2026-03-16,58,Male,USA,BRONZE,1,46.67,Y
664511212,03/06/2023,08/05/2026,52,Female,United States,Silver,16,1932.64,no
132298506,10-Mar-2023,08/28/2026,26,Female,United States,bronze,3,$289.22,FALSE
349361014,2024-04-28,2026-07-27,43,O,United States,Bronze,4,244.09,N
688397452,10/19/2024,,68,Female,USA,Bronze,3,279.94,Y
321491871,2022/06/14,2023-11-27,32,Unspecified,usa,Bronze,7,516.61,Yes
370811460,2024-05-24,,22,Male,USA,BRONZE,2,115.68,Yes
756967185,20-May-2021,"July 24, 2026",29,F,United States,silver,10,863.68 USD,No
617601738,2023-01-05,0000-00-00,76,M,United States,Bronze,8,$163.77,No
493655099,04-Oct-2022,2026-08-18,24,Male,India,slv,20,1423.13,No
588280083,2022-11-17,03/01/2026,44,Male,Canada,  Bronze ,11,441.15,Yes
451978639,2025-10-16,,67,Male,United Kingdom,Bronze,,0.0,1
888348953,2023-01-07,2026-03-01,34,Male,United States,Bronze,none,55.1,1
816009465,2024-11-20,2026/08/20,26,F,,Bronze,7,325.06,0
807571682,"May 06, 2023",20-Aug-2026,35,Male ,US,Silver,12,1256.57,NO
850200378,04-Jun-2024,2024-12-13,50, Female,united states,brz,5,169.44,Yes
523674268,2022-04-18,2026-08-12,45,Male,United States of America,Silver,17,799.73,N
193274307,10/19/2024,,?,male,United States,N/A,0,0.00 USD,Y
345412793,2024-11-08,08-Nov-2025,51,FEMALE,USA,Bronze,9,349.08,Yes
636826279,16.10.2020,2026-08-22,27,femail,USA,brz,12,481.03,No
527136091,2023-08-12,2026-08-23,50,f,Brazil,NULL,11,166.93,N
219671122,2021-11-15,2026/07/09,38,Male,CANADA,Gold,24,3043.56,No
208271368,10/30/2022,2026-08-12,45, Female,india,Bronze,4,$86.71,0
963767473,2021-05-09,2026-09-05,41,,usa,Silver,27,1073.09,No
745985036,2025-10-21,2026-08-16,43,Female,,Silver,4,588.56,No
272508798,10/20/2022,2026-07-22,34,Male,DE,Bronze,12,334.31,No
373516555,2023-11-14,08/18/2026,37,Male,USA,Bronze,4,403.13,No
364791496,2022/11/25,07/05/2026,48,FEMALE,Brazil,Silver,11,898.47,No
890543155,2024-02-22,08/30/2026,35,Other,England,silver,31,1588.76,no
284220798,2023-10-20,2026-08-09,36,prefer not to say,United States,Bronze,13,340.37,
780256463,02/24/2024,2026-07-12,57,Female,United Kingdom,slv,16,684.0,No
870435299,2022-04-01,04-Sep-2026,32,M,India,Platinum,106,16419.36,FALSE
767387321,17-Oct-2025,2026-05-19,59,N/A,Canada,Bronze,5,99.99,no
347167310,04-Dec-2025,2026-07-29,64,Female,United States,SILVER,12,478.59 USD,No
133961950,2026-05-26,05/26/2026,24,female,Canada,BRONZE,1,118.87,1
879865723,22-Jul-2022,2026-03-26,36,male,united states,Silver,15,742.22,No
968598059,02.06.2022,2025-01-29,49,F,USA,Bronze,6,$299.48,Yes
172469786,2025-03-01,10-Jul-2026,44,M,India,Silver,13,930.85,0
894633970,2025-11-07,2026-08-17,51,female,Australia,Bronze,3,220.55,no
706219645,"May 24, 2022",30-Aug-2026,56,O,United States,Silver,11,617.23,N
127743123,2021-02-21,2026-05-25,76,Female,United States,Silver,29,1315.78,N
199591063,2024-12-25,18-Aug-2026,33,Male,United States,Silver,14,750.03,No
273676774,11/03/2024,2026-08-23,43,Other,Mexico,Bronze,6,220.22,No
691559398,09/26/2020,16.08.2026,49,F,Canada,Gold,12,1478.13,No
918679423,2024-07-27,2026-08-13,57,Male,United States,Gold,32,2263.12,0
876174756,2024-05-20,2026-08-07,28,MALE,United States,Bronze,7,121.69,N
450608969,2021-10-06,05/29/2026,56,M,United States,silver,32,605.93 USD,0
979394574,2025-10-03,2026-08-31,71,N/A,United States,Bronze,1,35.87,FALSE
474161413,07-Dec-2021,13-Aug-2026,70,Female,Canada,Silver,31,1450.05,no
909324127,03/29/2024,01/15/2026,52,FEMALE,AUS,bronze,4,-,Yes
241325458,03/16/2024,,33,Female,U.S.A.,Bronze,9,625.83,No
243654770,2024-10-19,08/10/2026,33,m,Germany,BRONZE,4,211.55,no
590151223,2020-10-19,2025-05-25,49,m,Germany,Bronze,8,385.58,Y
473049349,2022-10-15,2026/08/14,68,MALE,UK,silver,12,-910.41,No
984816239,2022/09/01,"August 26, 2026",46,Male ,CA,silver,33,1368.4,No
795523483,11/03/2022,09.08.2026,45,Male,United States,bronze,4,62.95,No
126309950,2026-07-13,2026-08-12,44,male,Canada,Bronze,3,81.49,no
777581725,"November 13, 2022",2026/06/10,43,Female,australia,Gold,44,-3440.03,No
150742555,"August 01, 2020",2026/08/02,32,N/A,Canada,PLATINUM,23,5959.27,FALSE
212587659,2026/04/01,2026-04-01,38,prefer not to say,U.S.A.,Bronze,1,20.52,Yes
554528500,04-Dec-2025,23.07.2026,56,f,US,Bronze,3,61.72,0
623804404,2021-09-10,2026-08-30,51,Female,U.S.A.,Platinum,60,7204.76,No
311378985,2024-10-24,2026-08-08,unknown,Female,U.S.A.,Bronze,6,137.63,No
812635419,2022-08-02,15-Jan-2025,52,Female,US,Bronze,5,87.58,TRUE
942952325,2022-08-23,2026-06-21,44,MALE,UK,Gold,45,2159.57,No
450103655,2021-03-15,03/28/2026,39,Male,USA,GOLD,42,2603.08,No
394168943,01/01/2023,17-Jun-2026,,F,BR,Silver,19,1406.35,No
555301070,10/27/2024,2026-07-12,61,female,Canada,Bronze,6,$284.15,FALSE
663911115,2021-09-28,2026-08-28,48,,DE,bronze,5,99.37,0
570790582,2022-01-31,2026-08-14,64,Male,US,Silver,12,1423.71,N
359422458,2023-09-09,2026-07-07,21,male,USA,bronze,5,199.63,N
231805271,2023-07-03,2026-07-19,29,Male ,Canada,SILVER,12,795.04,0
555208240,"November 16, 2022",2026/04/30,36,MALE,United States,Bronze,20,305.64,0
540197305,17.05.2021,22-Aug-2026,75,F,USA,Silver,10,$552.25,0
947146122,2024-07-18,2026-07-14,34,Male,US,Silver,13,1263.97,No
447318924,,21.05.2026,62,Female,CA,Silver,23,1141.69,No
458860894,02/13/2021,2026/07/13,58,Female,Germany,Silver,20,1662.94,No
714241828,2022/04/13,2026-08-17,51,Male,United States,Bronze,4,138.21,No
201603052,11.02.2026,,33,male,United Kingdom,Bronze,0,0.0,Y
688800364,2023-06-17,2026-09-02,61,Male,United States,Silver,16,749.77 USD,No
630680961,2020/07/28,2026-07-11,38,Female,Canada,Gold,45,4558.59,No
697639536,2022-01-25,07/12/2026,31,Female,Australia,Bronze,19,358.3,No
831793371,2024-08-26,2026-08-29,24,Male,Canada,Gold,10,1855.44,No
207296882,2023-01-16,"February 04, 2025",19,Male,United Kingdom,Silver,22,,Yes
489733773,2023/02/17,2024-11-14,36,Female,United Kingdom,Silver,10,791.96,Y
997967315,01/19/2024,2026-09-02,59,Male,Can.,Silver,18,1021.89,No
980932487,2022-03-20,2026-07-15,40,female,United States,bronze,11,271.55,No
330303271,2020-10-11,03/16/2026,27,m,United States,Bronze,18,595.36,N
524278352,08/28/2024,2026-09-07,55,M,United States,Silver,7,1046.41,No
259031418,,07/14/2026,-,Female,United States,Platinum,56,4275.15,No
194579696,09-Aug-2025,2025-09-05,39,,United States,Bronze,6,326.28,Yes
137201491,04.02.2024,2025/07/03,40,Male,United States,bronze,1,36.87,Yes
783728398,2023-05-22,"July 13, 2026",20,femail,United States of America,Gold,27,1733.78,No
526876120,25-Mar-2025,07.05.2026,53,M,CA,Bronze,3,304.14,FALSE
381577703,02/28/2022,2025-03-07,35,FEMALE,USA,Bronze,2,242.39,Yes
766382866,,09.07.2026,66,Female,United States,Silver,20,982.75,No
827691724,09-Jul-2023,03-Jun-2026,58,FEMALE,United States,Bronze,4,98.49,No
774808204,2025-06-30,02.08.2026,37,female,Canada,Bronze,4,314.68,No
825855608,2024-06-28,,68,F,india,bronze,0,0.0,Y
767081860,2023-01-22,"August 20, 2026",35,Female,US,Gold,37,1703.74,No
326603543,14-Sep-2022,2025-04-15,49,female,MX,bronze,6,292.69,Y
683066343,2024-03-11,2026-07-26,64,male,US,Bronze,1,20.21,NO
239382404,2022-03-19,2026-07-18,42,Male,Canada,Gold,11,1429.22,No
816646814,2024/02/13,09/01/2026,32,Female,USA,Bronze,6,279.36,no
957067806,2020-09-26,2026-07-07,43,F,USA,Gold,19,2688.49,no
683539576,2025-09-19,,35,prefer not to say,Deutschland,Bronze,0,0.0,Yes
209424358,2021-08-09,27.08.2025,42,F,United States of America,Bronze,2,88.03,1
222015184,2023-12-12,2026-08-17,62,female,USA,Silver,17,573.34,No
928565220,2024-12-02,2026-03-01,34,Male,United States,Bronze,4,241.62,Yes
451983137,11/28/2022,2026-08-25,27,Male,Brazil,Silver,9,710.25,NO
554817684,2023-03-08,2026-08-14,44,MALE,australia,Silver,61,1351.13,No
222456807,10/05/2024,08/17/2026,67,Male,United Kingdom,Bronze,21,398.71,No
578488401,02/10/2025,2026-07-10,42,female,USA,BRONZE,7,-339.64,No
125867589,07/23/2024,06/29/2025,47,non-binary,United States,BRONZE,5,93.72,yes
162453533,2020-10-09,2026-08-25,32,Male,India,platinum,65,4625.61,N
226282355,2022-02-20,24.08.2026,40,Male ,Canada,Platinum,45,5004.92,0
887802442,02/11/2025,,83,F,United States,Bronze,0,-354.04,Yes
736476843,2024-07-06,2025-06-28,61,Male,Australia,Bronze,10,$511.34,Yes
368283285,04/01/2024,23-Jul-2026,?,Female,USA,Bronze,4,199.14,No
170376508,11/28/2020,2026-08-17,60,Male,USA,Silver,27,1486.34,No
632346306,2021-11-07,2026-04-30,69,female,Canada,Silver,46,1963.32,No
129309455,2024-04-16,2026-08-01,43,M,USA,SILVER,33,1305.76,FALSE
839812123,2025-01-01,2026-08-01,57,Female,United States,BRONZE,5,481.68,No
889888699,06/06/2024,06/17/2026,49,Male,USA,Bronze,8,-,0
620725303,2024-03-13,2026-07-27,37,Male,USA,bronze,7,143.98,N
147378082,2021-03-03,2026-04-29,39,female,India,silver,11,463.83,No
112437210,"May 14, 2023",16.06.2026,29,M,usa,GOLD,32,"$1,798.79",NO
462347804,24-Jan-2026,"July 29, 2026",47,Female,India,Bronze,5,318.85,NO
423207324,2022/05/27,2026-08-17,29,prefer not to say,Canada,bronze,9,312.33,No
877300091,2026-03-24,03/24/2026,25,Male,brazil,Bronze,4,225.23,Yes
864500907,11/07/2021,2026-08-03,40, Female,US,Silver,5,776.04,no
710204019,2025-07-16,,,female,United States,Bronze,0,-40.95,Yes
339732472,2024-02-24,2026-08-23,30,F,Australia,Bronze,5,151.93,No
564694430,"May 10, 2024",31-Aug-2026,28,F,Canada,silver,20,1124.98,No
629106820,2025-07-11,,53, Female,Canada,Gold,20,2222.73,no
384958378,2023-07-29,2026-03-01,47,male,Germany,Bronze,5,254.11,Y
218940521,2025-02-11,2026-08-07,37,Female,United States of America,Bronze,5,327.41,No
233812087,08-Jul-2021,2026-08-01,37,Female,United States,Gold,,2841.49,FALSE
989115369,2024-09-04,2026/08/29,43,Male,UK,Silver,10,$565.17,No
177264130,2024-09-19,2026/08/13,39,F,brazil,bronze,-1,75.73,N
666614650,,01.03.2026,31,Female,USA,SILVER,9,621.05,Yes
680767367,2023-03-06,2025-09-08,31,Male,United Kingdom,Bronze,12,319.01,Yes
984505134,02/11/2024,01-Mar-2026,43,prefer not to say,germany,Bronze,10,420.88 USD,Yes
440478916,04/25/2023,2026-08-01,37,Male,United States,Bronze,5,190.26,FALSE
703394436,2021-04-21,2026-07-05,42,Male,USA,Silver,28,852.45,FALSE
559815470,2021-04-28,03.07.2026,58,Male,United States,Gold,86,3169.74,No
102777615,2024-06-24,2026-08-26,23,femail,United Kingdom,Bronze,5,130.02,No
160103781,12/15/2022,,52,Male,United States,,7,270.15,1
395717835,31.12.2025,,35,,Canada,  brz ,0,0.0,Yes
555228338,07.01.2023,,41,M,usa,brz,4,151.59,YES
298461015,2022-04-20,2026-08-30,29,N/A,usa,Bronze,6,260.91,No
526038833,2024-06-29,,-,MALE,Brazil,Bronze,0,0.0,Yes
582783977,2020-10-17,2026-05-09,72,Male,united states,gold,38,1917.88,no
987451997,"August 20, 2022",2026-08-27,33,Female,uk,Platinum,55,4920.76,N
373032221,2020-09-12,2025-06-29,57,male,US,bronze,12,415.02,Yes
215200798,2021-12-25,2026-08-27,43,F,Germany,Silver,33,757.44,No
147300404,06.12.2025,,44,male,United Kingdom,Bronze,0,0.0,YES
139792203,17-Apr-2024,,45,N/A,Canada,Bronze,11,522.6,1
730440171,2024-04-08,2026-07-21,39,F,United States,Gold,21,2492.89,No
985227172,09/03/2022,07-Jul-2026,70,Female,United Kingdom,Silver,9,761.03,No
856698673,12/01/2022,21.08.2026,41,M,United Kingdom,Silver,24,668.97,No
165321084,04/21/2024,2026-07-11,60,Female,Australia,Bronze,5,195.97,0
411395053,2023-12-22,08/25/2026,50,Male,Australia,slv,12,,No
555131918,2024-07-14,2026-05-26,59,U,Germany,,12,1247.33,NO
245691867,"August 27, 2022",,51,m,US,Bronze,-999,0.0,YES
782933554,"January 15, 2024",2026-08-23,51,femail,Germany,bronze,8,409.14,no
778135869,02/03/2022,2026-07-01,70,Female,Australia,platinum,53,6095.96,0
750272824,2024-09-23,2026-03-01,23,Female,Great Britain,bronze,2,48.9,Y
273095408,2021-03-23,2026-08-25,36,male,United States,  Silver ,20,1338.39,No
530750704,2022-12-17,2026-08-30,42,Other,India,Bronze,6,351.76,No
739923461,29.06.2023,30.07.2026,21,female,India,Bronze,7,468.92,
851730027,2023-02-25,07/18/2026,31,Female,USA,Silver,11,1162.08,No
766761206,2025-05-04,"January 06, 2026",34,female,Germany,bronze,7,565.0,Y
423339822,17.02.2024,12-Aug-2026,66,male,USA,Silver,7,588.3,FALSE
625126450,2026/06/18,06/18/2026,18,Female,United States,brz,1,83.55,Y
320030553,2026-04-25,,30,m,United States,Bronze,0,0.0,Yes
594046974,2020-12-04,22-Aug-2026,,M,United States,Silver,26,1512.46 USD,0
973024295,08/12/2021,02-Sep-2026,43,Female,australia,,30,3958.0,N
340678715,05/23/2025,01.03.2026,21,female,,Silver,8,998.91,Yes
184447471,05/21/2024,2026/07/28,41,f,United States,Bronze,6,$499.58,0
381622907,26.02.2025,2026-05-23,NULL,Male,United States of America,BRONZE,4,NULL,0
700386458,2023-05-07,05-Aug-2026,45,Female,Canada,Bronze,5,322.6,no
965586798,02/05/2023,2025-07-29,39,male,Canada,Bronze,3,$105.10,TRUE
842178585,2025-04-05,03.05.2026,71,Female,usa,Bronze,6,347.78,No
265411980,18.04.2025,2026/07/23,55,Male,England,BRONZE,14,222.88,No
258827766,2022-11-26,2026-08-05,53,other,brazil,Bronze,10,340.58,No
451981771,2024-05-19,20-Feb-2026,49,Female,Deutschland,Bronze,2,98.66,Yes
153571764,15.07.2025,08-Aug-2026,35,Male,US,silver,8,976.04,No
803158962,03/16/2025,2026-09-04,46,prefer not to say,United States,  bronze ,6,173.69,FALSE
157477928,2022-03-10,08/16/2026,69,Male,Great Britain,Bronze,6,287.59,N
896608347,2020-02-05,2026-04-27,49,FEMALE,Australia,brz,9,385.23,No
217729392,2024-05-07,08/29/2026,50,Female,brazil,Silver,13,,FALSE
680046055,10-May-2026,2026-05-10,33,Female,India,Bronze,1,19.1,Yes
115264586,2026-07-19,,67,F,usa,Bronze,0,0.0,Yes
383160553,2024-07-18,09.07.2026,37,male,unknown,Bronze,8,108.13,No
153684190,2019/11/09,07/21/2026,53,M,USA,SILVER,16,509.66,No
240147682,12/05/2021,2026-08-24,51,female,U.S.A.,Silver,29,991.7,No
847905140,2024-08-08,2025-07-10,82,Male,United States,Bronze,3,92.95,yes
798990467,"February 19, 2023",2026-03-16,45,Female,USA,Silver,45,1681.86,No
955704652,04/21/2024,09/04/2026,49,Female,United States of America,silver,13,702.88,NO
101816421,05-Apr-2022,"August 16, 2026",45,Male,,Bronze,5,$218.34,no
158345115,2022-08-06,01-Mar-2026,37,M,USA,Bronze,3,103.39,YES
396875388,10/14/2023,2026-08-18,49,Female,United States,silver,14,$661.71,N
386022802,11.12.2020,2026-08-24,63,MALE,Canada,Bronze,3,382.95,No
603071474,2024-03-31,2026-07-13,44,Female,Mexico,bronze,6,294.3,No
102689759,2025-10-31,03/11/2026,62,Male,United States,Bronze,9,335.09,No
870390870,31.07.2024,2026-08-10,38,Female,USA,Bronze,3,162.83,No
819940075,14-Apr-2024,07/05/2026,51,f,United Kingdom,Silver,9,,No
680190469,2023-09-05,,53,MALE,Australia,Bronze,1,47.31 USD,Yes
387771301,2025-10-08,,50,Female,USA,Bronze,0,0.0,1
106626445,02/01/2023,2026-08-25,48,U,USA,Gold,14,2428.48,No
510014444,2020-08-10,2026-08-26,66,MALE,United States,Silver,10,796.63 USD,No
629601639,2026-03-25,03/25/2026,22,male,England,unassigned,1,78.71,Yes
548788064,2026-01-11,,65,Female,Canada,Bronze,0,0.0,yes
318661997,2023-02-28,,42,M,US,Bronze,0,0.0,Y
473985687,2023/09/06,14-Jul-2026,50,Male,AU,BRONZE,7,389.21,No
520709450,2021-09-21,22-Jul-2026,77,Male,IN,Bronze,17,288.3,No
902260173,2023-04-12,2026-08-02,30,Male ,United Kingdom,SILVER,36,1125.32,N
667171115,08/03/2022,2026-08-03,43,f,United Kingdom,Gold,67,3225.98,No
476764465,04/26/2026,2026-04-26,69,Female,United Kingdom,Bronze,1,54.59,Y
267957409,18.07.2021,2026-07-12,65,F,United States,unassigned,60,3163.27,no
608059929,10/16/2020,"August 26, 2026",38,MALE,United States of America,gold,45,3228.55,FALSE
479953707,2020-12-04,"June 18, 2026",29,Male,usa,Platinum,43,4976.9,No
984300705,2021-12-26,07/04/2026,33,MALE,,Bronze,6,248.95,N
160003558,2024-02-27,"October 06, 2025",20,female,United States,Bronze,5,$257.75,1
782330638,2025-11-01,2026-08-11,60,M,US,bronze,3,88.63,FALSE
398458280,08.08.2024,2026-08-11,45,Unspecified,United Kingdom,Bronze,5,298.23,N
454697978,2026-08-22,,36,M,United States,Bronze,0,0.0,Y
753098528,2025-04-23,08/25/2026,65,unspecified,USA,Bronze,2,$93.97,N
358968128,02-Dec-2021,2026-07-11,44,Female,United States,Gold,42,"$1,728.25",No
895905261,2024-06-03,2026-07-15,20,Unspecified,United States,BRONZE,2,86.67,No
993561273,2024-01-08,2026-06-05,32,female,United States,Silver,16,898.3,N
547718469,2025-08-28,2026-07-21,20,female,Deutschland,Bronze,6,570.03,No
814893414,2021-03-16,2026-08-15,42,F,AU,Gold,95,3597.54 USD,No
138824272,03/28/2023,2026-07-19,61,Male,India,silver,21,694.0,No
689027795,02/12/2026,2026-02-12,42,Female,United States,bronze,2,52.87,TRUE
905569679,2025-05-07,07/18/2026,91,Male,MX,Silver,7,623.84,No
921779296,09/07/2023,08/07/2026,27,Male,united states,Platinum,39,5661.97,NO
968321661,10/28/2023,01.09.2026,50,MALE,United Kingdom,Silver,21,1043.33,no
567298426,08/27/2021,2026-08-14,53,F,germany,Gold,32,4501.38,NO
298859934,2023-02-26,,33,female,United States,bronze,6,349.52,no
412681606,2021-06-25,2026-08-24,35,Female,England,Gold,43,2561.82,No
357903843,"March 08, 2026",2026-03-08,69,Female,Canada,Bronze,1,134.24,YES
172644705,2026-01-31,,47,F,US,Bronze,0,0.0,Yes
445216396,15-Feb-2024,2026-06-09,,Male,US,silver,17,,FALSE
381302423,2025-10-11,,58,Male,Canada,BRONZE,7,173.63,No
171525432,07/15/2024,2026-06-02,51,femail,Canada,Bronze,11,336.39,no
432081342,25.03.2026,2026-03-25,71,Male,Canada,BRONZE,1,68.15 USD,Yes
221747529,2023-08-04,2026-06-24,32,Male,UK,Silver,28,"$1,094.38",No
632966257,2022-06-06,2026-03-01,48,F,United States,Bronze,1,55.84,1
877861621,08/05/2025,2026-07-15,52,Female,IN,Bronze,,340.04,FALSE
495611680,2024-08-02,2026-06-21,39,Female,US,Bronze,6,250.51,No
823190448,2021-11-17,28-Jun-2026,51,F,India,Silver,10,847.9,No
922480316,2022-11-28,2026-08-22,43,F,United Kingdom,Bronze,9,366.63,0
189151828,17-May-2022,2026-07-18,38,M,USA,Silver,73,1500.41,no
745346714,09/18/2022,2026-08-21,34,Female,usa,Gold,46,N/A,No
986458129,06/05/2025,2026-08-04,46,Female,CANADA,Silver,14,747.38,no
984898333,31-Mar-2022,2026-07-25,42,,India,Gold,19,"$3,088.40",No
664298656,04/16/2023,"June 13, 2026",68,male,usa,Bronze,12,308.83,No
593689097,10-Feb-2024,2026/09/03,62,Male,CA,SILVER,21,2002.49,
941213639,16-Nov-2021,02-Jul-2026,64,Female,Brazil,Gold,45,3524.21,N
577424580,05/20/2026,,42,male,USA,Bronze,0,0.0,Y
396971573,2020-09-24,2026-08-10,47,Female,australia,Silver,11,786.25,no
220799487,15.12.2023,12/20/2025,33,m,USA,BRONZE,2,143.33,1
516951218,2025-01-17,"August 19, 2026",38,male,usa,Bronze,2,$109.87,No
294449858,2025-09-19,,50,Male,U.S.A.,Bronze,0,0.0,Yes
878838969,17-Sep-2025,"January 03, 2026",30,Male,United States,Bronze,2,99.64,TRUE
364475756,05/25/2025,2025-10-27,39,male,Mexico,BRONZE,3,105.47,YES
322510655,2022/11/10,08/31/2026,76,other,Deutschland,SILVER,20,"$1,378.09",No
144239907,2023-06-01,2026-09-03,23,Female,DE,Gold,8,2081.93,No
648119196,2025-06-11,2026-08-22,33,N/A,Can.,Bronze,4,210.2,FALSE
134904163,2022-02-28,2026-08-12,61,Male,United States,Silver,14,908.17,no
337563466,2024-07-16,2026-07-13,32,M,usa,Bronze,4,223.0,No
953228842,2024/11/14,"August 02, 2026",52,f,Canada,Bronze,5,414.48,0
135408203,2025/04/14,2026-07-08,74,Male,India,Silver,7,486.8,N
785873886,2021-04-14,2026-07-15,33,f,BR,Bronze,11,460.11,No
560238623,"February 23, 2022",2026-08-06,45,Male,USA,Silver,31,1566.72,N
458962640,17.10.2023,2026-03-01,52,female,CA,Bronze,1,96.65,Y
290132603,2022-02-07,2026-03-12,83,M,US,brz,12,267.37,No
322657715,2022-08-10,2024/10/26,51,Male,US,Bronze,7,190.7,Y
779635091,2022-06-16,"May 10, 2026",59,MALE,IN,Platinum,44,6035.23,No
957938257,2023-11-14,05-Aug-2026,26,Female,United States,platinum,55,5596.88,N
683517484,09.07.2026,2026-07-09,63,FEMALE,United Kingdom,Bronze,6,415.98,TRUE
295844132,2024-06-07,07/23/2026,37,Male,Deutschland,Bronze,21,418.63,NO
541103968,2021-12-06,2026-08-27,41,m,Germany,silver,31,1563.23,No
932439304,2022-12-15,2026-08-09,24,Male,United States,slv,13,1278.84,N
166806073,05-Nov-2024,2025-04-03,71,female,USA,Bronze,10,254.2,yes
966990790,2024-01-23,2026-08-23,47,Female,Brasil,Bronze,5,124.25,No
123476969,2025-09-03,07/31/2026,31,O,usa,bronze,5,250.72,No
976902382,2023-01-27,2026-06-05,46,F,United States,Silver,6,675.42,No
994896036,2023-12-17,2026-08-24,54,MALE,Canada,Silver,8,N/A,0
354589482,10-Sep-2025,,24,Female,United Kingdom,BRONZE,0,0.0,Yes
743574387,2025-05-04,,31,Female,India,SILVER,32,1247.74,N
856994305,09-Jul-2024,2026-07-26,19,M,Australia,Silver,17,1131.11,No
306326476,2022-09-05,2026-09-01,51,Female,Canada,slv,34,1037.18 USD,NO
694633302,"October 21, 2024",2026-08-31,30,F,Germany,Gold,-23,"$4,544.34",N
985028374,03/27/2024,2026-04-18,54,Female,US,Bronze,6,223.89,No
502078987,2021-11-26,2026-05-19,29,Female,Australia,Gold,27,2113.88,No
290250241,2024-08-08,2026-01-14,25,Female,United States of America,bronze,4,191.35,Yes
343322505,2024/09/20,2026-08-18,40,unspecified,US,Silver,24,1767.14,N
394039380,"April 20, 2020",2026-08-13,64,F,United States,Gold,31,2192.6,No
372185124,2021-12-24,2026-05-06,46,male,CA,Silver,20,824.8,No
503231420,03/26/2024,2025/11/08,50,Male ,Brazil,unassigned,3,98.44,Y
465436275,"December 27, 2022",2026-08-27,28,MALE,United States of America,Silver,35,"$1,081.15",No
318861899,2025-02-12,2026-08-11,40,Other,Brazil,Bronze,5,303.62,No
355054942,2023-05-13,2026-09-01,36,female,CA,silver,22,816.69,No
316674282,01/09/2025,,54,Male,AU,Bronze,0,0.0,TRUE
137465005,2022-04-05,08/11/2026,53,Female,U.S.A.,Silver,26,1950.07,No
934979891,2025-05-05,2026-03-01,31,Male ,USA,brz,3,207.69,Yes
640781736,2021-06-09,"August 28, 2026",46,Other,IN,SILVER,16,704.51,No
645000088,08-Nov-2022,2026-07-26,55,Female,India,Gold,41,2130.29,No
175728994,10/09/2024,04/28/2026,49,M,Canada,Bronze,12,501.82,No
695348424,2024-03-08,2026-08-09,45,Female,USA,Silver,28,1295.08,N
161594163,22-Jun-2022,17-Jun-2025,46,femail,United Kingdom,Bronze,5,227.56,Yes
857013822,2025-01-17,08/18/2026,61,Female,Canada,Bronze,2,$111.18,No
221623578,"April 01, 2024",2026-07-22,76,Female,United States,Silver,13,1351.97,0
377597462,2021-10-28,not available,34,M,United States,Bronze,3,106.37,Yes
532314134,2020-08-31,02-Jun-2026,75,MALE,IN,bronze,19,326.52,no
902194754,2023-02-28,2026-06-29,42,f,UK,Silver,38,1410.64,
414868881,"August 10, 2024",2026-06-03,29,Female,México,Gold,16,2467.39,0
390102234,01-Oct-2025,"October 01, 2025",67,Male,usa,  Bronze ,3,132.36,yes
362430020,2024-10-11,2026-08-09,50,MALE,U.K.,Silver,20,1822.04,No
184011427,"December 25, 2024","July 08, 2026",35,Male,,Gold,36,2507.46,NO
212150636,18-Dec-2022,09.06.2026,47,F,India,Gold,41,3344.58,No
209034649,2024-05-12,2025-06-10,40,Male,United States of America,  Bronze ,3,$197.05,1
224460382,09/05/2022,07/21/2026,44,Unspecified,United States,Silver,28,1763.83,No
291604403,2022-06-05,07/08/2026,68,Male,United States,Bronze,12,$449.51,No
270539254,2023-01-02,2025-03-01,45,N/A,Canada,bronze,1,98.9,
287354213,2025-08-31,2025-08-31,51,prefer not to say,Mexico,Bronze,3,225.77,Y
880175199,2026-01-21,,25,Unspecified,India,Bronze,0,0.0,TRUE
511927379,02-Feb-2021,2026-07-31,44,Male,United States,Bronze,6,247.91,No
292705458,04.02.2023,2026-08-26,39,Male,United States,Bronze,8,210.71,No
827711332,2024-04-30,2026-08-19,24,Female,United Kingdom,SILVER,24,1318.66,FALSE
618307295,2025-09-08,,58,,Mexico,Bronze,0,0.0,Yes
833466255,2022-12-09,,48,male,Canada,Bronze,3,261.59,No
100705999,07-Mar-2023,2026-08-04,34,F,USA,silver,12,1372.83,N
711411771,2019-10-06,2026-08-12,33,Female,USA,SILVER,48,1369.74,no
897248074,2022/07/14,2026-08-15,67,male,United States,Silver,28,1790.64,No
690320262,2025/10/31,07/09/2026,77,male,Germany,Bronze,4,151.06,no
559916477,2022-03-26,05/29/2026,52,Female,United States,SILVER,37,902.24,No
678128856,2021-10-18,08/05/2026,47,Female,Canada,Silver,5,721.51,No
241369186,2020-02-27,07/07/2026,26,Female,United States,Gold,27,2083.88,No
574808540,2024-06-17,2025-08-16,37,male,USA,Bronze,1,47.77,Yes
187979747,2022-05-06,2026-06-14,27,Male,United Kingdom,SILVER,18,811.25,No
610457373,2023-10-09,2026-07-24,57,Male,United States,Bronze,13,513.24 USD,No
544000104,2025-12-04,07/14/2026,53,male,Deutschland,Silver,6,710.18,No
102418208,06.12.2024,10-Aug-2026,69,FEMALE,united states,BRONZE,4,170.21,No
810303088,02-May-2025,,51,M,Canada,Silver,15,-676.97,FALSE
502954227,2022-05-23,2026-08-29,66,Female,United States,Silver,18,$613.89,0
200119216,2026-01-17,2026/01/17,61,Male,USA,brz,2,48.18,yes
284387369,2025-07-26,2026-08-16,43,Female,Mexico,silver,14,873.33 USD,No
122749195,02/17/2023,2026-08-04,52,Female,England,Silver,18,1396.62,no
588163037,18-Aug-2025,2025-08-18,48,Female,,Bronze,1,43.33,Yes
482059661,08/07/2021,2026-07-23,22,,United States,brz,6,324.9,0
993290189,2025-12-27,,36,female,England,Bronze,0,0.0,TRUE
469554241,2025-11-28,01/10/2026,31,femail,USA,SILVER,4,691.39 USD,1
880062309,04-Aug-2022,16-Aug-2026,57,prefer not to say,India,  Gold ,24,2013.76,No
183106355,2023-10-24,"November 11, 2025",44,Female,India,Bronze,3,191.1,Yes
750360024,2025-07-14,08/29/2026,,Female,Australia,Bronze,5,186.21,No
774977057,2023-06-21,2026-07-14,61,unspecified,United States,SILVER,23,1284.55,N
680565763,2025-07-30,"July 10, 2026",28,F,Canada,silver,17,727.06,No
424129814,2022-07-24,08/15/2026,63,M,USA,Bronze,5,290.63,No
129821271,2025-06-08,2026-09-03,54,f,usa,slv,8,581.79,No
971831551,2025-05-28,08/18/2026,65,Female,india,gold,13,1682.09,No
402872519,2022-12-14,25-Aug-2026,NULL,Female,India,Silver,22,613.66,No
104339906,12/26/2023,2025-09-21,34,femail,Brazil,bronze,2,50.8,Yes
908015825,2025-07-14,07.07.2026,45,MALE,US,silver,16,1234.64,No
666577273,11/22/2025,22-Nov-2025,unknown,FEMALE,USA,Bronze,4,$143.20,Yes
193418945,2022-12-31,2026-07-24,50,Female,United States,Silver,13,871.07,No
716221666,2020-02-10,2024-12-29,50,Male,india,Bronze,1,141.28,Yes
666354249,2025-12-30,11-Feb-2026,28,Female,United States,Bronze,1,31.12,Yes
595960447,06/29/2023,2026-08-13,37,Other,Canada,bronze,14,386.02,No
364006063,2024-02-02,2026-07-25,94,male,USA,Bronze,6,NULL,No
125735324,28.07.2022,2026-07-18,66,FEMALE,U.S.A.,Gold,26,1665.91,No
806509538,2025-09-01,"March 01, 2026",64,Female,brazil,Bronze,,52.45,Yes
324917732,2025-10-26,2026-02-02,34,M,NULL,bronze,7,306.15,yes
730258535,03.10.2023,2026-05-31,50,,India,Bronze,5,200.99,no
781479908,2025/10/31,06/22/2026,58,Female,USA,bronze,3,$106.42,No
142593398,19-Oct-2025,,65,Male,United States of America,brz,0,0.0,TRUE
580006385,2024-06-26,2026-07-20,21,F,Mexico,slv,10,617.87,no
667074318,2025-04-07,06/07/2026,50,Male,US,Bronze,7,263.24,No
332786059,2026/02/04,,32,Male,United States,Bronze,0,0.0,Y
350878156,11/14/2024,2026-06-29,55,Male,India,bronze,9,352.98,No
361184988,2023-10-30,2025-04-22,72,MALE,United States,Bronze,4,73.1,Yes
273185173,2022-12-19,07/06/2026,37,M,United States of America,Bronze,10,550.01,FALSE
925476261,2023-02-12,06/30/2026,57,MALE,United States of America,Silver,26,878.34,No
842461785,,2026-05-17,66,Female,United States of America,Bronze,3,101.08,No
916689723,2025/06/04,2026-08-08,62,Male,N/A,GOLD,24,"$2,291.44",N
409067344,2025-02-03,06/20/2026,55,,Great Britain,  Silver ,20,-,No
487831933,09.06.2021,"August 25, 2026",23,U,United States,Silver,14,642.93,No
518201595,02.09.2025,27-Apr-2026,40,Female,uk,Bronze,3,375.39,No
374800188,2024-12-02,2024-12-02,42,Male,Canada,bronze,3,161.59,1
472680575,2026/02/12,,89,Female,USA,BRONZE,0,0.0,YES
877475070,08.12.2025,08/20/2026,65,femail,united states,unassigned,5,1542.16,no
774805360,2021-07-19,"July 19, 2026",39,male,United States,Bronze,9,329.33,N
293129326,2025/01/01,2026-08-14,41,M,united states,bronze,8,429.57,0
545850117,07/23/2024,28-Nov-2025,29,Male,USA,Bronze,2,,Yes
637861835,08/13/2024,2026-07-11,37,MALE,United States of America,Bronze,4,113.00 USD,No
261283199,2021-01-10,22.05.2026,49,Female,US,GOLD,55,-2138.17,0
588809149,2022-11-19,2026-08-08,30,F,Germany,gold,-21,-2928.83,No
331290613,2026-07-02,2026-07-02,20,Male,India,Bronze,2,113.8,Yes
887985284,2023-07-13,2026-08-19,21,Female,United States,Silver,10,562.14,N
705243794,11/15/2023,,64,FEMALE,United Kingdom,Bronze,0,0.0,Yes
904219235,2021-08-21,"June 19, 2026",44,Other,UK,silver,17,760.51,No
288938771,09-Mar-2025,2026-08-13,26,Male,India,Bronze,6,600.04,N
333957067,2024/03/04,2025-08-24,46,Male,IN,Bronze,2,368.8,Yes
965166583,2021-04-30,2026-08-24,45,M,USA,silver,24,1052.09,0
957756166,2025-04-06,2026-05-07,46,Female,US,  BRONZE ,6,315.61,0
666241848,2023-07-07,2026-08-08,44,unspecified,Germany,gold,31,2525.94,N
931788378,2024-04-15,26.07.2026,25,Male,United Kingdom,Bronze,7,303.07,0
285487532,"April 15, 2023",2026-07-30,32,Male,United States,Silver,31,846.87,0
100088575,21-Sep-2023,2026-06-30,40,M,Brazil,Silver,NULL,$918.58,no
545436913,2020-12-24,2026-08-15,37,Female,canada,BRONZE,19,507.12,0
162152408,2025-01-31,2026-06-27,43,MALE,Canada,Bronze,2,140.91,No
823808992,2024-04-23,26-Jul-2026,49,Female,Canada,slv,14,missing,0
437940992,2025-10-02,07-Jul-2026,39,FEMALE,United States,Bronze,1,86.13,FALSE
529825719,06/23/2021,2026-08-06,58,Female,Australia,Bronze,12,217.49,NO
590362208,08/09/2022,07/16/2026,34,F,India,Bronze,8,558.22,No
488884800,2023-10-05,2026-08-20,NULL,Male,Canada,Silver,14,714.46,No
741406746,2021-12-24,09/06/2026,31,Male,Brazil,Silver,16,757.22,0
663739217,"March 05, 2025",21.05.2025,53,male,United Kingdom,Bronze,3,356.83,Yes
253317692,"August 17, 2021",2026/02/28,35,Female,United States,Bronze,7,258.86,1
569631519,"July 25, 2022",2026-08-17,45,M,UK,Silver,17,$589.64,No
107254951,2020-09-01,2026-06-08,28,F,United States,Platinum,32,4533.04,N
402394751,2022-02-07,2025-11-20,34,N/A,Canada,Bronze,3,50.98,Y
438404585,2022-03-14,2026-08-18,29,Female,india,Gold,27,1802.45,0
977410879,2023-12-27,2026/02/11,69,Male,USA,Bronze,1,58.62,Y
828630310,2023-08-09,2023-08-09,N/A,female,US,Bronze,2,-296.55,Yes
941537717,"March 01, 2021",2026-06-08,35,female,united states,GOLD,28,1916.28,no
460763073,18.08.2024,2026-02-04,41,male,Canada,Bronze,4,153.03,yes
301635897,"April 29, 2023",22.07.2026,54,female,Australia,Gold,35,3258.17,N
721478012,2019-08-15,22-Aug-2026,38,male,United States,Platinum,114,9698.31,no
831297133,10-May-2022,2025-11-30,51,Female,USA,bronze,9,276.28,Yes
583409280,2022-01-04,2026-07-29,69,Female,United Kingdom,Bronze,6,202.63,No
364232568,"May 28, 2022",2026-08-04,45,m,Germany,Bronze,14,,No
147114068,05/28/2024,2026-06-17,65, Female,United Kingdom,Bronze,7,261.72,no
949241318,2026-05-28,,36,male,Canada,bronze,0,0.00 USD,Yes
472629541,23-Oct-2024,2026-08-16,61,Female,U.S.A.,Bronze,3,55.96,No
593866890,2023-05-21,2026-07-17,45,N/A,Australia,Bronze,23,471.31,No
171360131,2024-08-05,02-Sep-2026,52,Male,United States,BRONZE,11,480.29,No
403628112,2021-12-12,"June 12, 2026",44,Male,United Kingdom,brz,7,336.71,No
686289543,2025-02-23,07/14/2026,43, Female,United States,Bronze,7,361.37,No
259398075,2025-05-05,2026-08-06,36,Female,Brazil,bronze,,445.77,N
278242465,2024-02-06,2026/05/29,27,male,CANADA,Silver,19,1560.5,No
887049122,2023-02-15,2026-06-29,21,Male,United States,slv,12,1391.37,No
815845492,2021-02-13,09/03/2026,28,f,United Kingdom,Silver,14,447.0,No
854920027,2023-07-01,2026-08-27,33,F,USA,Silver,16,521.17,NO
314227478,2025-09-15,2025-09-15,45,Female,CA,Bronze,4,144.42,1
877514230,07/31/2019,2026-07-29,-,male,U.S.A.,Bronze,N/A,555.74,No
516507637,2026-06-09,06/09/2026,64,Male,canada,bronze,2,$128.20,yes
393908737,2023-07-16,18.08.2026,39,Female,UK,Bronze,5,,No
272271916,07-Jun-2024,21-Aug-2026,74,N/A,United States,bronze,15,403.65,No
630235415,2026-02-02,NULL,52,Female,UK,Bronze,10,302.66,yes
651771173,2022-08-24,2026-08-28,72,Male,United States,Silver,16,893.48,no
875881293,08-Apr-2023,07/25/2026,38,F,US,Silver,24,678.28,No
295165426,2022-08-03,2026-08-17,35,male,United States,slv,21,722.75,N
179405164,04/21/2023,,24,female,united states,Silver,17,999.14,No
803457698,2021-07-30,2026-07-12,61,Male,England,Gold,40,1551.85,0
813480704,2022-08-21,09/01/2026,33,Male,usa,bronze,3,183.06,0
832935568,11/30/2023,2026-09-03,56,Male ,canada,Silver,44,1990.02,No
553682650,05-Oct-2022,2026-02-07,44,Unspecified,India,Bronze,2,-,Yes
449384490,2024-03-13,2026-08-11,71,FEMALE,US,Gold,39,2696.35,no
549025689,2024-03-12,2026-06-28,70,F,U.S.A.,Silver,16,1661.7,No
961594340,2022-05-25,2026-05-04,50,Male,United States,silver,86,1045.83,No
519448236,2020-12-24,2026-06-21,27,Male,Mexico,Silver,56,2130.27,No
649324868,2025-05-10,06/19/2026,37,male,United States,Silver,14,611.37,No
628312829,2025-03-23,2026-07-21,25,Female,USA,Bronze,17,340.84,No
739215236,08/04/2020,2026-08-19,65,F,United States,Silver,11,653.69,N
149162207,07/12/2023,2026-08-16,31,Male,USA,Bronze,7,198.55,N
896069650,"October 15, 2021",2026/08/12,41,M,USA,Platinum,63,4349.53,No
856159445,2022-12-03,2026-07-26,31,,United Kingdom,Silver,10,541.78,0
744206669,2021/09/07,29-Jul-2026,39,male,United States,Platinum,38,6223.2,No
107606350,2022/06/19,2026-05-10,43,F,United Kingdom,Bronze,11,310.25,No
762537600,2025-12-03,,30,M,Canada,bronze,0,0.0,Y
719954861,2022-10-12,,66,N/A,USA,Silver,13,1314.19,No
297518762,03/17/2025,2026-07-26,50,F,United States of America,N/A,11,1002.1,No
410161765,05/17/2023,2026-08-07,66,Female,U.S.A.,Silver,21,710.96 USD,No
727470294,2022-11-08,2026-08-07,36,m,U.S.A.,Bronze,20,548.34,No
919650000,"December 25, 2021",2026-07-29,56,Male,DE,Silver,9,614.92,FALSE
578696182,2022-04-21,2026-07-10,65,F,U.S.A.,Bronze,10,565.38,No
629721228,2021-09-06,2026-07-20,37,N/A,United States,brz,1,,No
795679126,2023-10-15,2026-07-14,30,Female,England,Gold,23,2212.26,N
116676566,02.01.2026,2026-01-02,55,male,U.S.A.,Bronze,2,177.4,Y
263557993,2024-01-07,07/26/2026,64,male,USA,Silver,21,969.34,No
852235307,2021/03/29,11.04.2025,38,Male,United States,  Bronze ,5,159.14,Y
633453970,2023-05-04,,75,male,CANADA,Platinum,21,4039.27,No
481442008,2025-08-13,,64,Unspecified,United States,Bronze,4,454.1,Yes
580984439,2022-08-06,2024-04-14,32,Male,usa,Bronze,1,20.73,Yes
403408057,06/18/2023,2026-08-15,63,Female,United States of America,  silver ,36,789.8,N
833195093,2023-03-02,2026-07-12,44,Female,USA,Bronze,4,411.95,No
177791524,2025-05-28,2025-05-28,40,Male,India,Bronze,10,482.26,YES
852770556,2025/06/28,2026-08-23,42,femail,,Gold,8,1585.73,No
857802514,2024-07-05,2026-07-09,64,male,United Kingdom,Silver,15,625.35,No
236946780,2021-04-22,03-Jul-2026,38,Female,uk,,44,2740.84,No
539951968,2024/11/23,2026-08-08,27,M,United Kingdom,Bronze,2,103.2,0
430279591,09/19/2025,2026/08/06,43,male,United States,Silver,7,710.94 USD,No
170970418,01-Feb-2024,2026-08-05,56,FEMALE,canada,SILVER,21,1227.93,0
856942124,"March 23, 2024",,41,FEMALE,USA,Bronze,10,NULL,No
244453943,05-Apr-2023,2026-08-30,28,male,Canada,Gold,6,1771.75,No
765179517,2021-12-20,07/18/2026,65,Female,Canada,Silver,73,1634.69,No
544075974,2022-12-28,2026-05-29,24,F,United Kingdom,Silver,15,623.87,FALSE
158090034,08/16/2023,01.09.2026,32,Female,united states,Platinum,98,17129.66,N
996770558,2021-08-08,2026-03-01,68,M,United States,bronze,2,208.56,Yes
421643651,2021-11-14,2025-03-14,35,Male,US,Bronze,13,234.92,Yes
832628806,09/14/2021,2026-08-25,27,Male,India,Platinum,142,6356.78,no
814374792,"April 06, 2026",2026-04-06,29,Male,Can.,Bronze,2,62.37,YES
231304463,2022/08/01,17.06.2026,52,Male,United States,Silver,10,714.65,No
581807752,2025-04-15,08/28/2026,30,Male,USA,brz,10,$306.12,No
895380986,2021-06-27,2026-06-03,74,Female,united states,Gold,25,2744.66,0
480765075,10/01/2024,"November 11, 2024",32,Other,usa,Bronze,5,298.92,TRUE
729592999,2023-08-10,27-Aug-2026,48,other,canada,Bronze,13,330.3,No
737029421,2023-11-23,2026-08-09,33,m,United States,brz,8,352.94,NO
406191382,2024-02-06,"February 19, 2025",60,FEMALE,Australia,Bronze,4,170.41,Yes
853311095,2025-08-13,2026-07-21,43,male,United Kingdom,bronze,2,66.09,No
166033134,06/28/2021,05.09.2026,48,Male,United States,gold,61,3361.82,No
900606837,2023-03-27,02/10/2025,67,Male,India,Bronze,5,-134.79,Yes
198631226,10/24/2025,08/04/2026,52,Male,USA,Bronze,9,393.64,No
936379388,2022-09-10,,39,Female,United States of America,Bronze,0,0.0,Yes
340283616,03/12/2022,2026-03-01,46,Male,united states,Silver,9,,yes
974517718,2022-07-31,2026-06-24,18,male,unknown,bronze,,203.56,No
608288483,2020-12-22,07/30/2026,35,Female,United States,Gold,40,1568.09,N
681601023,"November 17, 2022",2026-08-23,52,N/A,United States,GLD,43,3161.31,No
336098699,24-Mar-2023,2026-09-03,53,Male,Germany,Silver,9,578.64,N
191479460,2025-04-11,2026-04-09,50,Unspecified,USA,silver,8,942.36,FALSE
684151780,2020-03-19,2026-04-02,58,Female,United States of America,GOLD,44,3963.3,no
502355722,2023/08/17,2026-08-21,51,Female,IN,Silver,11,517.31,No
652963277,2021-08-29,07/15/2026,25,Male,United States of America,Silver,19,709.42,NO
217040283,"September 08, 2020",2026/08/11,30,M,Mexico,Gold,32,3675.73,No
735957940,2022-02-15,31-Aug-2026,43,f,USA,Gold,43,2095.04,no
791406246,03/09/2023,11/21/2024,,M,United Kingdom,brz,6,296.6,Yes
170622568,2023-06-02,08/12/2026,45,Male,USA,Bronze,12,497.09,No
555230906,12-May-2022,2026-08-30,68,Female,Germany,Silver,35,1301.58,No
886719352,09/02/2025,20.08.2026,80,Male,usa,Bronze,6,523.83,No
470588580,2022-12-04,not available,21,Male,AUS,Bronze,1,-20.71,Yes
557917588,2024-10-04,2026-08-15,33,Male ,AU,bronze,4,188.79,N
451176852,2022-01-24,13.08.2026,65,female,United States,bronze,5,108.43,No
156358937,2025/01/21,2025-12-12,39,FEMALE,Mexico,bronze,1,77.52,yes
322051449,01/05/2024,07/05/2026,28,Female,USA,bronze,12,378.26,No
519602010,2023/02/27,,33,Female,United States,Bronze,14,382.85,No
380394529,2025-04-02,,59,male,United States,brz,0,$0.00,Yes
181487152,2024/10/15,2026-08-19,41,male,United States,Gold,18,2336.44,no
922983493,03/11/2024,2026-08-19,30,f,mexico,gold,25,2634.85,No
329124265,2022-11-13,09/20/2025,35,male,United States,Bronze,2,126.17,Yes
299371646,2023-04-09,2026-06-26,47,male,United States,Plat,67,3891.89,No
500420054,2022-10-06,2026-07-24,34,Female,United States,brz,7,251.29,No
786041472,2021-09-13,2026/08/24,57,Female,United States,Gold,14,3746.23,FALSE
985272777,2024-06-20,08/05/2026,71,male,United Kingdom,Silver,-19,814.14,NO
305865864,03/19/2025,2026-07-19,,Male,USA,bronze,11,309.57,N
348570298,2024-04-26,06/24/2025,33,Female,usa,BRONZE,3,362.01,Yes
780792536,2026-05-28,07/29/2026,40,female,MX,Bronze,3,130.07,No
996115275,2024/04/18,08/24/2026,32,male,United States,Silver,19,1060.54,no
268716890,2024-11-11,2026-07-11,77,Female,USA,Bronze,7,199.26,No
117892545,2025/08/15,2026-07-10,59,Male,canada,Bronze,7,441.01,No
205131621,2024-01-19,2026-06-03,62,Male ,U.S.A.,slv,16,974.01,No
293505882,01/09/2026,2026-09-03,59,M,United States,bronze,6,150.66,FALSE
765908595,26-Jul-2021,08/02/2026,21,male,india,platinum,37,"$6,765.48",No
466010406,2021/04/21,2026-06-28,42,M,Mexico,Silver,52,1669.52,No
962150552,2023-08-18,2026-09-02,25,f,USA,Platinum,34,5268.83,No
541980944,01/27/2024,03/11/2026,47,Male,United Kingdom,Bronze,3,203.34,No
204740685,08-Sep-2019,2026-05-26,57,femail,United States,Gold,24,2367.77,N
354162832,10/04/2025,04.10.2025,59,Male,United States,bronze,2,123.56,1
949797356,21-Aug-2024,08/09/2026,35,Male,United States of America,Silver,11,783.96,No
941195557,07.02.2023,2026-08-09,50,Male,USA,Silver,20,1446.76,no
824789273,2021-07-04,2026-07-24,32,Female,U.S.A.,Gold,51,2110.57,No
783552758,2022-03-20,0000-00-00,53,Male,Australia,Bronze,7,315.61 USD,FALSE
817438353,"December 21, 2023",2026-08-15,36,Male,U.K.,Silver,21,1674.01 USD,No
708416139,2025-11-06,,40,f,United States,Bronze,0,0.0,Y
430251501,06.05.2024,10-Aug-2026,66,female,United States,Bronze,7,122.82,No
843851303,2024-06-26,11-Jan-2026,60,non-binary,United States,Bronze,2,81.42,Yes
687591782,01/25/2021,2025-06-13,83,Male,Brazil,bronze,6,401.59,yes
694485442,19-Sep-2021,08/27/2026,64,m,India,Gold,N/A,2928.9,No
794388847,2022-01-15,2026-08-19,58,Male,Germany,Silver,11,$537.29,no
360665900,04.12.2023,2026-07-03,35,Female,US,bronze,5,344.86,No
111655247,2024-12-30,11-Aug-2026,60,Female,India,BRONZE,4,300.58,FALSE
530222023,2023-12-09,08/07/2026,37,Female,,Bronze,4,179.09,No
494286730,05/12/2025,08/03/2026,42,Male,United States,Silver,10,545.12,No
216555804,2023-12-18,2026-08-29,42,female,usa,Silver,32,1047.05,N
546770055,"November 02, 2023","July 25, 2026",41,male,U.K.,Bronze,3,231.74,FALSE
597396330,2025-07-26,,39,Female,Brazil,Bronze,0,0.0,TRUE
897848722,2023-02-15,2026-08-06,23,Male,United States,Bronze,6,341.71,N
662355719,10/10/2019,2026-06-04,77,Female,Great Britain,Plat,43,5434.45,No
691037429,"September 09, 2024",14.08.2026,32,female,United States,Bronze,15,$333.02,No
509644259,06/26/2022,08/19/2026,27,Female,Canada,SILVER,51,1755.6,No
313260753,2023-11-08,2026-08-08,56,Female,United States,Gold,31,3046.31,FALSE
488519470,2024-09-03,0000-00-00,40,Male,United States of America,Platinum,25,3980.59 USD,NO
908682763,2023-06-15,2026-08-23,60,Female,NULL,Gold,42,3328.53,FALSE
639293585,2023/10/05,06/25/2026,50,Female,India,BRONZE,14,376.91,FALSE
127499213,2025-09-04,2025-09-04,47,Female,UK,Bronze,1,33.29,Yes
755565952,2022-02-03,19-Aug-2026,NULL,Female,IN,Gold,33,2961.13,
777713924,"June 21, 2022",2026-07-14,52,M,United Kingdom,Silver,21,1284.36,FALSE
614606246,2022/01/19,2026-08-21,57, Female,United Kingdom,GOLD,29,2391.43,NO
107525022,18-Feb-2024,2026-08-12,26,Female,UK,Silver,12,761.47,NO
417384136,2024-11-23,"May 08, 2025",71,m,US,Bronze,1,79.28,Yes
291918438,2022-06-12,07/20/2026,49,Female,Canada,Gold,54,"$1,931.21",No
549016443,2023-08-02,2026-06-19,33,M,Mexico,Bronze,,$101.47,no
508187121,06/05/2021,,57,F,US,Silver,13,1036.03,No
158490363,"March 17, 2024",2026-07-06,46,M,Australia,slv,13,$818.49,N
504602055,2024-05-09,05-Aug-2026,31,Male,England,Silver,25,1284.61 USD,No
530072694,02/18/2021,2026-08-19,34,Female,Germany,silver,25,"$1,709.29",No
877347060,2020-10-01,2026-07-22,34,Other,United States,Plat,80,3604.0,No
362553731,"August 16, 2023",2026-06-13,42,Female,US,NULL,7,448.1,NO
668976164,08/08/2025,2025/11/04,26,female,Canada,bronze,2,$78.72,Yes
158261053,05/01/2025,04.01.2026,37,Male,United States,BRONZE,1,91.64,Yes
784565468,2024-12-04,07/14/2025,50,Female,Deutschland,BRONZE,7,176.20 USD,Yes
751161469,2024-07-03,"August 01, 2026",51,Male,usa,Silver,6,488.33,No
948148338,01/24/2024,07/24/2026,43,female,CANADA,silver,19,509.61,No
482488091,2022-12-18,04.08.2026,36,female,usa,slv,10,515.67,0
298040510,08-Mar-2023,2025-10-12,42,Female,United States,Bronze,2,64.6,Yes
879467334,2026-04-15,04/15/2026,,Male,,Silver,7,561.95,Yes
319011927,2021-04-03,2026/08/08,65,f,United States,SILVER,34,1341.08,No
699809477,03-Jul-2021,2026-07-25,22,Female,australia,slv,29,"$1,027.80",No
603450813,2020-07-31,"January 25, 2025",49,Female,usa,slv,14,987.0,Y
228422264,2025-09-02,2026-03-01,53,F,canada,Bronze,2,138.12,Yes
330228593,2021-11-20,2026-07-03,39,male,United States,Silver,11,997.6,N
517202801,2023-09-16,2026-08-10,63, Female,Australia,Bronze,6,288.72,No
618216573,2022-06-16,2025-07-28,40,Male,Australia,Bronze,6,$139.59,Yes
453169080,2023-12-14,2026-02-02,44,Female,United States of America,Bronze,12,398.59,Yes
953116367,27-Nov-2025,2025-11-27,,OTHER,USA,Bronze,1,267.97,Yes
967604946,2025-02-08,09-Aug-2026,48,Male,US,BRONZE,8,220.61,no
681246624,2025-09-04,2025-09-04,41,Female,Australia,Bronze,3,198.07,Yes
330115120,2020-01-25,2026-08-08,64,M,United States of America,Gold,43,3788.88,FALSE
848258718,2020-11-15,"August 07, 2026",60,FEMALE,United States of America,Gold,52,3533.38,N
667445727,2023-01-16,2026-08-29,,Female,US,Gold,28,"$2,085.37",No
298370623,2022-11-12,05-Aug-2026,23,male,United States of America,Silver,23,760.75,NO
557567256,28.11.2023,,77,male,United States,bronze,-7,176.29,FALSE
559373610,,2026-08-11,37,Male,USA,Bronze,-7,256.47,No
727004650,2021-11-14,2026-09-01,29,Male,United States,Silver,24,1520.68,No
277720609,"June 02, 2023",2025-10-15,50,female,Germany,bronze,2,126.3,Yes
469731055,2024-05-22,2026-07-23,26,Male,United States,BRONZE,9,$301.71,N
500684173,02-Jul-2021,2026-08-14,77,Female,USA,  bronze ,6,96.76,No
391811641,2022-05-05,0000-00-00,51,Male,,Silver,12,832.24,N
753317555,2024-01-12,31-May-2026,49,Male ,United Kingdom,  Bronze ,11,302.08,no
179371961,2023/11/21,04-Jun-2026,50,Male,Germany,Silver,19,544.87,No
296162336,2024-07-01,2026-03-01,31,Unspecified,United States,Bronze,3,118.72,YES
335587327,2023-02-09,22.07.2026,27,Male ,Mexico,Silver,17,878.93,No
411382875,2021-07-01,2026-07-26,53,female,United Kingdom,BRONZE,7,382.01,N
318191683,2025-05-21,08/15/2026,72,Female,United States,Bronze,6,233.66,No
778785869,2023-02-22,2026-08-17,37,f,US,Gold,54,-2535.74,No
549972498,2024-10-05,04-Sep-2026,21,Female,US,,10,591.09,NO
842457017,2022-06-29,08/11/2026,32,Female,Mexico,Silver,17,711.68,no
302446887,"January 04, 2024",,82,Female,Brazil,bronze,11,466.05,No
882211183,2025-10-26,2026/03/01,50, Female,United States,SILVER,9,509.5,Yes
820906477,02/20/2022,2026-08-20,85,U,U.S.A.,GOLD,NULL,1877.15,No
602590763,11.12.2023,2026-08-08,30,Female,USA,SILVER,23,889.89,No
227053004,2023-11-21,2026-08-09,26,Female,U.S.A.,  BRONZE ,8,304.06,No
694111508,2023-04-28,2026-08-23,26,Male,Brazil,SILVER,30,1828.9,N
818811970,2022-11-21,2026-07-22,65,Unspecified,canada,Bronze,2,44.64,No
421229944,2024-06-04,2026-03-01,39,female,United Kingdom,Bronze,3,67.9,1
202129047,"September 19, 2025",2026-02-05,41,Female,Great Britain,bronze,2,433.76,1
334183578,2023-08-04,"July 08, 2026",43, Female,United States,silver,13,553.98,No
111163047,2025-10-22,2026-03-01,46,F,United States,Bronze,1,-46.01,1
245150509,2023-02-05,08/01/2026,59,MALE,USA,GOLD,25,2093.48,No
655472593,07.07.2025,2026-08-11,49,Male,U.S.A.,Bronze,3,202.15,No
334525852,2026-01-29,,46,Female,US,Bronze,0,0.0,YES
131102209,2023-05-27,2026-07-17,35,FEMALE,Germany,Silver,,845.91,No
165357802,2022-10-28,06/10/2025,31,Female,USA,bronze,1,39.96,Yes
754143884,28.01.2025,2026-05-04,22,Female,Canada,BRONZE,10,409.54,No
690999391,11-Dec-2022,2026-08-18,33,Female,MX,Silver,20,$650.74,No
496764670,04/06/2020,06/26/2026,47,Female,Canada,Bronze,8,545.32,N
909163712,2022-03-18,2026-07-05,53,F,uk,  SILVER ,46,1047.39,FALSE
988827217,2024-09-14,14-Sep-2024,29,Female,United States,Bronze,3,81.82,Yes
893605830,01/28/2025,2026-07-10,37,Female,uk,BRONZE,1,61.41,NO
924086521,07/25/2023,2024-07-14,47,male,US,Bronze,2,67.01,Yes
851813695,2023-11-19,2025/09/20,19,Female,BR,Silver,7,788.34,Yes
969308108,2023-01-23,2025-06-14,83,femail,USA,Bronze,1,29.46,1
526842836,12.09.2025,2026-08-28,28,male,usa,Silver,7,660.96,FALSE
884931492,2023-07-17,2025-11-05,68,female,United States,Bronze,4,235.99,Yes
199250824,03-Apr-2023,2026-07-02,29,FEMALE,Canada,Silver,10,1543.98,No
114853088,11/21/2022,2026-07-27,22,Male,United States of America,  Gold ,55,4167.24,No
213134176,2024-08-30,2025-01-11,38,m,United Kingdom,Silver,14,635.09,Yes
319464992,2024-10-19,08/29/2026,59,Female,United Kingdom,Silver,15,1118.6,0
940972368,"October 23, 2024",2026-01-10,54,Male,Canada,Bronze,17,526.33,Yes
321570195,2026-05-17,,32,Male,USA,Bronze,0,0.0,yes
748511373,2022-09-10,31-Jul-2026,35,female,USA,silver,22,760.56,No
174893676,2023-07-16,2026-08-20,48,F,United States,Silver,17,$898.62,no
267704792,09/17/2023,2026-08-15,45,Female,United States,Bronze,5,354.92,No
703502320,2021-06-19,2026-07-02,42,male,India,SILVER,10,895.15,no
350095287,16-Apr-2025,2026-08-27,33,Male,United States,Bronze,8,209.53,no
443090571,2023-01-31,2026-07-04,, Female,Brazil,brz,2,171.04,N
200265500,"April 25, 2023",2026-08-23,43,prefer not to say,DE,Bronze,2,$84.47,No
966971499,"January 20, 2023",01-Mar-2026,65,Female,Germany,brz,5,350.81,Y
947858528,06/19/2025,08/21/2026,20,female,Canada,Bronze,6,236.01,N
566933444,2024-02-18,2026-08-07,22, Female,USA,BRONZE,4,207.96,No
574175238,"February 09, 2024",2026-08-14,67,Male,United States of America,bronze,11,,No
829165781,2022/11/06,06/04/2026,55,Male,MX,Bronze,5,226.21,N
825793227,2023/12/30,2025-06-04,47,male,United Kingdom,BRONZE,none,160.14,Yes
308493026,2023-09-03,2026/07/03,68,Male,Canada,Silver,24,446.99,No
200577188,07-Jul-2025,2026-08-16,46,F,Germany,GLD,26,1878.12,No
301638069,05/28/2022,2026-07-24,29,Female,germany,silver,16,890.35,FALSE
290132389,2021-08-22,2026-06-12,73,male,USA,Silver,32,1347.23,NO
967777205,2021-11-08,2025-10-21,63,Male,Mexico,Bronze,5,262.15,Yes
537762875,2024-08-22,2026-07-23,26,,canada,Silver,23,972.29,N
842652023,11/20/2025,"July 31, 2026",29,FEMALE,uk,Bronze,2,114.78,No
140795213,2022-02-10,2026-08-24,42,Male,usa,Silver,-33,1970.28,No
236501456,2024-02-19,05/18/2026,39,Female,BR,Bronze,3,325.56,NO
392611863,10/02/2022,"September 05, 2026",59,M,USA,Bronze,11,312.56,no
372430453,04/09/2025,"June 21, 2026",69,Male,United Kingdom,Silver,5,1481.22,No
615509045,08/29/2024,02/19/2026,29,Male,United States,  Bronze ,4,$226.02,Yes
523558126,2026-07-26,,57,male,IN,Bronze,0,0.0,1
154268923,2024-12-30,2026-02-23,41,non-binary,U.S.A.,Bronze,10,158.02,Yes
765598866,"December 08, 2023",2026-07-20,31,Female,canada,Silver,9,1150.19,no
799160656,"August 04, 2025",04-Aug-2025,64,Female,Canada,Bronze,5,$139.71,Yes
472521477,2021-07-22,"August 24, 2026",53,Male,Germany,bronze,7,366.07,No
690470002,2025-10-09,2026-07-21,62,,U.S.A.,Bronze,NULL,182.24 USD,No
986950360,2024/08/12,2026/01/13,40,female,US,Bronze,8,$309.76,yes
491923482,2024-08-13,2026-08-25,45,FEMALE,,Silver,14,$804.96,N
806712922,2023-04-23,2026-08-06,43,Female,U.S.A.,Platinum,-43,"$3,793.02",N
654925629,2023-09-28,27.08.2026,36,female,United Kingdom,gold,30,2885.27,No
427408462,12/02/2023,"March 01, 2026",26,Female,US,BRONZE,4,167.01,1
507866623,2022-11-25,2024-02-25,42,Female,canada,Bronze,6,261.01,YES
344117215,2025-03-18,2026-03-01,29,Female,United States,Bronze,1,71.5,Yes
273304942,2024-03-12,2026-08-23,29,Male,india,Bronze,7,326.13,No
534478234,2025-01-21,2026-06-25,,non-binary,USA,Bronze,3,298.3,0
787484720,2025-05-20,2026/06/24,49,female,USA,Bronze,13,271.06,N
937179216,2019-12-19,"July 16, 2026",50,male,United Kingdom,Gold,15,2283.69,No
752727631,06/22/2021,2026-05-13,34,unspecified,United States,  Bronze ,13,414.93,No
318877647,14.08.2021,07-Aug-2026,61,Female,USA,  Silver ,25,1605.27,0
358333810,2023-05-18,08/28/2026,63,Female,Brazil,silver,13,725.02,0
514681935,2020-12-02,2025-12-04,49,Male,CANADA,Bronze,4,60.43,1
610889947,2020/12/16,"March 01, 2026",39,Male,Brasil,bronze,4,82.39,Yes
625303429,2022-11-06,26.08.2026,44,Female,United States,Silver,12,1193.6,No
163462332,2025-04-23,28.07.2026,59,Male,United States,Gold,34,"$2,625.96",N
100273377,02/06/2024,2026-08-10,75,Female,Canada,Gold,25,"$1,733.30",0
419586785,2022/02/26,2026-03-01,23,Female,United Kingdom,Gold,15,1719.22,Yes
890811547,15-Mar-2025,12.08.2026,46,M,Canada,bronze,11,,0
640657481,03/20/2026,,24,Female,United States,Bronze,0,0.0,YES
500177891,04/10/2025,2026-07-05,28,Female,usa,Silver,6,496.22,No
383257306,2024-11-13,2026-07-31,unknown,Female,USA,Bronze,8,288.9,no
215441639,"March 22, 2024",01.09.2026,75,Male ,U.S.A.,  Silver ,7,499.73,No
595622989,2020/08/20,2026-07-14,20,male,U.S.A.,Bronze,11,$498.38,0
495863673,04/24/2022,2026-08-21,27, Female,United States of America,  PLATINUM ,56,3756.97,No
219239017,19-Jul-2022,25-Jul-2026,80,F,Canada,Silver,15,-880.32,No
748367629,08/24/2024,"July 16, 2026",31,Female,usa,bronze,4,162.85,NO
899572037,2023-09-29,2026-07-09,49,Male,United States of America,BRONZE,4,120.03,No
710962851,2025-09-15,2026-07-17,30,Female,DE,bronze,1,61.53,N
406432457,2025-04-28,2025-04-28,25,Female,IN,Bronze,8,355.5,Yes
516238269,"April 22, 2023",2026-07-09,46,f,Brazil,bronze,11,234.27,No
544460680,2026-07-25,,42,Unspecified,USA,Bronze,0,0.0,Y
671360754,2023-05-16,"April 27, 2026",45,Male,Australia,Gold,46,3915.74,No
769512375,"May 03, 2025",05/17/2026,47,Male,United States,Bronze,11,306.32,No
867002549,2025-08-19,2026-02-08,66,m,Canada,Bronze,1,69.02,1
488965215,07/31/2022,04-Sep-2026,38,Female,united states,Silver,-3,638.12,No
346169179,2023-03-25,2026-07-14,31,M,U.S.A.,Silver,18,1181.51,N
313530089,2024/07/24,,52,Male ,Canada,Bronze,1,42.22,yes
948676104,11/08/2023,,78,MALE,Canada,BRONZE,0,0.0,Yes
426566659,2026-04-19,2026-04-19,34,Male,UK,Bronze,3,72.73,Y
445730187,17-Oct-2024,08/23/2026,55,Male,usa,Silver,14,821.54,N
382761728,2024-12-23,2026-07-19,43,Male,United States,Silver,20,702.85,FALSE
675196542,2023-11-22,2026/08/13,30,male,Mexico,Silver,24,1788.06,No
878939380,"January 04, 2021",2026-05-02,70,Female,United States,Gold,23,1573.05,no
687677089,2025-10-20,,62,Unspecified,United Kingdom,bronze,0,0.0,Yes
413683446,2022-09-05,2026/07/23,43,male,united states,Silver,22,828.1,N
772552385,09/12/2022,2026-07-02,51,female,U.S.A.,Bronze,24,297.39,FALSE
366088487,2021/12/26,2026-09-04,64,Female,U.S.A.,  Silver ,50,1862.89,N
131802585,05/11/2023,2026-08-16,35,femail,USA,Bronze,2,89.58,No
263706737,24-Mar-2025,,40,Male,Canada,Bronze,0,0.0,TRUE
995570130,02/27/2023,2026-07-24,37,Male,USA,silver,16,-1332.61,FALSE
166698205,2023-02-12,,26,non-binary,US,Bronze,0,0.0,TRUE
193088105,"July 17, 2021",2026-08-28,64,Male,United States,Silver,33,"$1,229.32",No
676518963,05/14/2024,2026-06-13,46,Female,Mexico,Silver,21,979.56,No
345993454,2023-10-11,2026-07-15,40,f,Canada,  silver ,3,642.16,N
645091232,23-Dec-2023,2023-12-23,70,Female,United States,BRONZE,2,50.94,Yes
410204300,2023-01-02,2026-07-23,20,Male,usa,bronze,17,,N
773865534,"May 06, 2022",2026-08-23,27,Female,United States,GOLD,46,2829.76,No
361613061,2022-12-02,2026-08-01,51,Female,US,Silver,,1561.12,N
374295494,2023-03-02,,49,F,IN,Silver,9,506.7,Yes
922421284,2022/01/11,2024-11-24,33,Male,India,Bronze,1,48.78,Yes
149851382,2024-10-14,2026-04-13,34,Male,DE,Bronze,-9,575.3,No
116401659,10/12/2022,09/02/2026,40,MALE,Germany,Platinum,28,4552.94,No
480086751,24-Oct-2024,,68,Male,Canada,bronze,0,0.00 USD,Y
693557267,08-Dec-2022,20-Jul-2025,51,Male,USA,Bronze,2,81.22,Yes
520856196,08/27/2025,2026-08-19,39,Female,México,bronze,2,75.93,No
652522632,2021-04-07,06/15/2026,50,Male,India,Gold,50,2100.53,No
362753011,18.06.2026,18.06.2026,26,m,United Kingdom,Bronze,1,88.35 USD,Yes
621518831,04/03/2023,,23,Male,India,Bronze,0,0.0,yes
188724392,16.08.2025,10.08.2026,32,female,usa,Bronze,3,59.39,No
266116876,01/13/2025,21.07.2026,62,F,United States,Bronze,5,508.76,No
655104449,11/12/2025,2026/06/17,38,M,CA,Bronze,4,99.57,N
486075223,2024-05-02,2026-06-02,32,FEMALE,Can.,Silver,17,1790.74,No
715075061,01/31/2025,2026-07-19,61,Other,Brasil,Bronze,-6,180.17 USD,FALSE
593037748,01/18/2026,01/18/2026,54,Female,usa,Bronze,1,37.98,yes
944086578,09/01/2026,,63,Male,USA,bronze,0,0.0,Yes
616227549,03/25/2022,2026-06-28,22,Male ,U.S.A.,Silver,15,1484.64,FALSE
371390543,"September 15, 2024",2026-08-30,NULL,M,United Kingdom,Bronze,10,398.73,0
391770238,2024-05-19,2026-07-10,35,male,United States of America,Silver,21,828.61,no
547987895,22.11.2022,,35,Male,CA,Bronze,13,282.04,FALSE
204271022,09/03/2023,"September 02, 2026",89,Male,DE,Bronze,4,143.24,No
900057117,02-Aug-2025,,31,Male,usa,BRONZE,0,0.0,Yes
478358507,"July 16, 2022",2026-06-07,23,Female,United States,slv,25,941.35,no
350466063,,21.08.2026,,unspecified,,Bronze,2,103.2,No
120784871,2022-03-31,2025-12-17,44,Unspecified,United Kingdom,Bronze,7,220.42,Y
158048918,13.01.2026,2026-01-13,66,Female,usa,Bronze,5,140.12,Yes
593803297,28-May-2026,,34,Unspecified,Brazil,Bronze,0,0.0,Yes
297999458,24-Jun-2025,07/23/2026,49,Male,United States,SILVER,11,"$1,330.66",No
388540653,"September 25, 2025",2026-06-05,31,prefer not to say,United States,Bronze,7,492.44,No
104261543,2023-10-20,2026-08-22,44,male,USA,Gold,36,1925.44,No
777699422,2020-04-14,2026-08-26,71,male,usa,Bronze,12,488.12,N
842991765,27-Apr-2025,2026-07-13,50,Female,india,Bronze,5,233.59,No
558701487,2025/05/05,2026-03-01,60,Male,United States,Silver,5,"$1,166.76",Y
767814246,04-Apr-2020,08/01/2026,57,Male,US,Silver,27,1494.12,N
814138763,2024-10-22,"August 28, 2026",21,Female,united states,Silver,11,488.82,0
793022780,2024/10/26,2026-08-10,24,other,UK,silver,15,1350.35,No
702244789,19-Mar-2026,03/19/2026,54,female,US,Bronze,2,,yes
316325199,2022-10-19,03/01/2026,49,Female,Australia,BRONZE,11,295.95,Y
468916768,2024-05-24,22-Aug-2026,21,FEMALE,US,Bronze,3,157.53,No
988485714,2022-11-06,2026-07-28,49,Female,United States,Bronze,8,$385.21,No
916247077,,,54,female,AU,Bronze,0,0.0,YES
899446603,08.01.2022,2026-08-04,46,F,US,Platinum,20,3740.1,No
180161946,11-Sep-2025,05-Aug-2026,,Male,brazil,Bronze,3,212.78,No
101175490,2024-08-13,2026-09-04,49,Female,united states,Bronze,5,473.15,No
446765566,2022-05-07,08/26/2026,41,f,India,BRONZE,25,366.38,No
973663050,12/03/2022,2026-08-05,37,Male,Canada,Plat,26,4348.14,no
533851148,17.04.2026,17.04.2026,35,Male,usa,Bronze,3,330.26,Yes
579853095,2023-05-14,05/24/2026,43,Male,USA,none,24,1035.83,no
118348037,2023-10-07,2026-08-30,39,female,United States,Bronze,3,$173.85,0
169488864,30-Sep-2023,2026/05/27,50,female,United Kingdom,brz,4,131.56,unknown
848504634,2025-12-29,2025-12-29,34,male,USA,Bronze,2,62.09,Y
909301756,11-Dec-2025,07/01/2026,26,male,USA,BRONZE,14,375.14,N
707192599,2021-04-01,12/18/2025,37,MALE,USA,brz,4,171.71 USD,Y
597305242,2026-01-26,2026-06-15,43,Female,usa,Bronze,2,$95.61,No
105441304,25-May-2026,2026-05-25,53,Male,U.S.A.,bronze,2,,YES
337392809,2022-12-24,2025-12-03,,N/A,United States,BRONZE,2,122.88,Yes
964221482,12/31/2023,2026-07-27,34,F,BR,Bronze,7,431.5,No
977956535,21-Oct-2020,2026-08-21,42,M,canada,  gold ,56,3148.62,no
710665047,19.02.2023,15-Aug-2026,72,female,U.S.A.,brz,10,438.84,No
750869892,2024-07-11,2026-07-20,41,Female,U.S.A.,Gold,37,2296.4,N
239108656,2024-04-30,"May 10, 2026",50,Female,United States,Bronze,1,$71.34,No
431814045,2025-03-17,2026-06-11,37,male,United States of America,bronze,8,316.12,NO
953486723,2024-07-28,,42,f,India,Bronze,0,0.0,Yes
158939483,2026-05-17,,67,Male,United States,Bronze,0,0.0,1
863520552,2024-06-19,2026-08-28,79,male,United States,,17,N/A,no
169542196,2025-06-10,2026-04-18,39,M,India,Silver,13,961.75,No
633583313,03/22/2022,2024-10-02,53,female,United States,Bronze,12,343.36,Yes
265624476,05/19/2023,08/10/2026,42,male,United States,Silver,48,2244.19,N
967013575,03/25/2026,2026-03-25,51,female,United States,Bronze,1,28.16,Yes
207025067,"November 25, 2024",2026-07-29,52,male,MX,Bronze,4,165.71,FALSE
785415646,2022-11-13,2026-08-05,29,Female,India,bronze,1,69.49,No
672931090,2023-04-28,26-Apr-2026,55,Female,Australia,Bronze,6,249.15,N
282059898,2023-07-23,2026-07-02,25,FEMALE,Mexico,Silver,20,861.75,No
664816470,07.07.2023,07-Jul-2026,45,FEMALE,United Kingdom,Silver,8,927.79,FALSE
196302829,21.09.2024,2026-08-14,62,Female,Germany,Bronze,1,105.31,FALSE
121158345,"March 23, 2026",03/23/2026,26,Female,USA,Bronze,1,$47.87,Yes
536871426,2024-01-15,19.08.2026,30,Male,USA,  gold ,19,,No
471066172,2023-09-02,2025-07-27,54,m,DE,Bronze,13,299.06,Yes
608394575,2023-04-11,05/16/2025,32,Male,United States,Bronze,5,129.55,Yes
906664107,2024-02-28,01.07.2026,38,Female,United States,Bronze,3,265.21 USD,No
436628995,09/28/2021,28-Jul-2026,47,Male,United States,Bronze,7,480.50 USD,No
149488075,01/27/2022,"September 02, 2026",,Male ,IN,Gold,49,3367.37,No
787111355,09/07/2023,06/28/2026,20,male,United States,Platinum,29,6943.49,0
790859059,2025-12-27,2025-12-27,53,Female,United States,Bronze,2,186.31,Y
295522213,2024-05-16,2026-06-06,34,Male,united states,Bronze,5,328.36,N
262699753,2025/04/22,2025-04-22,31,MALE,BR,Bronze,1,23.95,YES
169996516,2023-03-09,17-May-2026,44,Female,USA,Bronze,6,,N
969550821,10/17/2024,2026-08-20,20,female,Great Britain,bronze,3,260.43,N
121497041,20-Aug-2024,12-Feb-2026,48,Female,U.S.A.,Bronze,1,23.04,Yes
507782246,"September 15, 2020",08/16/2026,21,Female,U.S.A.,Gold,40,2910.43 USD,0
960031760,"November 17, 2022","August 07, 2026",32,Other,Canada,Silver,43,1227.51,No
981149972,2022-06-15,12/22/2025,57,Male,US,BRONZE,11,429.83 USD,1
970361703,2023-12-17,2026-07-17,28, Female,England,Platinum,38,7188.18,no
493641852,2023-07-01,08/03/2026,37,Male,canada,Bronze,5,219.18,No
512811272,01/09/2021,2026-06-18,50,m,UK,Bronze,8,,No
987660796,2024-10-19,2026-08-06,52,Male,--,slv,19,996.82,No
107854531,"August 06, 2024",2026-03-01,57,Male ,US,bronze,4,98.93,Yes
449080702,05/28/2023,2026-08-15,60,Male,AU,bronze,6,$330.27,No
119418652,08/13/2025,2026-07-25,32,Male,Great Britain,Bronze,6,572.89,N
757608422,07/04/2023,08/06/2026,41,Female,united states,Platinum,33,4575.53,No
733010798,"December 15, 2024",13.08.2026,29,N/A,Canada,Bronze,13,,0
588054895,2024-10-24,08/19/2026,25,other,US,Silver,27,811.08,No
110716695,2021-12-09,26.08.2026,27,Female,United States,Gold,45,2794.44,No
270107518,2021-03-31,14.08.2026,52,Female,United States of America,SILVER,49,1990.3,No
137512849,03/11/2024,,?,MALE,United States,Bronze,11,303.96,No
950466489,"July 18, 2024",2026-08-15,20,Male,Mexico,Silver,N/A,813.13,No
694762095,06/07/2026,2026-08-21,46,female,,Bronze,3,181.87,No
314566312,2021-02-01,24-Jul-2026,69,Female,United Kingdom,gold,44,3733.06,No
246954916,2024-04-18,2026-08-29,75,Male,India,gold,40,4507.38,N
967963483,02/14/2024,2026-06-15,?,Male,United States,silver,7,643.58,No
353043870,07/09/2026,07/09/2026,61,Female,US,BRONZE,,19.85,Yes
211596422,08/27/2021,2026-08-31,48,Female,United States,SILVER,10,442.53,No
726626741,,2026-08-15,61,OTHER,India,slv,11,820.6,No
544302490,07/19/2022,2026-07-06,47,Male,Canada,Gold,76,4875.07,N
833307801,2021-01-24,2026-06-25,23,Female,US,silver,17,$739.87,NO
596707855,2025/09/10,2026-07-13,61,,United States,Silver,-9,795.13,FALSE
793104436,2024-04-25,2026-07-15,26,Male,CA,Bronze,7,256.67,No
277550339,30-Mar-2023,2026-07-03,50,other,Germany,Gold,34,2899.58,N
750916721,04-Aug-2022,"August 27, 2026",23,Female,United States,brz,none,185.11,No
180470920,2025-04-09,2026-08-25,41,Male,CA,silver,11,936.05,N
702571963,2024-12-06,2026/07/23,,Male,MX,Silver,20,1946.57,0
699818564,02/27/2022,2026-07-19,37,Female,India,silver,13,769.61,No
713621691,2026-01-17,2026/01/17,39,Female,Australia,bronze,1,64.22,Yes
925354371,2023-10-12,2026-07-15,37,Male,United States,Bronze,7,548.89 USD,no
130513246,2022-03-26,2026-07-08,71,Female,United Kingdom,silver,20,1486.46,no
844254395,03/17/2021,2026-08-01,26,m,United States,Silver,21,1463.5,No
689688362,2022-05-28,05-Jul-2026,25,femail,United States of America,Silver,9,740.0,No
604987151,"September 30, 2021",2025-10-04,54,f,United States of America,Bronze,2,87.53,unknown
392656511,2022-01-10,08/07/2026,43,male,MX,Gold,21,1818.1,No
294304456,2020-09-18,2026-03-01,69,f,Canada,Bronze,9,520.19,Yes
413503444,2026-02-17,,24,Male,Canada,Bronze,0,0.0,1
600486839,"October 07, 2024",2026-08-13,44,unspecified,Deutschland,silver,16,1546.36,N
476352058,2019-05-10,2026-07-02,23,Unspecified,UK,SILVER,15,1381.31,N
479179866,2024-02-25,2026-07-22,N/A,Other,United States,GLD,23,"$1,996.24",No
929427192,01/29/2022,2026-07-03,67,female,Brazil,Silver,27,1104.37,FALSE
292031853,08.07.2020,2026-07-29,37,Female,United States,GLD,30,2640.47,No
976903324,2024-10-06,2026-06-28,45,F,DE,Bronze,8,$258.46,No
937831979,12/07/2024,24-Aug-2026,38,,United States,Bronze,1,17.49,No
820222643,2023-09-30,2026-07-29,46,Female,canada,GOLD,38,2822.76,NO
328185850,2025-03-12,2026-08-22,65,Male,USA,bronze,10,362.88,No
537949503,10/08/2021,2026-08-13,41,Female,usa,PLATINUM,74,,No
280797087,29-Jan-2026,,NULL,male,India,bronze,0,0.0,yes
871107610,2024-02-27,"July 26, 2026",25,Male,DE,Bronze,2,177.94,no
368276441,2022-09-12,2026-06-02,22,Female,usa,Bronze,8,328.21,No
104673769,2023-08-05,03/11/2026,31,M,unknown,Bronze,6,458.76,No
897149146,2023-07-08,09/02/2026,unknown,Female,DE,Silver,11,636.6,No
859712081,12/06/2024,2026-06-24,38,F,United States,Bronze,9,292.43,N
306383852,2020-09-16,2026-08-11,19,F,Canada,Gold,22,2399.07,No
143179260,"March 22, 2023",2026-07-31,42,M,USA,Bronze,19,588.77,No
257343954,06/28/2024,2026-08-21,32,F,United States,Silver,17,1211.15,no
991675903,04-Mar-2025,2026-08-28,21,Male,United States,Bronze,5,336.62,No
116493457,2023/08/22,07/31/2026,36,Female,United States,Silver,21,1281.37,0
561319229,2023/09/11,12.08.2026,41,Male,Mexico,Gold,18,2374.81,No
700225783,17-Jun-2023,2026/04/28,59,male,USA,Gold,29,3038.56,No
834483849,22-Sep-2022,2026-08-10,23,Unspecified,Canada,SILVER,17,592.1,No
129393399,2023/03/01,2026-07-19,45,Female,Canada,NULL,36,1547.64,No
531743070,2024-06-13,2026-08-24,38,F,United States,SILVER,19,641.25,no
638392166,2024-05-14,2026-07-04,47, Female,Australia,Gold,28,3131.29,N
703269021,06/01/2023,25-Aug-2026,53,MALE,USA,silver,19,917.81,No
203981453,01.11.2023,2026-09-03,35,Male,United States,Bronze,5,507.34,N
192497084,02/13/2023,25-Jul-2026,37,male,US,slv,47,1195.98,N
323049149,2025/09/29,04/28/2026,47,MALE,US,Bronze,1,50.60 USD,No
160788023,2023-09-05,2026-03-01,39,F,Australia,silver,7,777.49,Yes
858977449,2026-02-17,01-Mar-2026,37,male,United States,Bronze,3,146.0,Yes
264273940,2024-02-12,2026-08-21,35,Female,Germany,  Gold ,18,2331.68,No
668757089,12.10.2024,2026-06-23,68,F,Canada,brz,5,122.02,No
321395626,2022-01-20,08/10/2026,46,Other,united states,Gold,30,2149.61,N
177562987,2024-07-25,2026-08-13,47,Female,usa,Bronze,22,491.56,N
987543437,10/31/2022,07/19/2025,66,F,U.S.A.,Bronze,2,81.23,Yes
966181800,12.07.2023,2026-08-16,25,Female,AUS,silver,19,680.97,NO
652222542,09/21/2024,2026-08-20,54,FEMALE,united states,Bronze,5,425.04,N
579247322,24-Dec-2025,2025-12-24,47,female,United States,bronze,-3,205.18,Y
605242504,2024-10-16,04/18/2026,40,Male,canada,Silver,13,485.69,N
951879110,10.06.2024,2026-08-29,28,m,united states,Bronze,4,,no
854153232,2025-07-26,2026-07-23,36,F,Deutschland,Silver,10,996.27,NO
204753729,2023-11-09,2026-08-21,32,Female,usa,Bronze,13,369.59,N
256566548,2025-07-17,10/10/2025,52,F,CA,bronze,2,$123.79,Yes
732589770,2022-04-15,2026-08-27,70,Female,Australia,Bronze,4,184.64,No
355330735,2025-07-01,08/08/2026,60,Male,India,Silver,7,689.08,No
696929691,22-Sep-2023,2026-08-27,23,MALE,Great Britain,Bronze,11,439.76,0
627079676,2024/03/16,01-Jul-2025,66,Male,India,Bronze,7,220.81,TRUE
763593862,"April 14, 2025",2025-12-12,42, Female,Canada,Bronze,9,431.77,Yes
778787722,2021-12-10,2026-08-27,19,Female,Germany,Silver,12,1572.15,NO
280837947,02/21/2021,17-Jul-2026,47,MALE,USA,silver,16,691.01,No
786628794,2026/08/13,,42,Female,Mexico,Bronze,0,0.0,Yes
177831788,2021-05-06,2026-05-18,48,FEMALE,United States,Bronze,4,119.68,N
129735277,2023/04/03,26-Mar-2025,,m,Canada,bronze,1,22.59,Y
634682908,31.08.2021,2026-07-03,37,Male,US,slv,14,680.31,No
740123374,2024-02-23,,39,Male,United States of America,Bronze,0,0.0,Yes
261841549,2024-01-20,02/02/2025,20,Female,USA,Bronze,6,346.46,Yes
982514969,2021-10-24,2026-08-26,20,femail,United States,Silver,19,794.55,No
172627429,2024-12-24,2026-03-01,29,Male,USA,bronze,1,129.28,Y
368203293,2022/06/14,2026-06-27,64,Male,UK,gold,19,3362.35,FALSE
177520972,08/16/2023,07/21/2026,26,Female,Canada,bronze,11,449.01,FALSE
523904280,2024-06-12,,72,Female,CA,bronze,0,0.0,1
126014914,2024-03-11,,37,Female,united states,Bronze,0,0.00 USD,Yes
760001558,2022-12-15,2026-08-04,38,Female,canada,Gold,43,"$1,826.26",No
118519388,03/24/2024,,39,Unspecified,United Kingdom,bronze,0,0.0,Yes
163503238,13.10.2020,03.08.2026,27,Female,united states,BRONZE,6,248.54,0
620364178,2023-04-13,,37,female,United States,bronze,0,0.0,Yes
760124933,16.08.2024,08/20/2026,46,Male,,bronze,3,238.98,no
252985843,26-Aug-2022,2026-07-28,55,,Australia,  Gold ,25,3102.43,No
289096220,04-Feb-2025,,43,Female,US,bronze,0,0.0,TRUE
404033824,2024-06-30,2026-03-01,38,M,canada,Bronze,11,512.53,Y
165519682,01/31/2025,12.06.2025,65,MALE,United States,Bronze,1,57.39,Yes
473919904,01.04.2024,30-Nov-2025,60,Male,AU,NULL,1,35.71,Yes
721933206,2025-03-08,"June 07, 2025",47,,United States,Bronze,5,125.06,Y
975088800,2024-05-20,2026-01-15,37,Female,unknown,slv,9,623.24,Yes
303869350,10/20/2023,19-May-2026,35,,United Kingdom,slv,29,1184.15,No
955311212,2023-12-20,"August 23, 2026",51,MALE,Brasil,Silver,none,685.76,No
369057096,03.08.2022,2026-02-02,26,non-binary,INDIA,bronze,3,326.23,1
852198214,05/29/2024,,27,m,Canada,Silver,11,"$1,281.62",No
772105375,2023-03-08,,44,unspecified,,Gold,28,2420.96,No
294436132,2020-06-18,2026-07-17,68,F,US,Bronze,12,220.43,No
385400069,02/25/2025,2026-07-19,50,Male,United States,Bronze,6,580.44,N
502741100,27.08.2023,2026-05-28,43,Male,AU,Bronze,6,379.75,N
503367640,2024-08-14,2026-07-21,45,MALE,United States,Bronze,5,291.24,no
206772673,08/10/2023,07/25/2026,39,Male,Canada,Bronze,5,100.46,0
554810495,2022-09-26,11/16/2025,53,FEMALE,brazil,BRONZE,4,277.45,
561529061,12/09/2023,2026-08-06,33,Male,united states,SILVER,23,1901.26,No
424468246,2026-05-19,,36,M,US,Bronze,0,0.0,YES
733340453,2024-11-04,2026-02-24,44,Female,Germany,bronze,1,$61.77,
601446229,05-Sep-2024,03/01/2026,80,Female,United States,  Silver ,13,1171.67,Y
900245322,30.10.2024,01/06/2025,55,FEMALE,Germany,bronze,2,87.93,
381995451,09/25/2021,08/27/2026,65,FEMALE,USA,platinum,20,5201.27,No
782752773,2022-08-05,"July 16, 2026",,female,usa,Silver,19,1051.83,NO
555555036,2024/03/10,2026-08-14,44,Female,Canada,bronze,3,$199.43,no
890135384,2024-05-12,08/29/2026,58,Male,usa,Silver,15,1190.08,0
852233246,"May 23, 2021",2026-08-04,21,Female,India,Gold,29,2005.66,N
850421692,10.08.2023,2026-07-02,29,FEMALE,usa,  Silver ,18,1289.27,No
715510168,2024/02/07,23.08.2026,23,,Canada,Silver,27,1489.0,No
547661956,"October 20, 2023",2026-08-26,49,Male,UK,Bronze,5,337.6,N
255034772,2020-10-19,2026-07-26,51,male,United States,Platinum,48,6639.54,No
798461671,2024-11-03,01/18/2025,38,Male,US,Bronze,2,,Y
884605166,2019-09-16,2026-03-01,41,Male,Australia,Bronze,5,189.42,Yes
398286105,2022-08-04,01.08.2026,40,Female,United States,gold,43,3763.54,N
683938916,2026-03-09,2026-03-09,79,,India,bronze,2,124.19,yes
164072161,2024-08-01,2026-06-01,46,m,USA,Silver,17,1119.92,N
290569410,04/15/2023,2026-09-01,21,Female,USA,GOLD,31,3117.75,No
882209359,2026-07-02,07/02/2026,?,Female,United States,Bronze,4,201.58,Y
661179501,2024-11-07,,44,Female,,Platinum,37,5603.45,No
620496566,2024-07-29,20-Jun-2026,69, Female,USA,Bronze,8,257.74,No
376322242,02/17/2024,2026-07-02,39,Female,Germany,Silver,7,789.2,NO
887270059,2022-12-18,29-Jan-2026,32,male,UK,Silver,5,,1
561742086,2024-08-04,01/19/2026,37,Unspecified,Australia,Bronze,3,223.27,Y
751262999,17.07.2025,2025/07/17,,Female,united states,,5,-160.63,Yes
939791252,2025-05-25,06/26/2026,58,male,germany,Bronze,3,358.11,N
702220115,"October 27, 2024",14.07.2026,67,Male,USA,Bronze,24,435.18,No
930410726,2023-08-05,2026-08-14,51,Female,United States,silver,10,654.54,N
702463731,2021-02-04,29.08.2026,36,Female,United States,Platinum,78,4324.6,0
725453524,2025-04-01,08/16/2026,32,F,USA,Bronze,1,214.7,No
915805115,2023-10-02,2026-08-05,,Female,canada,Silver,15,1140.24,No
783892625,2020-10-30,2026-03-13,54,prefer not to say,United States,BRONZE,42,533.25,No
668448249,"September 14, 2024",2026-08-16,40,M,Canada,GLD,6,-2966.54,NO
433040130,2025-06-11,03/01/2026,42,M,India,Bronze,3,285.45,Y
407174866,2023/10/23,2026-08-18,28,male,U.S.A.,Bronze,12,195.84,No
814766189,2022/10/17,08/29/2026,unknown,Male,USA,BRONZE,14,$200.88,No
810987395,2022-01-25,2026/08/07,69,,india,brz,3,200.27,FALSE
128393775,08/18/2019,,41,Female,United States,Bronze,12,138.23,No
633252884,"April 06, 2022",2026-08-17,80,Female,United States of America,Gold,52,1793.86,no
437373138,2026/06/09,2026-06-09,23,MALE,Germany,Silver,5,777.27,Yes
957277237,2024/04/22,2026-09-01,20,Male,United Kingdom,Silver,25,697.73,No
794503314,03/25/2021,2026-07-03,56,male,US,SILVER,14,439.99,No
687864310,2025-05-08,2026-08-08,31,Male,mexico,SILVER,25,$978.32,No
277431743,01/07/2022,2026-07-30,35,U,United States,Bronze,15,248.61,N
891656379,06.04.2021,"August 27, 2026",62,Female,United States,Silver,5,778.91,N
711511922,22-Dec-2020,31-May-2026,56,M,Canada,Gold,24,2938.44,No
200710515,12/07/2025,07/31/2026,48,Male ,USA,bronze,2,117.56,0
189639521,2026-02-02,2026-06-26,65,Male,United States,Bronze,4,371.38,no
177346627,06/18/2023,"August 20, 2026",64,Male,IN,Bronze,5,217.94,No
791737542,2025-11-06,2026-08-21,22,F,United Kingdom,Bronze,2,64.97,0
822103464,2023-02-15,2026-07-07,31,F,australia,BRONZE,15,446.69,FALSE
102055798,2023-04-17,2026-03-01,27,Male,United Kingdom,Silver,12,1007.68,Yes
299215881,2025-02-28,NULL,36,Female,USA,bronze,0,0.0,yes
248362875,2023-07-12,2026/08/19,,F,N/A,Silver,26,1837.54,No
848819928,03.12.2021,2026-08-30,52,M,CA,Silver,,780.24,NO
173634854,2022-08-07,2026/09/01,48,female,USA,GOLD,37,3093.67,No
554753175,2021-08-08,07/27/2026,44,Male,United States,Silver,29,1472.1,0
668553833,10-Jun-2021,,52,male,U.S.A.,Bronze,5,267.03,Yes
741797697,2026-04-20,2026-04-20,30,Male,canada,Bronze,2,217.81,Yes
728003073,2024-05-17,2026-05-10,41,Male,usa,Bronze,10,N/A,NO
798486988,"March 27, 2025",2026-08-13,36,Male,Brazil,Bronze,4,271.94,No
520245490,2025-04-23,2026-06-27,20,Female,Canada,brz,5,341.89,No
876723225,02/07/2023,2026-08-06,50,Male,germany,Bronze,19,288.16,0
577626919,2022-05-17,2026-08-07,47,Male,United States,slv,8,N/A,No
937557812,02/07/2021,2026-08-20,56,Male ,United States of America,Bronze,7,452.1,No
177487158,2022/06/11,2026-08-22,50,Male,United States,Silver,15,556.15 USD,0
926360135,2024-10-26,2025-06-23,45,Male,USA,Bronze,7,332.67,Y
451882183,13-Feb-2025,29-Dec-2025,18,Male,usa,Silver,10,562.49,1
665574616,2022-09-18,2026-07-17,26,Male,CA,Gold,19,-2350.42,No
103243064,2025/04/10,2026-08-07,51,Male,Canada,Silver,9,965.44,No
849221335,2021-10-14,10/16/2025,66,female,United States,Bronze,2,133.69,Y
649927680,28-Sep-2021,08/24/2026,,Male,Australia,Bronze,16,422.66,No
431322873,12/23/2025,2026-05-28,32,Female,Canada,Bronze,8,500.08,No
974551880,2021/06/18,2026-08-31,54,Male,,  Silver ,12,684.65,N
416239309,11/25/2024,05/31/2025,64,F,united states,Bronze,1,58.44,1
250872949,2025-09-18,,55,Other,United States of America,Bronze,0,0.0,Yes
683564442,08/07/2023,2026-08-21,47,F,United Kingdom,Silver,18,1396.48,FALSE
490717596,07.10.2023,08-Aug-2026,28,Male,Mexico,Bronze,6,$160.50,No
403512681,04/18/2021,2026-08-12,53,Female,United States,silver,36,1212.22,no
765990798,02/23/2025,09/03/2026,unknown,Male,Canada,Silver,27,1635.57,No
864702674,19.10.2023,2026-07-20,46,Male,,,14,N/A,No
153830069,20-Aug-2026,,59,Male ,Great Britain,Bronze,0,0.0,yes
346177276,2025-07-30,07/30/2025,42,female,U.S.A.,brz,2,320.8,Yes
760950019,2025-11-20,2026/07/07,19,Male,,Bronze,7,266.94,0
752686213,2025-11-13,,29,female,United States of America,brz,0,0.0,Yes
974559479,2021/07/29,2026/05/08,74,Female,United States,Gold,36,3410.35,No
967743763,2023-05-04,"July 28, 2026",42, Female,Can.,Silver,25,1096.97,No
556749502,01/18/2026,23-Jan-2026,38,Female,canada,bronze,7,-,yes
517689891,2026/07/26,26.07.2026,53,male,US,Bronze,1,42.76,1
172408085,04/30/2025,,72,Female,USA,BRONZE,0,0.0,YES
659469826,2023-12-21,,52,male,United States,Bronze,0,0.0,Y
173803838,"June 13, 2023",2026-07-18,34,Female,United States of America,SILVER,27,1811.8,FALSE
456818914,2024-02-02,,26,M,INDIA,Bronze,0,0.0,yes
677951074,2025-09-29,2026-03-01,41,female,United States,Bronze,3,282.37,Yes
958323709,2023-02-26,,27,F,Germany,Bronze,0,0.0,Yes
812682657,2019-07-23,2026-07-15,23,M,United States of America,Platinum,42,5928.14,no
434326544,2021-09-19,2026-03-01,35,F,United States,Bronze,4,411.13,Yes
390434677,30.09.2023,03/11/2026,39,prefer not to say,Canada,Platinum,39,3340.77,No
951899065,2025-02-01,2025-06-30,28,Male,Canada,Bronze,2,135.12,1
348368722,2024/12/24,2026-05-21,59,Male,India,BRONZE,5,223.36,No
636868356,2024-08-21,2026/08/15,67,Male,United Kingdom,Gold,13,"$2,423.97",No
704387870,2023-06-21,08/03/2026,30,Female,United States,Silver,31,1135.68,No
404906362,03/15/2025,2026-03-01,35,femail,United Kingdom,Bronze,5,245.45,Yes
670595645,"September 15, 2021",12.08.2026,32,F,USA,Gold,74,2675.59,N
487401838,03/20/2025,"September 27, 2025",32,,UK,Bronze,3,86.48,Yes
808466129,2020/09/17,2026/08/10,30,Female,United Kingdom,SILVER,20,877.35,0
880466215,2024-10-14,2026-02-10,23,Female,usa,silver,8,817.68,YES
875239461,2024/04/24,2025-06-30,20,MALE,CA,Silver,16,838.67,Yes
324013864,2026/01/24,2026-09-07,28,Male,United States,Bronze,4,114.67,N
709895075,2023-10-10,2026/03/01,32,Female,Australia,  bronze ,5,286.18,TRUE
387891714,02/16/2022,2025-05-26,55,Unspecified,U.S.A.,slv,27,1117.46,1
801033896,2025-09-01,2025-09-01,43,female,US,silver,11,$882.03,Yes
806187270,2022-06-01,04/07/2026,20,Male,united states,Silver,25,1951.0,No
567692867,2022-07-31,,44,Male,US,Gold,20,2398.66,No
729232067,"December 11, 2025",2026-07-06,57,Female,Australia,Bronze,none,-,No
556867507,06/04/2022,03-Jul-2026,36,Female,canada,Silver,36,1851.98,No
414079737,11-Apr-2024,2026/07/03,34,Female,usa,bronze,12,316.23,0
102779823,07.10.2022,2026-08-14,,Male,Canada,Silver,14,1756.41,N
259053273,2020-12-20,2026-08-12,54,F,United Kingdom,SILVER,21,956.18,No
932065165,2023-02-09,2026-07-30,33,Male,MX,Bronze,7,317.89,N
902894378,2025-10-28,2026/07/30,65,Male,United States,Silver,25,1030.96,No
294426706,03.12.2021,2026-08-14,53,Male,USA,slv,17,1023.31,No
614036888,2026-03-17,17-Mar-2026,25,female,US,bronze,1,64.71,Yes
167782505,2025-04-20,2026-07-31,26,male,United States,Bronze,9,249.75,N
821780986,06/19/2023,2026-08-04,60,Male,Brazil,Silver,37,1353.21,No
382139378,2025-04-12,12.04.2025,65,Male,USA,bronze,3,223.86,Yes
394345174,08/01/2023,06/26/2026,39,male,United States,Silver,28,1154.48,No
998510066,2020-12-17,09/01/2026,28,Female,united states,Silver,26,877.6,NO
241193970,2024-07-28,16-Apr-2026,58,Female,india,silver,5,646.61,No
906868390,09-Mar-2022,2026/07/20,61, Female,Deutschland,Silver,6,1523.52,No
566399627,22-Jan-2023,2025-03-14,42,F,US,Bronze,8,261.25,Y
226095988,2021-05-09,"August 01, 2026",35,Male,UK,Bronze,7,297.99 USD,No
370094655,04/16/2020,2026/08/05,75,Male,United States of America,SILVER,12,1188.74,no
941388597,"August 03, 2020",14.07.2026,20,male,United Kingdom,none,25,2924.78,NO
660594192,2026-03-29,,58,female,United States,Bronze,0,0.0,Yes
534446015,2025-04-02,24-May-2026,60,Male,USA,Bronze,15,439.71,no
833296182,2022-01-20,2025-10-03,45,FEMALE,Canada,bronze,1,81.94,yes
434515154,2025-10-13,2026-03-01,69,MALE,U.S.A.,SILVER,10,$715.19,Yes
131179071,2025-12-22,07/22/2026,59,Female,united states,Bronze,7,426.25,No
710361857,2024-07-21,2026-03-01,35,Female,United Kingdom,Silver,N/A,1359.01,Y
941134101,"June 04, 2024",08/28/2026,22,F,mexico,brz,6,428.66,No
202782628,"November 11, 2022",2026-07-20,55,F,USA,Gold,40,2172.36,FALSE
802460507,04/08/2023,2025-04-17,57,Male,Canada,brz,3,240.72,Y
621485987,"January 06, 2026",2026-09-01,33,other,England,Bronze,3,254.36,No
119429255,2024/12/07,2026-07-04,57,Female,United States,Bronze,-5,233.19,0
105588541,2024-11-19,21-Jul-2026,41,Female,Mexico,Gold,30,4277.37,No
748663889,2023-10-24,23-Aug-2026,33,female,United States,Gold,50,"$1,816.01",0
832374574,08-Jun-2025,2026-08-21,30,Female,usa,Bronze,4,$55.10,No
663847399,2025-09-09,2025-09-09,57,MALE,CANADA,Bronze,8,385.49,1
408242635,2021-06-17,2026-08-04,37, Female,USA,Gold,22,2776.44,No
352488785,2026-02-25,2026-03-01,27,Male,USA,BRONZE,5,248.42,Yes
710334290,2022-06-05,26-Jul-2026,38,Female,germany,Bronze,6,missing,No
436650194,08/25/2024,08/15/2026,77,Male ,United States,Bronze,4,$177.74,No
758234351,2023-03-11,,57,Male,United States,Bronze,0,0.0,N/A
346504121,2022-02-15,07/04/2026,79,male,USA,Silver,21,$665.96,No
438283045,2021-01-23,08/05/2026,27,Female,CA,Gold,77,-3144.26,N
625019912,2024-11-12,08/07/2026,63,Male,United States,Gold,18,,no
199720451,2024-04-19,2025/11/13,26,female,US,  BRONZE ,3,,1
874265623,02/21/2025,,37,M,Brazil,Bronze,2,138.73,1
247347205,2022-10-08,2026-08-27,51,Female,US,BRONZE,7,464.99,No
661183957,2023-10-31,"June 03, 2026",41, Female,United States,Bronze,8,,No
583712680,"April 06, 2026","April 06, 2026",40,MALE,U.S.A.,Bronze,1,75.64,TRUE
907241104,2023-04-28,23.07.2026,36,Male,United States,Silver,33,1347.44,No
714129477,2023-01-03,01-Sep-2026,36,Male,United States of America,Silver,,1125.39,0
782761203,2024-02-08,2026-08-10,61,FEMALE,United States,Bronze,1,94.24,No
251353634,05/04/2025,2026/03/01,24,Female,United States,Bronze,none,25.69,Yes
740545697,06/01/2025,2026-07-30,57,Female,U.K.,  Silver ,13,571.75,N
339587114,2021-06-18,2026-08-13,42,,united states,silver,10,711.44,No
954399418,03/08/2023,2026-01-03,64,Male,UK,Silver,14,922.62,Yes
885115473,2023-11-08,2026-06-28,,F,México,Bronze,6,593.24,No
774922471,17-Sep-2023,2026-08-06,70, Female,Brazil,gold,19,2633.18,NO
916585662,2025-07-12,28.06.2026,55,N/A,Mexico,Bronze,19,649.88,No
577849804,2023-02-21,21.08.2026,23,female,England,Gold,34,3306.33,No
281190364,29.10.2020,2026-03-11,67,femail,AU,Platinum,85,6775.43,No
929220177,2021-12-07,2026-08-29,35,M,AUS,Silver,42,1539.7,N
251860701,2023-11-26,2026-08-01,43,Female,US,Silver,18,643.06,No
274388355,25-Jun-2022,2026-07-09,21,Male,United States,BRONZE,15,386.89,0
829250737,18-Apr-2024,2026-08-02,41,other,brazil,Bronze,10,417.39,No
250819790,2023-04-19,2025-10-23,44,FEMALE,US,  Bronze ,2,86.75,Yes
675551591,2023-06-12,2025/06/04,51,M,United States,Silver,17,-1004.4,Yes
878303042,2023-12-07,2026-08-25,70,MALE,australia,silver,12,1330.59,No
764539649,2024-04-14,2026-07-20,51,femail,Germany,silver,17,957.5,No
384592579,2021-03-21,08/20/2026,40,Female,Australia,PLATINUM,39,3971.58,No
276240149,04/07/2026,,37,Female,CANADA,bronze,0,0.0,Yes
143423173,2025-12-11,,22,male,india,bronze,0,0.0,yes
727370110,08/07/2022,2026-06-17,30,Unspecified,U.K.,Silver,33,1248.73,No
416586741,"January 15, 2025",08/06/2026,60,Female,USA,Silver,22,1839.59,No
468489481,2023-04-26,11/08/2024,56,Male,United States of America,bronze,8,244.36,Yes
928797571,15-May-2023,2026-07-10,26,Female,U.S.A.,  Silver ,22,744.84,no
157190298,2022-07-17,21-Jul-2026,45,O,united states,Gold,35,4443.99,No
470478321,2025-01-06,,69,F,United States of America,Bronze,0,0.0,Yes
803301950,2025-05-27,03/01/2026,50,Female,US,  Bronze ,1,22.01,Y
936964676,12/05/2022,2026-06-15,65,Male,united states,Silver,27,1789.77,no
363847522,2022-05-06,14-Aug-2026,43,Female,USA,Bronze,11,480.97,No
106712234,07.09.2024,2026-07-20,41,male,Mexico,Gold,16,2414.7,No
358913737,03/03/2021,2026-09-06,49,m,Canada,Bronze,12,544.78,No
839931161,02-Sep-2022,2026-03-01,54,f,United States,BRONZE,5,225.66,Y
425279897,15.11.2025,15-Nov-2025,23,Other,India,Bronze,2,119.72,YES
975516203,2021-05-03,06/20/2026,45,Male,England,Gold,40,1884.15,No
303769900,07/28/2021,2026-07-10,44,Male,BR,Gold,29,3075.88,No
506154594,11/07/2024,2026-05-29,25,FEMALE,Mexico,Silver,19,630.66,0
144584353,11-Dec-2023,04.05.2026,33,FEMALE,United States,bronze,10,416.12,No
352746332,"February 12, 2025",2026-07-17,44,MALE,USA,Bronze,15,290.65,no
932911743,2023-06-12,2026/06/30,,femail,U.S.A.,  silver ,30,1469.7,No
259321406,2023-07-02,02-Sep-2026,69,Female,United States,bronze,8,184.82,NO
592486273,03/20/2023,2023/10/06,42,other,United States,Bronze,4,191.53,yes
377703736,2022-04-19,01.09.2026,33,Male,United States,Silver,-26,1203.47,N
508158400,2022-02-19,05/12/2026,30,M,United States,Gold,26,2018.5,no
594031547,2025/09/23,2026-07-13,46,Female,Brazil,Bronze,5,-201.0,N
461456138,2026/01/07,2026-08-26,41,Unspecified,Great Britain,bronze,11,285.03,N
962789082,2025/06/24,2026-05-05,48,Female,United States,SILVER,17,938.69,No
211582699,06/21/2024,"July 21, 2026",33,Female,mexico,bronze,2,37.57,No
963571624,"January 16, 2024",2026-07-29,40,Male,usa,Silver,11,1140.79,no
928053380,2022-02-18,06/15/2026,48,,United States,Gold,36,3270.38,no
904591944,2025-03-05,2025-10-11,46,male,uk,bronze,4,-,YES
719480071,2022-05-01,2026-03-01,46,female,US,Silver,10,514.36,Y
761679096,09/21/2024,"August 10, 2026",34,Male,USA,SILVER,29,1711.77,0
643302201,2022-03-02,2026-07-27,,F,US,Silver,15,668.32,NO
485263054,09/29/2025,2026-03-01,51,Male,United States,BRONZE,4,297.71,Yes
558603792,"July 15, 2026",2026-07-15,65,female,Australia,Bronze,4,71.3,Yes
952747312,2020-01-22,2026-08-24,37,Female,United States,  Bronze ,5,347.52,No
468170258,2023-11-28,07/13/2026,48,female,UK,brz,1,,no
867902219,2022-05-22,10/14/2025,85,Female,Germany,Bronze,4,113.61,Y
602972755,2021-08-20,2026-05-01,47,male,United Kingdom,silver,17,1127.8,No
392118399,01/31/2021,2026-06-17,,M,India,Silver,24,725.25,No
195623851,2022-03-07,2026-06-24,65,Male,United Kingdom,Silver,29,1167.25,No
418569138,06.10.2025,2026/07/29,73,Female,,Bronze,7,185.29 USD,No
354063352,2024-02-29,2026-08-24,49,Female,United States,Silver,34,"$1,311.81",0
501395524,"March 31, 2023",2025-10-09,33,Female,United States,Bronze,1,112.54,Yes
793615714,03/07/2022,07/11/2026,58,Male,United States,gold,32,2543.68,FALSE
397988537,10/22/2024,09/13/2025,42,Male,Canada,Bronze,5,191.35,Yes
953579473,2025-02-21,,29,Unspecified,USA,Bronze,0,0.0,Yes
692234097,2026-01-17,2026/08/11,57,Male,USA,Bronze,11,393.77,No
994589534,2024-07-08,07/22/2026,43,Male,Canada,Gold,14,2586.71,NO
994512476,2024-08-29,08/10/2026,67,unspecified,United States,Bronze,19,472.86,No
640020360,03-Apr-2023,2026/07/14,35,Female,US,Bronze,,$386.30,no
427417954,2025-03-13,20-Aug-2025,38,Female,United States,Bronze,1,61.77,Yes
641201329,2021-12-24,03-Aug-2026,44,Female,USA,GOLD,16,1889.38,FALSE
617580459,2022-05-17,05/17/2026,38,Male,UK,Silver,20,1399.53,No
114195422,2022-11-13,2026-08-20,56,Female,Canada,,11,1292.68,No
733475521,15-Feb-2022,2026-07-25,57,Male,united states,Gold,44,2014.04,No
628466310,2022-12-03,07/29/2026,45,M,United States,Silver,25,582.5,N
741104130,23-Dec-2023,08/23/2026,70,Male ,US,Silver,19,1209.64,NO
421410806,19-Jan-2025,"June 01, 2026",64,female,United States,Gold,-25,1613.16,No
783458985,,2026-07-28,44,MALE,United States,SILVER,18,1498.18,N
864803270,2024-01-09,2026-06-14,38,f,UK,silver,16,,N
512753653,2023-06-10,2026-08-17,30,Male,Canada,bronze,16,370.64,No
362040513,03-Jul-2026,07/03/2026,46,female,USA,Bronze,2,41.31,Y
908392966,2026-04-10,2026-04-10,39,F,united states,brz,4,255.53,Yes
345280523,24.12.2020,2026-07-20,47,Female,US,slv,55,-824.79,No
705130824,2023/01/31,2026-06-19,44,Female,United States of America,Gold,50,2259.16,no
651777343,"February 10, 2025",2026-08-21,39,Male ,Germany,Bronze,2,95.24,No
109492474,2026-08-26,,58,Female,Germany,Bronze,0,0.0,yes
765998560,03/14/2021,2026-08-04,29,female,US,Gold,42,3393.86,No
542328676,15.04.2026,2026-04-15,54,Male,Australia,bronze,,42.72,TRUE
616075452,2021-10-07,,34, Female,united states,silver,9,1646.76,No
362641956,2024-09-10,2026-06-08,56,Male,United States,Platinum,32,6411.51,No
777340394,2025-02-13,2026-04-25,26,Female,DE,Bronze,1,$27.67,no
140701042,2022-10-12,"April 28, 2026",43,f,USA,bronze,10,$473.89,No
818241980,2025-08-08,08/22/2026,44,Male,U.K.,brz,5,264.3,No
339058698,2021-12-27,22-Aug-2026,29,Male ,united states,silver,26,725.78,N
865007163,2020-11-18,"May 30, 2026",31,Male,usa,silver,27,1268.33,No
808756330,13-Feb-2025,06/05/2026,40,male,Australia,Silver,7,856.39 USD,No
441858652,"July 24, 2021",2026-06-20,48,Male,México,Bronze,3,,0
688054708,2025-01-23,2026/03/01,77,Female,United States,bronze,2,$109.59,yes
668079786,2023-04-25,03/01/2026,34,Male,USA,Silver,8,634.7,Yes
753953561,2021-10-13,08/09/2026,65,Male,USA,Gold,19,1951.59,no
899996645,2022-07-07,,83,Male,USA,SILVER,17,1406.28,No
485487455,03/14/2023,2026-06-28,33,M,BR,Silver,13,1383.54,NO
855702804,2021-08-19,2026-08-21,32,F,USA,Gold,56,1703.82,No
813317497,2026-04-10,,27,FEMALE,United Kingdom,Bronze,0,0.0,Yes
585313059,"July 13, 2024",28.08.2026,37,F,United States of America,bronze,7,178.26,No
333219034,,2026-07-28,53,Female,US,bronze,9,358.44,No
214018721,2021-12-30,11.03.2026,54,Male,U.S.A.,Gold,20,2148.98,FALSE
624970389,2024-02-27,08/08/2026,25,Male,United States,slv,6,535.59,No
771465330,22-Jun-2022,30.08.2026,30,Female,United States,Bronze,8,461.46,No
470470553,2023-04-30,2026-01-31,53,female,Can.,,2,107.42,Yes
415976206,2023-08-05,15.07.2026,37, Female,Canada,GLD,36,2498.33,0
802155805,2024-02-19,2026-07-23,51,male,United States,Silver,14,632.17,No
503291118,2020-11-07,08/14/2026,61,Male,U.K.,GOLD,59,3424.24,N
860959623,2021-10-08,2026-08-07,40,Female,United States,Bronze,6,204.2,No
912372570,11/24/2022,2026-06-19,32, Female,IN,Silver,21,1114.18,NO
681431406,2023-05-25,02-Sep-2026,37,Female,Australia,Silver,21,927.71,No
602444465,04-Oct-2023,2026-08-16,70,female,IN,Silver,36,1021.91,0
509159636,16-Jul-2023,2026-08-28,55,MALE,usa,Bronze,7,141.57,0
649059090,2025-08-10,2025-08-25,24,Male,United States,Bronze,5,152.55,1
259606031,2023-01-24,2026-07-30,63,Female,United Kingdom,Silver,-13,1109.93,No
616555361,19.12.2020,2026-08-11,27,Female,Australia,Gold,78,2619.85,No
529520494,2024-06-21,2026-04-02,,Male,United States,PLATINUM,41,4464.82,No
846117669,2025-12-30,2026-07-26,33,F,USA,Bronze,1,45.96,No
249500266,2023-05-14,2026-08-11,36,Male,India,bronze,5,152.47,No
439478079,05.07.2020,08/13/2026,55,MALE,brazil,Silver,18,1249.41,N
327701283,15.09.2019,07/03/2026,51,Female,US,Bronze,19,324.49,no
752024866,"April 28, 2023",13-Aug-2026,72,MALE,United Kingdom,Silver,19,1056.57,No
251669889,2023-06-17,06/13/2026,41,MALE,USA,Bronze,6,481.7,N
372626645,2022-02-18,"July 27, 2026",32,Male,USA,Bronze,4,375.32,N
918611012,2023-12-10,09/02/2026,40,Male,US,Silver,13,$987.43,No
301014417,09/12/2021,23-Aug-2026,36,Female,United States,Silver,43,1229.61,No
435957269,2021-01-29,26-Jan-2026,64,female,United States,Bronze,5,347.26,1
368091594,2021-12-19,2026-07-20,61,Unspecified,,Bronze,5,117.61 USD,N
632172952,09/12/2023,2026-05-23,46,female,United States,Silver,13,506.6,N
222215457,2023-07-10,2026-08-19,28,f,CA,Silver,15,873.82,NO
240968148,2023/07/12,08/30/2026,N/A,Female,United States,Silver,16,616.39,no
150600168,08-Apr-2025,2026-08-19,,Male,MX,,19,756.55,N
754353745,2025-11-01,2025-11-01,33,FEMALE,Germany,Bronze,1,83.54,Yes
673765420,2025-07-07,2026-07-16,45,Female,Australia,Bronze,10,296.84,no
557407490,2024-10-14,24-Jul-2026,78,Female,UK,SILVER,11,778.85,No
725681274,2024-08-17,06/06/2026,28,MALE,U.S.A.,Silver,13,474.48,No
900063129,11.08.2022,08/28/2026,53,f,Brasil,Gold,22,2564.53,No
280833534,2025-02-28,2026-06-01,81,Male,United States,NULL,5,426.22,No
422119799,31.05.2024,2026-08-15,34,Male,United States,silver,12,-831.15,No
195705072,2023-02-20,06/28/2026,49,Male,US,Silver,12,525.21,No
245643103,2022-09-03,2025-08-11,42,,United States,bronze,2,107.14,yes
405797695,2024-06-24,20.07.2026,37,Male,U.S.A.,Silver,14,1144.22,0
399913324,2025-11-07,2026-08-24,,female,canada,Silver,7,575.82,No
897951679,2021-05-01,08/02/2026,71,F,Can.,bronze,2,89.53,No
167742349,26.02.2024,2025-11-13,30,F,United States of America,Bronze,2,116.51,1
510457574,2023-09-28,2026-03-01,22,Female,United States,Bronze,3,174.41,Y
469418102,2022-10-06,2026-08-04,64,Female,DE,Bronze,5,446.47,0
207364306,"October 19, 2025",2026-07-31,51,Male,United States,Gold,15,2363.51,No
606052506,2022-10-02,2026-08-03,66,Male,India,Bronze,11,476.67,0
287039701,2025-10-12,,33,Female,United Kingdom,Bronze,0,0.0,Yes
476003892,07.08.2023,15-Nov-2025,38,Male,USA,silver,18,951.95,Yes
712262288,2021-11-05,,48,MALE,United Kingdom,Bronze,0,0.0,1
253205300,2022/03/27,2026-09-03,44,U,United States,SILVER,14,1604.69,0
447440406,29-Jul-2024,2026-08-18,42,Female,United States of America,  brz ,1,48.56,N
155512150,"June 25, 2026",,20,m,US,Bronze,0,0.0,Y
424788421,2022-12-09,2026-01-24,33,Male,AU,Bronze,7,238.17,Y
961873434,2023-10-26,2026-08-16,NULL,Male,United States,Bronze,-999,$306.98,No
642285808,05/26/2024,2026-07-07,18,Male,US,Bronze,1,28.63 USD,No
105461868,2024-11-06,04/14/2026,65,F,USA,SILVER,5,622.54,No
862330188,2023/10/18,,53,Female,usa,Bronze,0,0.0,Y
424110392,05/10/2025,,34,Female,United States,  Silver ,,missing,0
239854064,05-Nov-2020,2026-08-14,21,non-binary,Canada,BRONZE,20,594.49,No
951872569,04/11/2021,08/10/2026,27,Female,US,Silver,28,$749.68,N
881339084,2024-05-19,2026-08-24,47,F,United States of America,Bronze,18,360.86,N
175788936,17.07.2025,2025-12-17,,male,U.S.A.,  Bronze ,1,178.09,Yes
932525371,2024-07-25,2026/06/14,32,MALE,United States,SILVER,9,1286.1,N
384083592,2024-04-18,2026-08-12,29,Female,united states,GOLD,18,1842.73,N
841411627,2025-05-15,05/23/2026,46,Male,United Kingdom,slv,18,708.4,No
462233927,11/05/2023,2026-02-10,57,m,United Kingdom,Bronze,5,435.53 USD,yes
666716119,2021-11-15,"August 27, 2026",24,F,United States,GOLD,17,1598.17,
629040550,2025-07-23,2026-06-27,32,M,US,bronze,2,199.14,No
757464122,2025-05-25,2026/08/13,42,Other,United States,SILVER,7,1047.66,No
509981377,2024-01-17,2026-07-08,46,Unspecified,US,bronze,6,484.69,0
718159333,"September 17, 2025","August 24, 2026",,F,usa,NULL,34,2953.93,No
388171967,2025-03-22,2026-07-21,31,male,US,Bronze,5,374.93,N
857343971,29-Oct-2024,2025-08-14,28,Female,US,silver,9,543.61,Y
178440111,05.07.2024,12.02.2026,29,U,United States,bronze,4,153.92,Yes
442024706,2025/06/05,2025-06-05,23,f,canada,Bronze,,66.05,yes
732880048,12/01/2023,"November 02, 2024",58,FEMALE,canada,  Bronze ,2,86.95,Yes
198597920,,09.08.2026,51,Male,uk,Silver,37,645.31,No
682149062,2024-05-24,15.08.2026,54,,United States,Bronze,3,373.28,0
221110606,2023-03-27,06/20/2026,60,Male,brazil,Bronze,11,306.99,N
991759644,2025-12-02,02.12.2025,43,MALE,United States,bronze,1,25.09,Yes
623801159,21.12.2022,2026-08-28,89,MALE,india,silver,15,768.15,No
130344234,2022-02-02,25.08.2026,,Female,U.S.A.,Silver,10,837.66,0
914062434,21.03.2022,2026-07-25,51,Male,canada,BRONZE,11,418.54,No
879547009,2022-07-24,2026-07-17,58,m,UK,SILVER,14,766.16 USD,No
580161017,2025-05-28,2026-02-15,52,Female,US,Bronze,1,87.14,1
676700763,05.04.2024,2025-06-08,27,femail,AU,silver,11,584.96,Yes
800293056,09/26/2024,2026-07-22,73,male,United States,Silver,24,-970.29,No
457283187,2021-03-17,08/05/2026,27,MALE,U.S.A.,Bronze,5,218.39,No
282110238,07/29/2025,06/14/2026,25,male,IN,Silver,4,457.14,No
652991167,2026-01-15,2026-04-28,43,other,US,Bronze,2,,no
940325680,12/23/2023,2026-07-22,33,Female,United States of America,Bronze,2,167.82,No
334383300,2025-10-31,2026-07-20,41,f,canada,Bronze,4,221.46,No
473480452,2021-03-23,22-Aug-2026,27,m,United States,silver,46,950.39 USD,No
747141303,2024-07-18,08/04/2026,68,Male,United States of America,slv,14,992.41,N
718872464,25-Sep-2024,2026-08-12,53,Female,Australia,silver,14,817.18,no
756264449,2021-10-28,01/31/2026,30,Male,United States,Bronze,2,$131.01,Yes
120623364,03/23/2023,08/24/2026,30,female,Mexico,silver,,918.21,FALSE
371222401,2025-01-10,06/10/2025,39,M,Brazil,Bronze,1,143.86 USD,Yes
524345707,2026-03-23,03/23/2026,31,Male,US,Bronze,1,-,Yes
659356800,02/20/2021,08/04/2026,20,MALE,United States,bronze,5,217.93,No
789178931,2025-09-30,09/30/2025,76,Unspecified,US,bronze,2,123.37,Yes
996707629,2022/09/07,2026-05-11,54,female,Deutschland,Silver,15,1161.41,N
402925811,2023-01-27,,69,MALE,United States,Platinum,35,11379.61,No
894986850,05/06/2025,26.07.2026,34,Female,USA,bronze,15,341.71,0
214587105,"May 08, 2025",17-Oct-2025,47,MALE,United Kingdom,Bronze,2,75.6,Yes
620100858,2023-05-30,02.07.2026,59,FEMALE,United States,silver,26,1520.4,N
939529781,"September 12, 2025",2026-09-04,76,Female,United States,Silver,14,625.05,No
110085508,2022/10/19,09/05/2026,26,Female,Germany,Bronze,3,416.79,N
696182437,2021-11-28,2026/09/03,27,M,US,silver,22,618.53,No
612856291,2021-08-03,2026-08-01,26,Female,United States of America,bronze,6,208.23,no
672370605,2023-06-10,2026/07/19,32,other,--,silver,36,1554.01,0
136375527,2025-04-06,08/10/2026,28,Female,US,silver,23,1090.44,No
819887356,"August 09, 2023",2026-09-06,60,Male,,Silver,32,1509.8,no
860654101,08/17/2025,2026-08-14,40,F,india,Silver,7,503.41,No
897163044,03/18/2020,29.07.2026,47,m,United States,silver,27,$950.23,No
305096840,09.06.2024,06/26/2026,29,Male,United States,Silver,21,$944.83,No
999902329,"March 04, 2024",2026-07-08,29,m,USA,Gold,11,2694.6,No
738891205,09/01/2025,2026-03-01,50,Male,,Bronze,2,16.44,yes
631525833,10-May-2025,2026-07-26,22,MALE,United States,Bronze,5,137.36,No
234917542,08/05/2022,2026-08-24,57,O,United States,Bronze,8,221.19,No
149198093,2025-12-02,08-Aug-2026,21,MALE,United States,Silver,5,571.64,N
446081925,2024/11/06,06/01/2026,42,MALE,United States,SILVER,22,1234.29,No
688896143,19-Nov-2025,2025-11-19,48,Female,Australia,Bronze,4,324.98,Yes
174994847,04/19/2025,2026-02-15,50,Female,US,BRONZE,1,68.47,Y
115609058,2022/12/11,2026-06-07,25,Male,United States,gold,49,3506.99,No
960964721,2022-10-20,2026-07-01,37,Female,canada,Bronze,5,218.97,0
349028188,2023/10/01,,41,Male,Germany,Bronze,0,0.0,1
619549586,02/17/2023,27-Jun-2026,52,unspecified,Australia,Silver,26,737.18,FALSE
625790843,2022-02-10,2026-07-30,49,F,Mexico,Silver,27,-713.8,no
177337732,12-Nov-2024,2026-06-12,26,Female,US,Silver,12,776.78,No
400188392,13.06.2022,2026-08-26,54,Male,USA,Bronze,9,358.89 USD,N
218273212,2022-06-14,2026-07-20,35,,Canada,SILVER,12,844.25,NO
952229028,11/27/2024,07/22/2026,31,F,united states,Bronze,10,527.51,
617472891,2022-01-02,29.07.2026,31,Male,U.S.A.,Silver,55,1262.84,No
456616531,12/25/2024,05/11/2026,29,Male,Canada,Bronze,8,508.76,0
138085264,2025-01-18,06/14/2026,43,Female,CANADA,Bronze,8,327.86,0
180153771,29-Jun-2025,,21,Male,Canada,Bronze,0,0.0,Yes
251505417,08/25/2026,,63,Male,United States,brz,0,0.0,1
250402106,25-Sep-2021,2026-09-01,63,Female,Canada,silver,22,-1666.73,No
753040102,2025-09-13,2026-09-01,42,Male,US,bronze,5,$251.77,No
393556333,04/13/2024,23-Jun-2026,45,male,United States,bronze,9,323.98,NO
967499110,2021-03-21,08/10/2026,33,F,USA,Bronze,23,NULL,No
572569357,2022-09-13,2026-08-01,27,femail,United Kingdom,Silver,20,666.89,No
922112586,2023-08-31,11.06.2026,50,Female,United States,Gold,27,2359.01,FALSE
439446294,02.05.2024,05/29/2026,43,F,United Kingdom,Bronze,11,364.53,FALSE
372659357,2022-12-11,08/17/2026,43,Male,U.S.A.,Silver,13,564.29,No
860211173,2025-10-26,03/01/2026,45,male,United Kingdom,Bronze,3,272.33,Yes
922071962,2022-05-01,2026-08-12,85,Male,Australia,gold,83,2786.61,No
882022070,,04.09.2026,39,Male ,United States,Bronze,10,297.08,No
585096351,2024-05-13,"August 10, 2026",41,Male,US,Bronze,5,111.91,N
900161127,2021-06-08,28-Aug-2026,18,Male,Canada,Gold,31,2956.99,FALSE
305450875,2026-02-13,01.03.2026,38,Female,CANADA,brz,1,47.8,Yes
688223715,2020-06-20,2026/08/13,43,unspecified,United States of America,Bronze,4,19.85,N
916059477,"December 17, 2020",2026/07/11,77,female,Canada,Silver,32,,FALSE
977415404,2026-05-31,,36,Male,Mexico,Bronze,0,0.0,Yes
252685086,2023-10-11,2026-07-21,47,f,United States,Gold,51,"$4,873.83",No
732371352,2023-04-21,2026/07/29,24,F,canada,Bronze,2,104.13,N
518117958,2025-06-12,08/29/2026,34,Male,United States,Bronze,4,268.83,N
991239919,2021-06-10,08/24/2026,44,M,Germany,slv,11,813.7,No
620877927,11/14/2019,2026-08-04,54,FEMALE,U.K.,GLD,62,4035.17,0
848143054,2022-01-17,2026-08-14,45,Male,CANADA,Silver,17,1303.17,No
231176735,2024-04-20,2026-08-24,34,Female,Canada,Bronze,6,105.32,No
462736508,01/15/2026,,53,Female,USA,Bronze,0,0.00 USD,YES
851743798,2022-11-03,08/27/2026,51,MALE,India,gold,16,2093.26,N
121202329,2023/06/03,2025-02-02,36,,United States,bronze,1,74.33,Yes
678350293,07/06/2021,2026-08-08,31,Female,USA,Gold,48,2777.34,No
684569650,02/12/2022,2026-06-29,36,Female,USA,Platinum,35,3828.64,No
407953399,"June 02, 2022",2026-08-06,,Female,United States of America,SILVER,26,1037.42,No
915945066,"May 12, 2025",2026-05-05,62,F,US,Bronze,5,165.88,No
774313197,2024-07-05,2024-07-05,64,F,United States,bronze,2,$46.57,Yes
593627821,11/16/2022,2026-03-01,27,male,,Bronze,3,252.53,1
203035398,2020-08-31,2026-08-02,31,Male,USA,GOLD,32,,No
302513557,2020/10/07,07/21/2026,25,Unspecified,United Kingdom,Silver,8,699.3,NO
223241686,13.07.2022,2026-07-15,50,Female,usa,SILVER,37,1191.59,No
850870700,2021-02-10,2026/03/01,51,Female,United States,bronze,6,332.79,Y
500307887,2026-04-27,,27,Male,N/A,bronze,0,0.0,yes
376551478,06/18/2022,2025-03-01,56,F,Germany,bronze,3,293.85,Yes
409343694,2023-04-19,2026-08-10,78,Male,United States,Silver,21,1394.71,no
611068501,2024-08-08,2026-06-07,41,Female,usa,Silver,20,978.09,No
908114050,2024-06-06,08/20/2026,51,female,United States of America,Bronze,1,119.05,No
423309614,2020-11-29,08/22/2026,30,female,Canada,Silver,18,,No
176306888,"November 28, 2023",03/01/2026,56,Male,US,Bronze,18,515.19,Y
120394927,2025/01/20,2026-09-04,35,Female,US,Bronze,5,209.56,N
872435781,2022-05-06,03-Aug-2026,63,Male,Mexico,Gold,57,3492.67,No
945148737,2024/01/14,2026-08-29,61,Male,United Kingdom,Silver,26,1176.7,No
219712979,2025-09-25,05/17/2026,25,Male,United States,Silver,10,1031.63,No
411669008,2025/05/08,08/27/2026,42,MALE,Germany,Bronze,9,missing,No
102880515,12/02/2024,"June 14, 2026",34,Female,USA,slv,11,1792.61,No
222068069,2022-04-06,2026-08-08,59,Female,United States,Bronze,16,453.95 USD,FALSE
702861287,"November 25, 2023",2025-05-22,26,Unspecified,United States,silver,11,448.92,Yes
645309193,2025-01-11,2025-07-07,66,Other,unknown,Bronze,1,46.82,yes
935091123,2023-05-02,2026-09-01,36,female,United States,Silver,32,1703.27,No
891648730,2025/05/21,2026-08-26,28,male,USA,Silver,6,709.44,N
667937587,2025-03-02,17-Jul-2026,45,Male ,Brazil,Bronze,7,166.07,No
377143441,2023/03/01,08/02/2026,29,Female,India,SILVER,15,1020.89,N
833740806,2025-02-09,"August 25, 2026",54,female,india,Bronze,11,644.54,No
609926422,01/07/2025,08/17/2026,50,Male,united states,silver,10,727.37,0
541743933,2025-11-20,,27,Female,UK,Bronze,0,0.0,Yes
186515808,11/23/2020,08/01/2026,54,Male,US,Silver,13,775.59,
438382475,2024/08/21,2026-05-27,59, Female,canada,Bronze,11,642.76,no
804062000,"May 05, 2023",30-Jul-2026,55,FEMALE,US,slv,5,,N
771532260,2023-07-01,05/09/2026,56,F,India,Silver,6,564.92,No
481435777,21-Jan-2023,06/21/2026,51,Male,United States,slv,21,1080.53,FALSE
983186879,2026-02-11,02/11/2026,29,Male,United States of America,Bronze,5,252.24,Yes
266671831,2021-05-03,2026-06-20,27,Female,U.S.A.,silver,22,1416.65,0
170450384,2021-06-22,07/27/2026,65,Male,Brazil,Bronze,10,378.05,No
362216665,03/05/2022,08/08/2026,81,female,Mexico,Silver,23,1341.84,N
270541226,09/15/2023,2026-07-16,37,female,Canada,SILVER,27,797.72,No
411310175,04/30/2022,,,male,United States of America,Bronze,0,0.0,Yes
133436294,2023-11-23,2026-03-28,33,Male,AU,brz,1,27.42,No
229337958,2023-07-29,"June 24, 2026",,Female,Australia,Silver,31,476.4,No
105950046,10/16/2024,2025-01-28,56,Male,United States,BRONZE,,415.93,Yes
303528981,02/24/2025,01-Jun-2026,31,M,united states,Silver,19,1488.45,No
623231031,2020-03-03,2026-09-01,83,M,BR,Bronze,12,482.88,No
183755748,2022-06-18,2026-07-08,46,f,England,silver,20,$994.99,No
777737514,2024/02/05,2026-07-28,44,female,United Kingdom,  Bronze ,2,108.49,no
326265781,09-Aug-2022,18.07.2026,31,Unspecified,United Kingdom,SILVER,21,1001.43,No
919563858,03/01/2026,2026-06-14,52,Female,United Kingdom,SILVER,22,1018.01,No
914975094,2024/10/28,2025-04-02,45,Female,AUS,Bronze,5,96.96,Y
474971363,01/19/2026,2026-08-28,47,f,USA,Silver,11,814.37,No
841789165,06/18/2023,07/08/2026,46,M,U.S.A.,Silver,10,1241.4,No
